<?xml version="1.0" encoding="UTF-8"?>
<gpx creator="StravaGPX" version="1.1" xmlns="http://www.topografix.com/GPX/1/1" xmlns:xsi="http://www.w3.org/2001/XMLSchema-instance" xsi:schemaLocation="http://www.topografix.com/GPX/1/1 http://www.topografix.com/GPX/1/1/gpx.xsd http://www.garmin.com/xmlschemas/GpxExtensions/v3 http://www.garmin.com/xmlschemas/GpxExtensionsv3.xsd http://www.garmin.com/xmlschemas/TrackPointExtension/v1 http://www.garmin.com/xmlschemas/TrackPointExtensionv1.xsd" xmlns:gpxtpx="http://www.garmin.com/xmlschemas/TrackPointExtension/v1" xmlns:gpxx="http://www.garmin.com/xmlschemas/GpxExtensions/v3">
 <metadata>
  <time>2025-10-25T00:39:06Z</time>
 </metadata>
 <trk>
  <name>10 KM Kathmandu Marathon</name>
  <type>running</type>
  <trkseg>
   <trkpt lat="27.6939550" lon="85.3143820">
    <ele>1290.4</ele>
    <time>2025-10-25T00:39:06Z</time>
    <extensions>
     <gpxtpx:TrackPointExtension>
      <gpxtpx:hr>165</gpxtpx:hr>
     </gpxtpx:TrackPointExtension>
    </extensions>
   </trkpt>
   <trkpt lat="27.6939490" lon="85.3143870">
    <ele>1290.2</ele>
    <time>2025-10-25T00:39:07Z</time>
    <extensions>
     <gpxtpx:TrackPointExtension>
      <gpxtpx:hr>165</gpxtpx:hr>
     </gpxtpx:TrackPointExtension>
    </extensions>
   </trkpt>
   <trkpt lat="27.6939410" lon="85.3143950">
    <ele>1289.8</ele>
    <time>2025-10-25T00:39:08Z</time>
    <extensions>
     <gpxtpx:TrackPointExtension>
      <gpxtpx:hr>165</gpxtpx:hr>
     </gpxtpx:TrackPointExtension>
    </extensions>
   </trkpt>
   <trkpt lat="27.6939320" lon="85.3144030">
    <ele>1289.6</ele>
    <time>2025-10-25T00:39:09Z</time>
    <extensions>
     <gpxtpx:TrackPointExtension>
      <gpxtpx:hr>165</gpxtpx:hr>
     </gpxtpx:TrackPointExtension>
    </extensions>
   </trkpt>
   <trkpt lat="27.6939170" lon="85.3144100">
    <ele>1289.4</ele>
    <time>2025-10-25T00:39:10Z</time>
    <extensions>
     <gpxtpx:TrackPointExtension>
      <gpxtpx:hr>165</gpxtpx:hr>
     </gpxtpx:TrackPointExtension>
    </extensions>
   </trkpt>
   <trkpt lat="27.6938980" lon="85.3144150">
    <ele>1289.2</ele>
    <time>2025-10-25T00:39:11Z</time>
    <extensions>
     <gpxtpx:TrackPointExtension>
      <gpxtpx:hr>165</gpxtpx:hr>
     </gpxtpx:TrackPointExtension>
    </extensions>
   </trkpt>
   <trkpt lat="27.6938740" lon="85.3144190">
    <ele>1289.0</ele>
    <time>2025-10-25T00:39:12Z</time>
    <extensions>
     <gpxtpx:TrackPointExtension>
      <gpxtpx:hr>165</gpxtpx:hr>
     </gpxtpx:TrackPointExtension>
    </extensions>
   </trkpt>
   <trkpt lat="27.6938480" lon="85.3144210">
    <ele>1288.8</ele>
    <time>2025-10-25T00:39:13Z</time>
    <extensions>
     <gpxtpx:TrackPointExtension>
      <gpxtpx:hr>165</gpxtpx:hr>
     </gpxtpx:TrackPointExtension>
    </extensions>
   </trkpt>
   <trkpt lat="27.6938220" lon="85.3144210">
    <ele>1288.8</ele>
    <time>2025-10-25T00:39:14Z</time>
    <extensions>
     <gpxtpx:TrackPointExtension>
      <gpxtpx:hr>165</gpxtpx:hr>
     </gpxtpx:TrackPointExtension>
    </extensions>
   </trkpt>
   <trkpt lat="27.6937970" lon="85.3144210">
    <ele>1288.6</ele>
    <time>2025-10-25T00:39:15Z</time>
    <extensions>
     <gpxtpx:TrackPointExtension>
      <gpxtpx:hr>165</gpxtpx:hr>
     </gpxtpx:TrackPointExtension>
    </extensions>
   </trkpt>
   <trkpt lat="27.6937720" lon="85.3144220">
    <ele>1288.6</ele>
    <time>2025-10-25T00:39:16Z</time>
    <extensions>
     <gpxtpx:TrackPointExtension>
      <gpxtpx:hr>165</gpxtpx:hr>
     </gpxtpx:TrackPointExtension>
    </extensions>
   </trkpt>
   <trkpt lat="27.6937480" lon="85.3144240">
    <ele>1288.6</ele>
    <time>2025-10-25T00:39:17Z</time>
    <extensions>
     <gpxtpx:TrackPointExtension>
      <gpxtpx:hr>165</gpxtpx:hr>
     </gpxtpx:TrackPointExtension>
    </extensions>
   </trkpt>
   <trkpt lat="27.6937220" lon="85.3144250">
    <ele>1288.6</ele>
    <time>2025-10-25T00:39:18Z</time>
    <extensions>
     <gpxtpx:TrackPointExtension>
      <gpxtpx:hr>165</gpxtpx:hr>
     </gpxtpx:TrackPointExtension>
    </extensions>
   </trkpt>
   <trkpt lat="27.6936960" lon="85.3144250">
    <ele>1288.6</ele>
    <time>2025-10-25T00:39:19Z</time>
    <extensions>
     <gpxtpx:TrackPointExtension>
      <gpxtpx:hr>165</gpxtpx:hr>
     </gpxtpx:TrackPointExtension>
    </extensions>
   </trkpt>
   <trkpt lat="27.6936710" lon="85.3144250">
    <ele>1288.6</ele>
    <time>2025-10-25T00:39:20Z</time>
    <extensions>
     <gpxtpx:TrackPointExtension>
      <gpxtpx:hr>165</gpxtpx:hr>
     </gpxtpx:TrackPointExtension>
    </extensions>
   </trkpt>
   <trkpt lat="27.6936460" lon="85.3144280">
    <ele>1288.6</ele>
    <time>2025-10-25T00:39:21Z</time>
    <extensions>
     <gpxtpx:TrackPointExtension>
      <gpxtpx:hr>165</gpxtpx:hr>
     </gpxtpx:TrackPointExtension>
    </extensions>
   </trkpt>
   <trkpt lat="27.6936220" lon="85.3144330">
    <ele>1288.6</ele>
    <time>2025-10-25T00:39:22Z</time>
    <extensions>
     <gpxtpx:TrackPointExtension>
      <gpxtpx:hr>165</gpxtpx:hr>
     </gpxtpx:TrackPointExtension>
    </extensions>
   </trkpt>
   <trkpt lat="27.6935990" lon="85.3144420">
    <ele>1288.6</ele>
    <time>2025-10-25T00:39:23Z</time>
    <extensions>
     <gpxtpx:TrackPointExtension>
      <gpxtpx:hr>165</gpxtpx:hr>
     </gpxtpx:TrackPointExtension>
    </extensions>
   </trkpt>
   <trkpt lat="27.6935780" lon="85.3144540">
    <ele>1288.6</ele>
    <time>2025-10-25T00:39:24Z</time>
    <extensions>
     <gpxtpx:TrackPointExtension>
      <gpxtpx:hr>165</gpxtpx:hr>
     </gpxtpx:TrackPointExtension>
    </extensions>
   </trkpt>
   <trkpt lat="27.6935580" lon="85.3144680">
    <ele>1288.6</ele>
    <time>2025-10-25T00:39:25Z</time>
    <extensions>
     <gpxtpx:TrackPointExtension>
      <gpxtpx:hr>165</gpxtpx:hr>
     </gpxtpx:TrackPointExtension>
    </extensions>
   </trkpt>
   <trkpt lat="27.6935390" lon="85.3144850">
    <ele>1288.6</ele>
    <time>2025-10-25T00:39:26Z</time>
    <extensions>
     <gpxtpx:TrackPointExtension>
      <gpxtpx:hr>165</gpxtpx:hr>
     </gpxtpx:TrackPointExtension>
    </extensions>
   </trkpt>
   <trkpt lat="27.6935190" lon="85.3145030">
    <ele>1288.6</ele>
    <time>2025-10-25T00:39:27Z</time>
    <extensions>
     <gpxtpx:TrackPointExtension>
      <gpxtpx:hr>165</gpxtpx:hr>
     </gpxtpx:TrackPointExtension>
    </extensions>
   </trkpt>
   <trkpt lat="27.6935000" lon="85.3145230">
    <ele>1288.6</ele>
    <time>2025-10-25T00:39:28Z</time>
    <extensions>
     <gpxtpx:TrackPointExtension>
      <gpxtpx:hr>165</gpxtpx:hr>
     </gpxtpx:TrackPointExtension>
    </extensions>
   </trkpt>
   <trkpt lat="27.6934800" lon="85.3145440">
    <ele>1288.6</ele>
    <time>2025-10-25T00:39:29Z</time>
    <extensions>
     <gpxtpx:TrackPointExtension>
      <gpxtpx:hr>165</gpxtpx:hr>
     </gpxtpx:TrackPointExtension>
    </extensions>
   </trkpt>
   <trkpt lat="27.6934600" lon="85.3145650">
    <ele>1288.6</ele>
    <time>2025-10-25T00:39:30Z</time>
    <extensions>
     <gpxtpx:TrackPointExtension>
      <gpxtpx:hr>165</gpxtpx:hr>
     </gpxtpx:TrackPointExtension>
    </extensions>
   </trkpt>
   <trkpt lat="27.6934400" lon="85.3145870">
    <ele>1288.4</ele>
    <time>2025-10-25T00:39:31Z</time>
    <extensions>
     <gpxtpx:TrackPointExtension>
      <gpxtpx:hr>165</gpxtpx:hr>
     </gpxtpx:TrackPointExtension>
    </extensions>
   </trkpt>
   <trkpt lat="27.6934200" lon="85.3146080">
    <ele>1288.4</ele>
    <time>2025-10-25T00:39:32Z</time>
    <extensions>
     <gpxtpx:TrackPointExtension>
      <gpxtpx:hr>165</gpxtpx:hr>
     </gpxtpx:TrackPointExtension>
    </extensions>
   </trkpt>
   <trkpt lat="27.6934000" lon="85.3146290">
    <ele>1288.4</ele>
    <time>2025-10-25T00:39:33Z</time>
    <extensions>
     <gpxtpx:TrackPointExtension>
      <gpxtpx:hr>165</gpxtpx:hr>
     </gpxtpx:TrackPointExtension>
    </extensions>
   </trkpt>
   <trkpt lat="27.6933790" lon="85.3146490">
    <ele>1288.4</ele>
    <time>2025-10-25T00:39:34Z</time>
    <extensions>
     <gpxtpx:TrackPointExtension>
      <gpxtpx:hr>165</gpxtpx:hr>
     </gpxtpx:TrackPointExtension>
    </extensions>
   </trkpt>
   <trkpt lat="27.6933590" lon="85.3146690">
    <ele>1288.4</ele>
    <time>2025-10-25T00:39:35Z</time>
    <extensions>
     <gpxtpx:TrackPointExtension>
      <gpxtpx:hr>165</gpxtpx:hr>
     </gpxtpx:TrackPointExtension>
    </extensions>
   </trkpt>
   <trkpt lat="27.6933400" lon="85.3146890">
    <ele>1288.4</ele>
    <time>2025-10-25T00:39:36Z</time>
    <extensions>
     <gpxtpx:TrackPointExtension>
      <gpxtpx:hr>165</gpxtpx:hr>
     </gpxtpx:TrackPointExtension>
    </extensions>
   </trkpt>
   <trkpt lat="27.6933210" lon="85.3147090">
    <ele>1288.4</ele>
    <time>2025-10-25T00:39:37Z</time>
    <extensions>
     <gpxtpx:TrackPointExtension>
      <gpxtpx:hr>165</gpxtpx:hr>
     </gpxtpx:TrackPointExtension>
    </extensions>
   </trkpt>
   <trkpt lat="27.6933010" lon="85.3147280">
    <ele>1288.4</ele>
    <time>2025-10-25T00:39:38Z</time>
    <extensions>
     <gpxtpx:TrackPointExtension>
      <gpxtpx:hr>165</gpxtpx:hr>
     </gpxtpx:TrackPointExtension>
    </extensions>
   </trkpt>
   <trkpt lat="27.6932820" lon="85.3147470">
    <ele>1288.4</ele>
    <time>2025-10-25T00:39:39Z</time>
    <extensions>
     <gpxtpx:TrackPointExtension>
      <gpxtpx:hr>165</gpxtpx:hr>
     </gpxtpx:TrackPointExtension>
    </extensions>
   </trkpt>
   <trkpt lat="27.6932640" lon="85.3147660">
    <ele>1288.4</ele>
    <time>2025-10-25T00:39:40Z</time>
    <extensions>
     <gpxtpx:TrackPointExtension>
      <gpxtpx:hr>165</gpxtpx:hr>
     </gpxtpx:TrackPointExtension>
    </extensions>
   </trkpt>
   <trkpt lat="27.6932450" lon="85.3147840">
    <ele>1288.4</ele>
    <time>2025-10-25T00:39:41Z</time>
    <extensions>
     <gpxtpx:TrackPointExtension>
      <gpxtpx:hr>165</gpxtpx:hr>
     </gpxtpx:TrackPointExtension>
    </extensions>
   </trkpt>
   <trkpt lat="27.6932260" lon="85.3148030">
    <ele>1288.4</ele>
    <time>2025-10-25T00:39:42Z</time>
    <extensions>
     <gpxtpx:TrackPointExtension>
      <gpxtpx:hr>165</gpxtpx:hr>
     </gpxtpx:TrackPointExtension>
    </extensions>
   </trkpt>
   <trkpt lat="27.6932070" lon="85.3148210">
    <ele>1288.4</ele>
    <time>2025-10-25T00:39:43Z</time>
    <extensions>
     <gpxtpx:TrackPointExtension>
      <gpxtpx:hr>165</gpxtpx:hr>
     </gpxtpx:TrackPointExtension>
    </extensions>
   </trkpt>
   <trkpt lat="27.6931880" lon="85.3148400">
    <ele>1288.4</ele>
    <time>2025-10-25T00:39:44Z</time>
    <extensions>
     <gpxtpx:TrackPointExtension>
      <gpxtpx:hr>165</gpxtpx:hr>
     </gpxtpx:TrackPointExtension>
    </extensions>
   </trkpt>
   <trkpt lat="27.6931680" lon="85.3148590">
    <ele>1288.2</ele>
    <time>2025-10-25T00:39:45Z</time>
    <extensions>
     <gpxtpx:TrackPointExtension>
      <gpxtpx:hr>165</gpxtpx:hr>
     </gpxtpx:TrackPointExtension>
    </extensions>
   </trkpt>
   <trkpt lat="27.6931480" lon="85.3148770">
    <ele>1288.2</ele>
    <time>2025-10-25T00:39:46Z</time>
    <extensions>
     <gpxtpx:TrackPointExtension>
      <gpxtpx:hr>165</gpxtpx:hr>
     </gpxtpx:TrackPointExtension>
    </extensions>
   </trkpt>
   <trkpt lat="27.6931290" lon="85.3148950">
    <ele>1288.2</ele>
    <time>2025-10-25T00:39:47Z</time>
    <extensions>
     <gpxtpx:TrackPointExtension>
      <gpxtpx:hr>165</gpxtpx:hr>
     </gpxtpx:TrackPointExtension>
    </extensions>
   </trkpt>
   <trkpt lat="27.6931090" lon="85.3149120">
    <ele>1288.2</ele>
    <time>2025-10-25T00:39:48Z</time>
    <extensions>
     <gpxtpx:TrackPointExtension>
      <gpxtpx:hr>165</gpxtpx:hr>
     </gpxtpx:TrackPointExtension>
    </extensions>
   </trkpt>
   <trkpt lat="27.6930890" lon="85.3149290">
    <ele>1288.2</ele>
    <time>2025-10-25T00:39:49Z</time>
    <extensions>
     <gpxtpx:TrackPointExtension>
      <gpxtpx:hr>165</gpxtpx:hr>
     </gpxtpx:TrackPointExtension>
    </extensions>
   </trkpt>
   <trkpt lat="27.6930690" lon="85.3149480">
    <ele>1288.2</ele>
    <time>2025-10-25T00:39:50Z</time>
    <extensions>
     <gpxtpx:TrackPointExtension>
      <gpxtpx:hr>165</gpxtpx:hr>
     </gpxtpx:TrackPointExtension>
    </extensions>
   </trkpt>
   <trkpt lat="27.6930480" lon="85.3149670">
    <ele>1288.2</ele>
    <time>2025-10-25T00:39:51Z</time>
    <extensions>
     <gpxtpx:TrackPointExtension>
      <gpxtpx:hr>165</gpxtpx:hr>
     </gpxtpx:TrackPointExtension>
    </extensions>
   </trkpt>
   <trkpt lat="27.6930280" lon="85.3149870">
    <ele>1288.2</ele>
    <time>2025-10-25T00:39:52Z</time>
    <extensions>
     <gpxtpx:TrackPointExtension>
      <gpxtpx:hr>165</gpxtpx:hr>
     </gpxtpx:TrackPointExtension>
    </extensions>
   </trkpt>
   <trkpt lat="27.6930090" lon="85.3150070">
    <ele>1288.2</ele>
    <time>2025-10-25T00:39:53Z</time>
    <extensions>
     <gpxtpx:TrackPointExtension>
      <gpxtpx:hr>165</gpxtpx:hr>
     </gpxtpx:TrackPointExtension>
    </extensions>
   </trkpt>
   <trkpt lat="27.6929890" lon="85.3150270">
    <ele>1288.2</ele>
    <time>2025-10-25T00:39:54Z</time>
    <extensions>
     <gpxtpx:TrackPointExtension>
      <gpxtpx:hr>165</gpxtpx:hr>
     </gpxtpx:TrackPointExtension>
    </extensions>
   </trkpt>
   <trkpt lat="27.6929710" lon="85.3150470">
    <ele>1288.2</ele>
    <time>2025-10-25T00:39:55Z</time>
    <extensions>
     <gpxtpx:TrackPointExtension>
      <gpxtpx:hr>165</gpxtpx:hr>
     </gpxtpx:TrackPointExtension>
    </extensions>
   </trkpt>
   <trkpt lat="27.6929520" lon="85.3150670">
    <ele>1288.2</ele>
    <time>2025-10-25T00:39:56Z</time>
    <extensions>
     <gpxtpx:TrackPointExtension>
      <gpxtpx:hr>165</gpxtpx:hr>
     </gpxtpx:TrackPointExtension>
    </extensions>
   </trkpt>
   <trkpt lat="27.6929340" lon="85.3150880">
    <ele>1288.2</ele>
    <time>2025-10-25T00:39:57Z</time>
    <extensions>
     <gpxtpx:TrackPointExtension>
      <gpxtpx:hr>165</gpxtpx:hr>
     </gpxtpx:TrackPointExtension>
    </extensions>
   </trkpt>
   <trkpt lat="27.6929150" lon="85.3151080">
    <ele>1288.2</ele>
    <time>2025-10-25T00:39:58Z</time>
    <extensions>
     <gpxtpx:TrackPointExtension>
      <gpxtpx:hr>165</gpxtpx:hr>
     </gpxtpx:TrackPointExtension>
    </extensions>
   </trkpt>
   <trkpt lat="27.6928960" lon="85.3151280">
    <ele>1288.2</ele>
    <time>2025-10-25T00:39:59Z</time>
    <extensions>
     <gpxtpx:TrackPointExtension>
      <gpxtpx:hr>165</gpxtpx:hr>
     </gpxtpx:TrackPointExtension>
    </extensions>
   </trkpt>
   <trkpt lat="27.6928770" lon="85.3151480">
    <ele>1288.2</ele>
    <time>2025-10-25T00:40:00Z</time>
    <extensions>
     <gpxtpx:TrackPointExtension>
      <gpxtpx:hr>165</gpxtpx:hr>
     </gpxtpx:TrackPointExtension>
    </extensions>
   </trkpt>
   <trkpt lat="27.6928570" lon="85.3151690">
    <ele>1288.2</ele>
    <time>2025-10-25T00:40:01Z</time>
    <extensions>
     <gpxtpx:TrackPointExtension>
      <gpxtpx:hr>165</gpxtpx:hr>
     </gpxtpx:TrackPointExtension>
    </extensions>
   </trkpt>
   <trkpt lat="27.6928380" lon="85.3151890">
    <ele>1288.2</ele>
    <time>2025-10-25T00:40:02Z</time>
    <extensions>
     <gpxtpx:TrackPointExtension>
      <gpxtpx:hr>165</gpxtpx:hr>
     </gpxtpx:TrackPointExtension>
    </extensions>
   </trkpt>
   <trkpt lat="27.6928190" lon="85.3152080">
    <ele>1288.2</ele>
    <time>2025-10-25T00:40:03Z</time>
    <extensions>
     <gpxtpx:TrackPointExtension>
      <gpxtpx:hr>165</gpxtpx:hr>
     </gpxtpx:TrackPointExtension>
    </extensions>
   </trkpt>
   <trkpt lat="27.6927990" lon="85.3152280">
    <ele>1288.2</ele>
    <time>2025-10-25T00:40:04Z</time>
    <extensions>
     <gpxtpx:TrackPointExtension>
      <gpxtpx:hr>165</gpxtpx:hr>
     </gpxtpx:TrackPointExtension>
    </extensions>
   </trkpt>
   <trkpt lat="27.6927800" lon="85.3152470">
    <ele>1288.0</ele>
    <time>2025-10-25T00:40:05Z</time>
    <extensions>
     <gpxtpx:TrackPointExtension>
      <gpxtpx:hr>165</gpxtpx:hr>
     </gpxtpx:TrackPointExtension>
    </extensions>
   </trkpt>
   <trkpt lat="27.6927610" lon="85.3152660">
    <ele>1288.0</ele>
    <time>2025-10-25T00:40:06Z</time>
    <extensions>
     <gpxtpx:TrackPointExtension>
      <gpxtpx:hr>165</gpxtpx:hr>
     </gpxtpx:TrackPointExtension>
    </extensions>
   </trkpt>
   <trkpt lat="27.6927410" lon="85.3152850">
    <ele>1288.0</ele>
    <time>2025-10-25T00:40:07Z</time>
    <extensions>
     <gpxtpx:TrackPointExtension>
      <gpxtpx:hr>165</gpxtpx:hr>
     </gpxtpx:TrackPointExtension>
    </extensions>
   </trkpt>
   <trkpt lat="27.6927220" lon="85.3153050">
    <ele>1288.0</ele>
    <time>2025-10-25T00:40:08Z</time>
    <extensions>
     <gpxtpx:TrackPointExtension>
      <gpxtpx:hr>165</gpxtpx:hr>
     </gpxtpx:TrackPointExtension>
    </extensions>
   </trkpt>
   <trkpt lat="27.6927040" lon="85.3153240">
    <ele>1288.0</ele>
    <time>2025-10-25T00:40:09Z</time>
    <extensions>
     <gpxtpx:TrackPointExtension>
      <gpxtpx:hr>165</gpxtpx:hr>
     </gpxtpx:TrackPointExtension>
    </extensions>
   </trkpt>
   <trkpt lat="27.6926860" lon="85.3153430">
    <ele>1288.0</ele>
    <time>2025-10-25T00:40:10Z</time>
    <extensions>
     <gpxtpx:TrackPointExtension>
      <gpxtpx:hr>165</gpxtpx:hr>
     </gpxtpx:TrackPointExtension>
    </extensions>
   </trkpt>
   <trkpt lat="27.6926670" lon="85.3153630">
    <ele>1288.0</ele>
    <time>2025-10-25T00:40:11Z</time>
    <extensions>
     <gpxtpx:TrackPointExtension>
      <gpxtpx:hr>165</gpxtpx:hr>
     </gpxtpx:TrackPointExtension>
    </extensions>
   </trkpt>
   <trkpt lat="27.6926490" lon="85.3153820">
    <ele>1288.0</ele>
    <time>2025-10-25T00:40:12Z</time>
    <extensions>
     <gpxtpx:TrackPointExtension>
      <gpxtpx:hr>165</gpxtpx:hr>
     </gpxtpx:TrackPointExtension>
    </extensions>
   </trkpt>
   <trkpt lat="27.6926310" lon="85.3154010">
    <ele>1288.0</ele>
    <time>2025-10-25T00:40:13Z</time>
    <extensions>
     <gpxtpx:TrackPointExtension>
      <gpxtpx:hr>165</gpxtpx:hr>
     </gpxtpx:TrackPointExtension>
    </extensions>
   </trkpt>
   <trkpt lat="27.6926130" lon="85.3154210">
    <ele>1288.0</ele>
    <time>2025-10-25T00:40:14Z</time>
    <extensions>
     <gpxtpx:TrackPointExtension>
      <gpxtpx:hr>165</gpxtpx:hr>
     </gpxtpx:TrackPointExtension>
    </extensions>
   </trkpt>
   <trkpt lat="27.6925960" lon="85.3154400">
    <ele>1288.0</ele>
    <time>2025-10-25T00:40:15Z</time>
    <extensions>
     <gpxtpx:TrackPointExtension>
      <gpxtpx:hr>165</gpxtpx:hr>
     </gpxtpx:TrackPointExtension>
    </extensions>
   </trkpt>
   <trkpt lat="27.6925780" lon="85.3154580">
    <ele>1287.8</ele>
    <time>2025-10-25T00:40:16Z</time>
    <extensions>
     <gpxtpx:TrackPointExtension>
      <gpxtpx:hr>165</gpxtpx:hr>
     </gpxtpx:TrackPointExtension>
    </extensions>
   </trkpt>
   <trkpt lat="27.6925610" lon="85.3154760">
    <ele>1287.8</ele>
    <time>2025-10-25T00:40:17Z</time>
    <extensions>
     <gpxtpx:TrackPointExtension>
      <gpxtpx:hr>165</gpxtpx:hr>
     </gpxtpx:TrackPointExtension>
    </extensions>
   </trkpt>
   <trkpt lat="27.6925430" lon="85.3154930">
    <ele>1287.8</ele>
    <time>2025-10-25T00:40:18Z</time>
    <extensions>
     <gpxtpx:TrackPointExtension>
      <gpxtpx:hr>165</gpxtpx:hr>
     </gpxtpx:TrackPointExtension>
    </extensions>
   </trkpt>
   <trkpt lat="27.6925240" lon="85.3155100">
    <ele>1287.8</ele>
    <time>2025-10-25T00:40:19Z</time>
    <extensions>
     <gpxtpx:TrackPointExtension>
      <gpxtpx:hr>165</gpxtpx:hr>
     </gpxtpx:TrackPointExtension>
    </extensions>
   </trkpt>
   <trkpt lat="27.6925050" lon="85.3155280">
    <ele>1287.8</ele>
    <time>2025-10-25T00:40:20Z</time>
    <extensions>
     <gpxtpx:TrackPointExtension>
      <gpxtpx:hr>165</gpxtpx:hr>
     </gpxtpx:TrackPointExtension>
    </extensions>
   </trkpt>
   <trkpt lat="27.6924850" lon="85.3155450">
    <ele>1287.8</ele>
    <time>2025-10-25T00:40:21Z</time>
    <extensions>
     <gpxtpx:TrackPointExtension>
      <gpxtpx:hr>165</gpxtpx:hr>
     </gpxtpx:TrackPointExtension>
    </extensions>
   </trkpt>
   <trkpt lat="27.6924660" lon="85.3155620">
    <ele>1287.6</ele>
    <time>2025-10-25T00:40:22Z</time>
    <extensions>
     <gpxtpx:TrackPointExtension>
      <gpxtpx:hr>165</gpxtpx:hr>
     </gpxtpx:TrackPointExtension>
    </extensions>
   </trkpt>
   <trkpt lat="27.6924470" lon="85.3155790">
    <ele>1287.6</ele>
    <time>2025-10-25T00:40:23Z</time>
    <extensions>
     <gpxtpx:TrackPointExtension>
      <gpxtpx:hr>165</gpxtpx:hr>
     </gpxtpx:TrackPointExtension>
    </extensions>
   </trkpt>
   <trkpt lat="27.6924280" lon="85.3155960">
    <ele>1287.6</ele>
    <time>2025-10-25T00:40:24Z</time>
    <extensions>
     <gpxtpx:TrackPointExtension>
      <gpxtpx:hr>165</gpxtpx:hr>
     </gpxtpx:TrackPointExtension>
    </extensions>
   </trkpt>
   <trkpt lat="27.6924090" lon="85.3156120">
    <ele>1287.6</ele>
    <time>2025-10-25T00:40:25Z</time>
    <extensions>
     <gpxtpx:TrackPointExtension>
      <gpxtpx:hr>165</gpxtpx:hr>
     </gpxtpx:TrackPointExtension>
    </extensions>
   </trkpt>
   <trkpt lat="27.6923910" lon="85.3156300">
    <ele>1287.6</ele>
    <time>2025-10-25T00:40:26Z</time>
    <extensions>
     <gpxtpx:TrackPointExtension>
      <gpxtpx:hr>165</gpxtpx:hr>
     </gpxtpx:TrackPointExtension>
    </extensions>
   </trkpt>
   <trkpt lat="27.6923720" lon="85.3156470">
    <ele>1287.6</ele>
    <time>2025-10-25T00:40:27Z</time>
    <extensions>
     <gpxtpx:TrackPointExtension>
      <gpxtpx:hr>165</gpxtpx:hr>
     </gpxtpx:TrackPointExtension>
    </extensions>
   </trkpt>
   <trkpt lat="27.6923520" lon="85.3156650">
    <ele>1287.6</ele>
    <time>2025-10-25T00:40:28Z</time>
    <extensions>
     <gpxtpx:TrackPointExtension>
      <gpxtpx:hr>165</gpxtpx:hr>
     </gpxtpx:TrackPointExtension>
    </extensions>
   </trkpt>
   <trkpt lat="27.6923330" lon="85.3156830">
    <ele>1287.4</ele>
    <time>2025-10-25T00:40:29Z</time>
    <extensions>
     <gpxtpx:TrackPointExtension>
      <gpxtpx:hr>165</gpxtpx:hr>
     </gpxtpx:TrackPointExtension>
    </extensions>
   </trkpt>
   <trkpt lat="27.6923130" lon="85.3157030">
    <ele>1287.4</ele>
    <time>2025-10-25T00:40:30Z</time>
    <extensions>
     <gpxtpx:TrackPointExtension>
      <gpxtpx:hr>165</gpxtpx:hr>
     </gpxtpx:TrackPointExtension>
    </extensions>
   </trkpt>
   <trkpt lat="27.6922940" lon="85.3157230">
    <ele>1287.4</ele>
    <time>2025-10-25T00:40:31Z</time>
    <extensions>
     <gpxtpx:TrackPointExtension>
      <gpxtpx:hr>165</gpxtpx:hr>
     </gpxtpx:TrackPointExtension>
    </extensions>
   </trkpt>
   <trkpt lat="27.6922740" lon="85.3157420">
    <ele>1287.4</ele>
    <time>2025-10-25T00:40:32Z</time>
    <extensions>
     <gpxtpx:TrackPointExtension>
      <gpxtpx:hr>165</gpxtpx:hr>
     </gpxtpx:TrackPointExtension>
    </extensions>
   </trkpt>
   <trkpt lat="27.6922550" lon="85.3157610">
    <ele>1287.2</ele>
    <time>2025-10-25T00:40:33Z</time>
    <extensions>
     <gpxtpx:TrackPointExtension>
      <gpxtpx:hr>165</gpxtpx:hr>
     </gpxtpx:TrackPointExtension>
    </extensions>
   </trkpt>
   <trkpt lat="27.6922360" lon="85.3157790">
    <ele>1287.2</ele>
    <time>2025-10-25T00:40:34Z</time>
    <extensions>
     <gpxtpx:TrackPointExtension>
      <gpxtpx:hr>165</gpxtpx:hr>
     </gpxtpx:TrackPointExtension>
    </extensions>
   </trkpt>
   <trkpt lat="27.6922160" lon="85.3157970">
    <ele>1287.2</ele>
    <time>2025-10-25T00:40:35Z</time>
    <extensions>
     <gpxtpx:TrackPointExtension>
      <gpxtpx:hr>165</gpxtpx:hr>
     </gpxtpx:TrackPointExtension>
    </extensions>
   </trkpt>
   <trkpt lat="27.6921970" lon="85.3158140">
    <ele>1287.2</ele>
    <time>2025-10-25T00:40:36Z</time>
    <extensions>
     <gpxtpx:TrackPointExtension>
      <gpxtpx:hr>165</gpxtpx:hr>
     </gpxtpx:TrackPointExtension>
    </extensions>
   </trkpt>
   <trkpt lat="27.6921780" lon="85.3158300">
    <ele>1287.2</ele>
    <time>2025-10-25T00:40:37Z</time>
    <extensions>
     <gpxtpx:TrackPointExtension>
      <gpxtpx:hr>165</gpxtpx:hr>
     </gpxtpx:TrackPointExtension>
    </extensions>
   </trkpt>
   <trkpt lat="27.6921590" lon="85.3158480">
    <ele>1287.0</ele>
    <time>2025-10-25T00:40:38Z</time>
    <extensions>
     <gpxtpx:TrackPointExtension>
      <gpxtpx:hr>165</gpxtpx:hr>
     </gpxtpx:TrackPointExtension>
    </extensions>
   </trkpt>
   <trkpt lat="27.6921390" lon="85.3158650">
    <ele>1287.0</ele>
    <time>2025-10-25T00:40:39Z</time>
    <extensions>
     <gpxtpx:TrackPointExtension>
      <gpxtpx:hr>165</gpxtpx:hr>
     </gpxtpx:TrackPointExtension>
    </extensions>
   </trkpt>
   <trkpt lat="27.6921200" lon="85.3158830">
    <ele>1287.0</ele>
    <time>2025-10-25T00:40:40Z</time>
    <extensions>
     <gpxtpx:TrackPointExtension>
      <gpxtpx:hr>165</gpxtpx:hr>
     </gpxtpx:TrackPointExtension>
    </extensions>
   </trkpt>
   <trkpt lat="27.6921000" lon="85.3159010">
    <ele>1287.0</ele>
    <time>2025-10-25T00:40:41Z</time>
    <extensions>
     <gpxtpx:TrackPointExtension>
      <gpxtpx:hr>165</gpxtpx:hr>
     </gpxtpx:TrackPointExtension>
    </extensions>
   </trkpt>
   <trkpt lat="27.6920810" lon="85.3159190">
    <ele>1286.8</ele>
    <time>2025-10-25T00:40:42Z</time>
    <extensions>
     <gpxtpx:TrackPointExtension>
      <gpxtpx:hr>165</gpxtpx:hr>
     </gpxtpx:TrackPointExtension>
    </extensions>
   </trkpt>
   <trkpt lat="27.6920620" lon="85.3159370">
    <ele>1286.8</ele>
    <time>2025-10-25T00:40:43Z</time>
    <extensions>
     <gpxtpx:TrackPointExtension>
      <gpxtpx:hr>165</gpxtpx:hr>
     </gpxtpx:TrackPointExtension>
    </extensions>
   </trkpt>
   <trkpt lat="27.6920430" lon="85.3159560">
    <ele>1286.8</ele>
    <time>2025-10-25T00:40:44Z</time>
    <extensions>
     <gpxtpx:TrackPointExtension>
      <gpxtpx:hr>165</gpxtpx:hr>
     </gpxtpx:TrackPointExtension>
    </extensions>
   </trkpt>
   <trkpt lat="27.6920240" lon="85.3159740">
    <ele>1286.8</ele>
    <time>2025-10-25T00:40:45Z</time>
    <extensions>
     <gpxtpx:TrackPointExtension>
      <gpxtpx:hr>165</gpxtpx:hr>
     </gpxtpx:TrackPointExtension>
    </extensions>
   </trkpt>
   <trkpt lat="27.6920050" lon="85.3159930">
    <ele>1286.6</ele>
    <time>2025-10-25T00:40:46Z</time>
    <extensions>
     <gpxtpx:TrackPointExtension>
      <gpxtpx:hr>165</gpxtpx:hr>
     </gpxtpx:TrackPointExtension>
    </extensions>
   </trkpt>
   <trkpt lat="27.6919870" lon="85.3160120">
    <ele>1286.6</ele>
    <time>2025-10-25T00:40:47Z</time>
    <extensions>
     <gpxtpx:TrackPointExtension>
      <gpxtpx:hr>165</gpxtpx:hr>
     </gpxtpx:TrackPointExtension>
    </extensions>
   </trkpt>
   <trkpt lat="27.6919690" lon="85.3160310">
    <ele>1286.6</ele>
    <time>2025-10-25T00:40:48Z</time>
    <extensions>
     <gpxtpx:TrackPointExtension>
      <gpxtpx:hr>165</gpxtpx:hr>
     </gpxtpx:TrackPointExtension>
    </extensions>
   </trkpt>
   <trkpt lat="27.6919510" lon="85.3160500">
    <ele>1286.6</ele>
    <time>2025-10-25T00:40:49Z</time>
    <extensions>
     <gpxtpx:TrackPointExtension>
      <gpxtpx:hr>165</gpxtpx:hr>
     </gpxtpx:TrackPointExtension>
    </extensions>
   </trkpt>
   <trkpt lat="27.6919330" lon="85.3160680">
    <ele>1286.6</ele>
    <time>2025-10-25T00:40:50Z</time>
    <extensions>
     <gpxtpx:TrackPointExtension>
      <gpxtpx:hr>165</gpxtpx:hr>
     </gpxtpx:TrackPointExtension>
    </extensions>
   </trkpt>
   <trkpt lat="27.6919150" lon="85.3160880">
    <ele>1286.4</ele>
    <time>2025-10-25T00:40:51Z</time>
    <extensions>
     <gpxtpx:TrackPointExtension>
      <gpxtpx:hr>165</gpxtpx:hr>
     </gpxtpx:TrackPointExtension>
    </extensions>
   </trkpt>
   <trkpt lat="27.6918960" lon="85.3161070">
    <ele>1286.4</ele>
    <time>2025-10-25T00:40:52Z</time>
    <extensions>
     <gpxtpx:TrackPointExtension>
      <gpxtpx:hr>165</gpxtpx:hr>
     </gpxtpx:TrackPointExtension>
    </extensions>
   </trkpt>
   <trkpt lat="27.6918780" lon="85.3161270">
    <ele>1286.4</ele>
    <time>2025-10-25T00:40:53Z</time>
    <extensions>
     <gpxtpx:TrackPointExtension>
      <gpxtpx:hr>165</gpxtpx:hr>
     </gpxtpx:TrackPointExtension>
    </extensions>
   </trkpt>
   <trkpt lat="27.6918590" lon="85.3161470">
    <ele>1286.4</ele>
    <time>2025-10-25T00:40:54Z</time>
    <extensions>
     <gpxtpx:TrackPointExtension>
      <gpxtpx:hr>165</gpxtpx:hr>
     </gpxtpx:TrackPointExtension>
    </extensions>
   </trkpt>
   <trkpt lat="27.6918410" lon="85.3161660">
    <ele>1286.4</ele>
    <time>2025-10-25T00:40:55Z</time>
    <extensions>
     <gpxtpx:TrackPointExtension>
      <gpxtpx:hr>165</gpxtpx:hr>
     </gpxtpx:TrackPointExtension>
    </extensions>
   </trkpt>
   <trkpt lat="27.6918230" lon="85.3161850">
    <ele>1286.4</ele>
    <time>2025-10-25T00:40:56Z</time>
    <extensions>
     <gpxtpx:TrackPointExtension>
      <gpxtpx:hr>165</gpxtpx:hr>
     </gpxtpx:TrackPointExtension>
    </extensions>
   </trkpt>
   <trkpt lat="27.6918060" lon="85.3162030">
    <ele>1286.4</ele>
    <time>2025-10-25T00:40:57Z</time>
    <extensions>
     <gpxtpx:TrackPointExtension>
      <gpxtpx:hr>165</gpxtpx:hr>
     </gpxtpx:TrackPointExtension>
    </extensions>
   </trkpt>
   <trkpt lat="27.6917890" lon="85.3162210">
    <ele>1286.4</ele>
    <time>2025-10-25T00:40:58Z</time>
    <extensions>
     <gpxtpx:TrackPointExtension>
      <gpxtpx:hr>165</gpxtpx:hr>
     </gpxtpx:TrackPointExtension>
    </extensions>
   </trkpt>
   <trkpt lat="27.6917720" lon="85.3162380">
    <ele>1286.4</ele>
    <time>2025-10-25T00:40:59Z</time>
    <extensions>
     <gpxtpx:TrackPointExtension>
      <gpxtpx:hr>165</gpxtpx:hr>
     </gpxtpx:TrackPointExtension>
    </extensions>
   </trkpt>
   <trkpt lat="27.6917550" lon="85.3162540">
    <ele>1286.4</ele>
    <time>2025-10-25T00:41:00Z</time>
    <extensions>
     <gpxtpx:TrackPointExtension>
      <gpxtpx:hr>165</gpxtpx:hr>
     </gpxtpx:TrackPointExtension>
    </extensions>
   </trkpt>
   <trkpt lat="27.6917390" lon="85.3162690">
    <ele>1286.4</ele>
    <time>2025-10-25T00:41:01Z</time>
    <extensions>
     <gpxtpx:TrackPointExtension>
      <gpxtpx:hr>165</gpxtpx:hr>
     </gpxtpx:TrackPointExtension>
    </extensions>
   </trkpt>
   <trkpt lat="27.6917230" lon="85.3162840">
    <ele>1286.2</ele>
    <time>2025-10-25T00:41:02Z</time>
    <extensions>
     <gpxtpx:TrackPointExtension>
      <gpxtpx:hr>165</gpxtpx:hr>
     </gpxtpx:TrackPointExtension>
    </extensions>
   </trkpt>
   <trkpt lat="27.6917070" lon="85.3162990">
    <ele>1286.2</ele>
    <time>2025-10-25T00:41:03Z</time>
    <extensions>
     <gpxtpx:TrackPointExtension>
      <gpxtpx:hr>165</gpxtpx:hr>
     </gpxtpx:TrackPointExtension>
    </extensions>
   </trkpt>
   <trkpt lat="27.6916910" lon="85.3163160">
    <ele>1286.2</ele>
    <time>2025-10-25T00:41:04Z</time>
    <extensions>
     <gpxtpx:TrackPointExtension>
      <gpxtpx:hr>165</gpxtpx:hr>
     </gpxtpx:TrackPointExtension>
    </extensions>
   </trkpt>
   <trkpt lat="27.6916740" lon="85.3163330">
    <ele>1286.2</ele>
    <time>2025-10-25T00:41:05Z</time>
    <extensions>
     <gpxtpx:TrackPointExtension>
      <gpxtpx:hr>165</gpxtpx:hr>
     </gpxtpx:TrackPointExtension>
    </extensions>
   </trkpt>
   <trkpt lat="27.6916560" lon="85.3163510">
    <ele>1286.2</ele>
    <time>2025-10-25T00:41:06Z</time>
    <extensions>
     <gpxtpx:TrackPointExtension>
      <gpxtpx:hr>165</gpxtpx:hr>
     </gpxtpx:TrackPointExtension>
    </extensions>
   </trkpt>
   <trkpt lat="27.6916380" lon="85.3163690">
    <ele>1286.0</ele>
    <time>2025-10-25T00:41:07Z</time>
    <extensions>
     <gpxtpx:TrackPointExtension>
      <gpxtpx:hr>165</gpxtpx:hr>
     </gpxtpx:TrackPointExtension>
    </extensions>
   </trkpt>
   <trkpt lat="27.6916200" lon="85.3163860">
    <ele>1286.0</ele>
    <time>2025-10-25T00:41:08Z</time>
    <extensions>
     <gpxtpx:TrackPointExtension>
      <gpxtpx:hr>165</gpxtpx:hr>
     </gpxtpx:TrackPointExtension>
    </extensions>
   </trkpt>
   <trkpt lat="27.6916020" lon="85.3164020">
    <ele>1286.0</ele>
    <time>2025-10-25T00:41:09Z</time>
    <extensions>
     <gpxtpx:TrackPointExtension>
      <gpxtpx:hr>165</gpxtpx:hr>
     </gpxtpx:TrackPointExtension>
    </extensions>
   </trkpt>
   <trkpt lat="27.6915840" lon="85.3164190">
    <ele>1286.0</ele>
    <time>2025-10-25T00:41:10Z</time>
    <extensions>
     <gpxtpx:TrackPointExtension>
      <gpxtpx:hr>165</gpxtpx:hr>
     </gpxtpx:TrackPointExtension>
    </extensions>
   </trkpt>
   <trkpt lat="27.6915670" lon="85.3164340">
    <ele>1286.0</ele>
    <time>2025-10-25T00:41:11Z</time>
    <extensions>
     <gpxtpx:TrackPointExtension>
      <gpxtpx:hr>165</gpxtpx:hr>
     </gpxtpx:TrackPointExtension>
    </extensions>
   </trkpt>
   <trkpt lat="27.6915490" lon="85.3164500">
    <ele>1285.8</ele>
    <time>2025-10-25T00:41:12Z</time>
    <extensions>
     <gpxtpx:TrackPointExtension>
      <gpxtpx:hr>165</gpxtpx:hr>
     </gpxtpx:TrackPointExtension>
    </extensions>
   </trkpt>
   <trkpt lat="27.6915320" lon="85.3164660">
    <ele>1285.8</ele>
    <time>2025-10-25T00:41:13Z</time>
    <extensions>
     <gpxtpx:TrackPointExtension>
      <gpxtpx:hr>165</gpxtpx:hr>
     </gpxtpx:TrackPointExtension>
    </extensions>
   </trkpt>
   <trkpt lat="27.6915140" lon="85.3164830">
    <ele>1285.8</ele>
    <time>2025-10-25T00:41:14Z</time>
    <extensions>
     <gpxtpx:TrackPointExtension>
      <gpxtpx:hr>165</gpxtpx:hr>
     </gpxtpx:TrackPointExtension>
    </extensions>
   </trkpt>
   <trkpt lat="27.6914950" lon="85.3165000">
    <ele>1285.8</ele>
    <time>2025-10-25T00:41:15Z</time>
    <extensions>
     <gpxtpx:TrackPointExtension>
      <gpxtpx:hr>165</gpxtpx:hr>
     </gpxtpx:TrackPointExtension>
    </extensions>
   </trkpt>
   <trkpt lat="27.6914760" lon="85.3165170">
    <ele>1285.8</ele>
    <time>2025-10-25T00:41:16Z</time>
    <extensions>
     <gpxtpx:TrackPointExtension>
      <gpxtpx:hr>165</gpxtpx:hr>
     </gpxtpx:TrackPointExtension>
    </extensions>
   </trkpt>
   <trkpt lat="27.6914570" lon="85.3165350">
    <ele>1285.8</ele>
    <time>2025-10-25T00:41:17Z</time>
    <extensions>
     <gpxtpx:TrackPointExtension>
      <gpxtpx:hr>165</gpxtpx:hr>
     </gpxtpx:TrackPointExtension>
    </extensions>
   </trkpt>
   <trkpt lat="27.6914380" lon="85.3165520">
    <ele>1285.8</ele>
    <time>2025-10-25T00:41:18Z</time>
    <extensions>
     <gpxtpx:TrackPointExtension>
      <gpxtpx:hr>165</gpxtpx:hr>
     </gpxtpx:TrackPointExtension>
    </extensions>
   </trkpt>
   <trkpt lat="27.6914190" lon="85.3165700">
    <ele>1285.8</ele>
    <time>2025-10-25T00:41:19Z</time>
    <extensions>
     <gpxtpx:TrackPointExtension>
      <gpxtpx:hr>165</gpxtpx:hr>
     </gpxtpx:TrackPointExtension>
    </extensions>
   </trkpt>
   <trkpt lat="27.6914000" lon="85.3165880">
    <ele>1285.6</ele>
    <time>2025-10-25T00:41:20Z</time>
    <extensions>
     <gpxtpx:TrackPointExtension>
      <gpxtpx:hr>165</gpxtpx:hr>
     </gpxtpx:TrackPointExtension>
    </extensions>
   </trkpt>
   <trkpt lat="27.6913800" lon="85.3166060">
    <ele>1285.6</ele>
    <time>2025-10-25T00:41:21Z</time>
    <extensions>
     <gpxtpx:TrackPointExtension>
      <gpxtpx:hr>165</gpxtpx:hr>
     </gpxtpx:TrackPointExtension>
    </extensions>
   </trkpt>
   <trkpt lat="27.6913610" lon="85.3166240">
    <ele>1285.6</ele>
    <time>2025-10-25T00:41:22Z</time>
    <extensions>
     <gpxtpx:TrackPointExtension>
      <gpxtpx:hr>165</gpxtpx:hr>
     </gpxtpx:TrackPointExtension>
    </extensions>
   </trkpt>
   <trkpt lat="27.6913430" lon="85.3166410">
    <ele>1285.6</ele>
    <time>2025-10-25T00:41:23Z</time>
    <extensions>
     <gpxtpx:TrackPointExtension>
      <gpxtpx:hr>165</gpxtpx:hr>
     </gpxtpx:TrackPointExtension>
    </extensions>
   </trkpt>
   <trkpt lat="27.6913250" lon="85.3166580">
    <ele>1285.6</ele>
    <time>2025-10-25T00:41:24Z</time>
    <extensions>
     <gpxtpx:TrackPointExtension>
      <gpxtpx:hr>165</gpxtpx:hr>
     </gpxtpx:TrackPointExtension>
    </extensions>
   </trkpt>
   <trkpt lat="27.6913070" lon="85.3166760">
    <ele>1285.6</ele>
    <time>2025-10-25T00:41:25Z</time>
    <extensions>
     <gpxtpx:TrackPointExtension>
      <gpxtpx:hr>165</gpxtpx:hr>
     </gpxtpx:TrackPointExtension>
    </extensions>
   </trkpt>
   <trkpt lat="27.6912880" lon="85.3166940">
    <ele>1285.6</ele>
    <time>2025-10-25T00:41:26Z</time>
    <extensions>
     <gpxtpx:TrackPointExtension>
      <gpxtpx:hr>165</gpxtpx:hr>
     </gpxtpx:TrackPointExtension>
    </extensions>
   </trkpt>
   <trkpt lat="27.6912690" lon="85.3167120">
    <ele>1285.6</ele>
    <time>2025-10-25T00:41:27Z</time>
    <extensions>
     <gpxtpx:TrackPointExtension>
      <gpxtpx:hr>165</gpxtpx:hr>
     </gpxtpx:TrackPointExtension>
    </extensions>
   </trkpt>
   <trkpt lat="27.6912510" lon="85.3167290">
    <ele>1285.6</ele>
    <time>2025-10-25T00:41:28Z</time>
    <extensions>
     <gpxtpx:TrackPointExtension>
      <gpxtpx:hr>165</gpxtpx:hr>
     </gpxtpx:TrackPointExtension>
    </extensions>
   </trkpt>
   <trkpt lat="27.6912320" lon="85.3167460">
    <ele>1285.6</ele>
    <time>2025-10-25T00:41:29Z</time>
    <extensions>
     <gpxtpx:TrackPointExtension>
      <gpxtpx:hr>165</gpxtpx:hr>
     </gpxtpx:TrackPointExtension>
    </extensions>
   </trkpt>
   <trkpt lat="27.6912140" lon="85.3167630">
    <ele>1285.6</ele>
    <time>2025-10-25T00:41:30Z</time>
    <extensions>
     <gpxtpx:TrackPointExtension>
      <gpxtpx:hr>165</gpxtpx:hr>
     </gpxtpx:TrackPointExtension>
    </extensions>
   </trkpt>
   <trkpt lat="27.6911960" lon="85.3167810">
    <ele>1285.6</ele>
    <time>2025-10-25T00:41:31Z</time>
    <extensions>
     <gpxtpx:TrackPointExtension>
      <gpxtpx:hr>165</gpxtpx:hr>
     </gpxtpx:TrackPointExtension>
    </extensions>
   </trkpt>
   <trkpt lat="27.6911790" lon="85.3167990">
    <ele>1285.6</ele>
    <time>2025-10-25T00:41:32Z</time>
    <extensions>
     <gpxtpx:TrackPointExtension>
      <gpxtpx:hr>165</gpxtpx:hr>
     </gpxtpx:TrackPointExtension>
    </extensions>
   </trkpt>
   <trkpt lat="27.6911610" lon="85.3168170">
    <ele>1285.6</ele>
    <time>2025-10-25T00:41:33Z</time>
    <extensions>
     <gpxtpx:TrackPointExtension>
      <gpxtpx:hr>165</gpxtpx:hr>
     </gpxtpx:TrackPointExtension>
    </extensions>
   </trkpt>
   <trkpt lat="27.6911440" lon="85.3168370">
    <ele>1285.6</ele>
    <time>2025-10-25T00:41:34Z</time>
    <extensions>
     <gpxtpx:TrackPointExtension>
      <gpxtpx:hr>165</gpxtpx:hr>
     </gpxtpx:TrackPointExtension>
    </extensions>
   </trkpt>
   <trkpt lat="27.6911280" lon="85.3168560">
    <ele>1285.6</ele>
    <time>2025-10-25T00:41:35Z</time>
    <extensions>
     <gpxtpx:TrackPointExtension>
      <gpxtpx:hr>165</gpxtpx:hr>
     </gpxtpx:TrackPointExtension>
    </extensions>
   </trkpt>
   <trkpt lat="27.6911120" lon="85.3168750">
    <ele>1285.6</ele>
    <time>2025-10-25T00:41:36Z</time>
    <extensions>
     <gpxtpx:TrackPointExtension>
      <gpxtpx:hr>165</gpxtpx:hr>
     </gpxtpx:TrackPointExtension>
    </extensions>
   </trkpt>
   <trkpt lat="27.6910960" lon="85.3168940">
    <ele>1285.6</ele>
    <time>2025-10-25T00:41:37Z</time>
    <extensions>
     <gpxtpx:TrackPointExtension>
      <gpxtpx:hr>165</gpxtpx:hr>
     </gpxtpx:TrackPointExtension>
    </extensions>
   </trkpt>
   <trkpt lat="27.6910810" lon="85.3169130">
    <ele>1285.6</ele>
    <time>2025-10-25T00:41:38Z</time>
    <extensions>
     <gpxtpx:TrackPointExtension>
      <gpxtpx:hr>165</gpxtpx:hr>
     </gpxtpx:TrackPointExtension>
    </extensions>
   </trkpt>
   <trkpt lat="27.6910660" lon="85.3169320">
    <ele>1285.8</ele>
    <time>2025-10-25T00:41:39Z</time>
    <extensions>
     <gpxtpx:TrackPointExtension>
      <gpxtpx:hr>165</gpxtpx:hr>
     </gpxtpx:TrackPointExtension>
    </extensions>
   </trkpt>
   <trkpt lat="27.6910500" lon="85.3169510">
    <ele>1285.8</ele>
    <time>2025-10-25T00:41:40Z</time>
    <extensions>
     <gpxtpx:TrackPointExtension>
      <gpxtpx:hr>165</gpxtpx:hr>
     </gpxtpx:TrackPointExtension>
    </extensions>
   </trkpt>
   <trkpt lat="27.6910340" lon="85.3169700">
    <ele>1285.8</ele>
    <time>2025-10-25T00:41:41Z</time>
    <extensions>
     <gpxtpx:TrackPointExtension>
      <gpxtpx:hr>165</gpxtpx:hr>
     </gpxtpx:TrackPointExtension>
    </extensions>
   </trkpt>
   <trkpt lat="27.6910160" lon="85.3169880">
    <ele>1285.8</ele>
    <time>2025-10-25T00:41:42Z</time>
    <extensions>
     <gpxtpx:TrackPointExtension>
      <gpxtpx:hr>165</gpxtpx:hr>
     </gpxtpx:TrackPointExtension>
    </extensions>
   </trkpt>
   <trkpt lat="27.6909990" lon="85.3170070">
    <ele>1285.8</ele>
    <time>2025-10-25T00:41:43Z</time>
    <extensions>
     <gpxtpx:TrackPointExtension>
      <gpxtpx:hr>165</gpxtpx:hr>
     </gpxtpx:TrackPointExtension>
    </extensions>
   </trkpt>
   <trkpt lat="27.6909800" lon="85.3170260">
    <ele>1285.8</ele>
    <time>2025-10-25T00:41:44Z</time>
    <extensions>
     <gpxtpx:TrackPointExtension>
      <gpxtpx:hr>165</gpxtpx:hr>
     </gpxtpx:TrackPointExtension>
    </extensions>
   </trkpt>
   <trkpt lat="27.6909620" lon="85.3170450">
    <ele>1285.8</ele>
    <time>2025-10-25T00:41:45Z</time>
    <extensions>
     <gpxtpx:TrackPointExtension>
      <gpxtpx:hr>165</gpxtpx:hr>
     </gpxtpx:TrackPointExtension>
    </extensions>
   </trkpt>
   <trkpt lat="27.6909430" lon="85.3170640">
    <ele>1285.8</ele>
    <time>2025-10-25T00:41:46Z</time>
    <extensions>
     <gpxtpx:TrackPointExtension>
      <gpxtpx:hr>165</gpxtpx:hr>
     </gpxtpx:TrackPointExtension>
    </extensions>
   </trkpt>
   <trkpt lat="27.6909250" lon="85.3170840">
    <ele>1285.8</ele>
    <time>2025-10-25T00:41:47Z</time>
    <extensions>
     <gpxtpx:TrackPointExtension>
      <gpxtpx:hr>165</gpxtpx:hr>
     </gpxtpx:TrackPointExtension>
    </extensions>
   </trkpt>
   <trkpt lat="27.6909090" lon="85.3171040">
    <ele>1285.8</ele>
    <time>2025-10-25T00:41:48Z</time>
    <extensions>
     <gpxtpx:TrackPointExtension>
      <gpxtpx:hr>165</gpxtpx:hr>
     </gpxtpx:TrackPointExtension>
    </extensions>
   </trkpt>
   <trkpt lat="27.6908950" lon="85.3171240">
    <ele>1285.8</ele>
    <time>2025-10-25T00:41:49Z</time>
    <extensions>
     <gpxtpx:TrackPointExtension>
      <gpxtpx:hr>165</gpxtpx:hr>
     </gpxtpx:TrackPointExtension>
    </extensions>
   </trkpt>
   <trkpt lat="27.6908820" lon="85.3171450">
    <ele>1285.8</ele>
    <time>2025-10-25T00:41:50Z</time>
    <extensions>
     <gpxtpx:TrackPointExtension>
      <gpxtpx:hr>165</gpxtpx:hr>
     </gpxtpx:TrackPointExtension>
    </extensions>
   </trkpt>
   <trkpt lat="27.6908700" lon="85.3171670">
    <ele>1285.8</ele>
    <time>2025-10-25T00:41:51Z</time>
    <extensions>
     <gpxtpx:TrackPointExtension>
      <gpxtpx:hr>165</gpxtpx:hr>
     </gpxtpx:TrackPointExtension>
    </extensions>
   </trkpt>
   <trkpt lat="27.6908600" lon="85.3171880">
    <ele>1285.8</ele>
    <time>2025-10-25T00:41:52Z</time>
    <extensions>
     <gpxtpx:TrackPointExtension>
      <gpxtpx:hr>165</gpxtpx:hr>
     </gpxtpx:TrackPointExtension>
    </extensions>
   </trkpt>
   <trkpt lat="27.6908520" lon="85.3172100">
    <ele>1285.8</ele>
    <time>2025-10-25T00:41:53Z</time>
    <extensions>
     <gpxtpx:TrackPointExtension>
      <gpxtpx:hr>165</gpxtpx:hr>
     </gpxtpx:TrackPointExtension>
    </extensions>
   </trkpt>
   <trkpt lat="27.6908460" lon="85.3172330">
    <ele>1285.8</ele>
    <time>2025-10-25T00:41:54Z</time>
    <extensions>
     <gpxtpx:TrackPointExtension>
      <gpxtpx:hr>165</gpxtpx:hr>
     </gpxtpx:TrackPointExtension>
    </extensions>
   </trkpt>
   <trkpt lat="27.6908410" lon="85.3172550">
    <ele>1285.8</ele>
    <time>2025-10-25T00:41:55Z</time>
    <extensions>
     <gpxtpx:TrackPointExtension>
      <gpxtpx:hr>165</gpxtpx:hr>
     </gpxtpx:TrackPointExtension>
    </extensions>
   </trkpt>
   <trkpt lat="27.6908380" lon="85.3172780">
    <ele>1285.8</ele>
    <time>2025-10-25T00:41:56Z</time>
    <extensions>
     <gpxtpx:TrackPointExtension>
      <gpxtpx:hr>165</gpxtpx:hr>
     </gpxtpx:TrackPointExtension>
    </extensions>
   </trkpt>
   <trkpt lat="27.6908380" lon="85.3173010">
    <ele>1286.0</ele>
    <time>2025-10-25T00:41:57Z</time>
    <extensions>
     <gpxtpx:TrackPointExtension>
      <gpxtpx:hr>165</gpxtpx:hr>
     </gpxtpx:TrackPointExtension>
    </extensions>
   </trkpt>
   <trkpt lat="27.6908390" lon="85.3173240">
    <ele>1286.0</ele>
    <time>2025-10-25T00:41:58Z</time>
    <extensions>
     <gpxtpx:TrackPointExtension>
      <gpxtpx:hr>165</gpxtpx:hr>
     </gpxtpx:TrackPointExtension>
    </extensions>
   </trkpt>
   <trkpt lat="27.6908430" lon="85.3173470">
    <ele>1286.0</ele>
    <time>2025-10-25T00:41:59Z</time>
    <extensions>
     <gpxtpx:TrackPointExtension>
      <gpxtpx:hr>165</gpxtpx:hr>
     </gpxtpx:TrackPointExtension>
    </extensions>
   </trkpt>
   <trkpt lat="27.6908480" lon="85.3173690">
    <ele>1286.0</ele>
    <time>2025-10-25T00:42:00Z</time>
    <extensions>
     <gpxtpx:TrackPointExtension>
      <gpxtpx:hr>165</gpxtpx:hr>
     </gpxtpx:TrackPointExtension>
    </extensions>
   </trkpt>
   <trkpt lat="27.6908550" lon="85.3173910">
    <ele>1286.0</ele>
    <time>2025-10-25T00:42:01Z</time>
    <extensions>
     <gpxtpx:TrackPointExtension>
      <gpxtpx:hr>165</gpxtpx:hr>
     </gpxtpx:TrackPointExtension>
    </extensions>
   </trkpt>
   <trkpt lat="27.6908640" lon="85.3174120">
    <ele>1286.0</ele>
    <time>2025-10-25T00:42:02Z</time>
    <extensions>
     <gpxtpx:TrackPointExtension>
      <gpxtpx:hr>165</gpxtpx:hr>
     </gpxtpx:TrackPointExtension>
    </extensions>
   </trkpt>
   <trkpt lat="27.6908750" lon="85.3174330">
    <ele>1286.0</ele>
    <time>2025-10-25T00:42:03Z</time>
    <extensions>
     <gpxtpx:TrackPointExtension>
      <gpxtpx:hr>165</gpxtpx:hr>
     </gpxtpx:TrackPointExtension>
    </extensions>
   </trkpt>
   <trkpt lat="27.6908870" lon="85.3174520">
    <ele>1286.0</ele>
    <time>2025-10-25T00:42:04Z</time>
    <extensions>
     <gpxtpx:TrackPointExtension>
      <gpxtpx:hr>165</gpxtpx:hr>
     </gpxtpx:TrackPointExtension>
    </extensions>
   </trkpt>
   <trkpt lat="27.6909010" lon="85.3174710">
    <ele>1286.2</ele>
    <time>2025-10-25T00:42:05Z</time>
    <extensions>
     <gpxtpx:TrackPointExtension>
      <gpxtpx:hr>165</gpxtpx:hr>
     </gpxtpx:TrackPointExtension>
    </extensions>
   </trkpt>
   <trkpt lat="27.6909170" lon="85.3174890">
    <ele>1286.2</ele>
    <time>2025-10-25T00:42:06Z</time>
    <extensions>
     <gpxtpx:TrackPointExtension>
      <gpxtpx:hr>165</gpxtpx:hr>
     </gpxtpx:TrackPointExtension>
    </extensions>
   </trkpt>
   <trkpt lat="27.6909340" lon="85.3175060">
    <ele>1286.2</ele>
    <time>2025-10-25T00:42:07Z</time>
    <extensions>
     <gpxtpx:TrackPointExtension>
      <gpxtpx:hr>165</gpxtpx:hr>
     </gpxtpx:TrackPointExtension>
    </extensions>
   </trkpt>
   <trkpt lat="27.6909520" lon="85.3175220">
    <ele>1286.2</ele>
    <time>2025-10-25T00:42:08Z</time>
    <extensions>
     <gpxtpx:TrackPointExtension>
      <gpxtpx:hr>165</gpxtpx:hr>
     </gpxtpx:TrackPointExtension>
    </extensions>
   </trkpt>
   <trkpt lat="27.6909710" lon="85.3175370">
    <ele>1286.2</ele>
    <time>2025-10-25T00:42:09Z</time>
    <extensions>
     <gpxtpx:TrackPointExtension>
      <gpxtpx:hr>165</gpxtpx:hr>
     </gpxtpx:TrackPointExtension>
    </extensions>
   </trkpt>
   <trkpt lat="27.6909910" lon="85.3175500">
    <ele>1286.2</ele>
    <time>2025-10-25T00:42:10Z</time>
    <extensions>
     <gpxtpx:TrackPointExtension>
      <gpxtpx:hr>165</gpxtpx:hr>
     </gpxtpx:TrackPointExtension>
    </extensions>
   </trkpt>
   <trkpt lat="27.6910110" lon="85.3175630">
    <ele>1286.4</ele>
    <time>2025-10-25T00:42:11Z</time>
    <extensions>
     <gpxtpx:TrackPointExtension>
      <gpxtpx:hr>165</gpxtpx:hr>
     </gpxtpx:TrackPointExtension>
    </extensions>
   </trkpt>
   <trkpt lat="27.6910330" lon="85.3175750">
    <ele>1286.4</ele>
    <time>2025-10-25T00:42:12Z</time>
    <extensions>
     <gpxtpx:TrackPointExtension>
      <gpxtpx:hr>165</gpxtpx:hr>
     </gpxtpx:TrackPointExtension>
    </extensions>
   </trkpt>
   <trkpt lat="27.6910550" lon="85.3175860">
    <ele>1286.4</ele>
    <time>2025-10-25T00:42:13Z</time>
    <extensions>
     <gpxtpx:TrackPointExtension>
      <gpxtpx:hr>165</gpxtpx:hr>
     </gpxtpx:TrackPointExtension>
    </extensions>
   </trkpt>
   <trkpt lat="27.6910780" lon="85.3175980">
    <ele>1286.4</ele>
    <time>2025-10-25T00:42:14Z</time>
    <extensions>
     <gpxtpx:TrackPointExtension>
      <gpxtpx:hr>165</gpxtpx:hr>
     </gpxtpx:TrackPointExtension>
    </extensions>
   </trkpt>
   <trkpt lat="27.6911010" lon="85.3176100">
    <ele>1286.4</ele>
    <time>2025-10-25T00:42:15Z</time>
    <extensions>
     <gpxtpx:TrackPointExtension>
      <gpxtpx:hr>165</gpxtpx:hr>
     </gpxtpx:TrackPointExtension>
    </extensions>
   </trkpt>
   <trkpt lat="27.6911240" lon="85.3176230">
    <ele>1286.4</ele>
    <time>2025-10-25T00:42:16Z</time>
    <extensions>
     <gpxtpx:TrackPointExtension>
      <gpxtpx:hr>165</gpxtpx:hr>
     </gpxtpx:TrackPointExtension>
    </extensions>
   </trkpt>
   <trkpt lat="27.6911470" lon="85.3176360">
    <ele>1286.4</ele>
    <time>2025-10-25T00:42:17Z</time>
    <extensions>
     <gpxtpx:TrackPointExtension>
      <gpxtpx:hr>165</gpxtpx:hr>
     </gpxtpx:TrackPointExtension>
    </extensions>
   </trkpt>
   <trkpt lat="27.6911700" lon="85.3176480">
    <ele>1286.4</ele>
    <time>2025-10-25T00:42:18Z</time>
    <extensions>
     <gpxtpx:TrackPointExtension>
      <gpxtpx:hr>165</gpxtpx:hr>
     </gpxtpx:TrackPointExtension>
    </extensions>
   </trkpt>
   <trkpt lat="27.6911930" lon="85.3176600">
    <ele>1286.4</ele>
    <time>2025-10-25T00:42:19Z</time>
    <extensions>
     <gpxtpx:TrackPointExtension>
      <gpxtpx:hr>165</gpxtpx:hr>
     </gpxtpx:TrackPointExtension>
    </extensions>
   </trkpt>
   <trkpt lat="27.6912170" lon="85.3176710">
    <ele>1286.4</ele>
    <time>2025-10-25T00:42:20Z</time>
    <extensions>
     <gpxtpx:TrackPointExtension>
      <gpxtpx:hr>165</gpxtpx:hr>
     </gpxtpx:TrackPointExtension>
    </extensions>
   </trkpt>
   <trkpt lat="27.6912400" lon="85.3176810">
    <ele>1286.4</ele>
    <time>2025-10-25T00:42:21Z</time>
    <extensions>
     <gpxtpx:TrackPointExtension>
      <gpxtpx:hr>165</gpxtpx:hr>
     </gpxtpx:TrackPointExtension>
    </extensions>
   </trkpt>
   <trkpt lat="27.6912650" lon="85.3176910">
    <ele>1286.6</ele>
    <time>2025-10-25T00:42:22Z</time>
    <extensions>
     <gpxtpx:TrackPointExtension>
      <gpxtpx:hr>165</gpxtpx:hr>
     </gpxtpx:TrackPointExtension>
    </extensions>
   </trkpt>
   <trkpt lat="27.6912890" lon="85.3177010">
    <ele>1286.6</ele>
    <time>2025-10-25T00:42:23Z</time>
    <extensions>
     <gpxtpx:TrackPointExtension>
      <gpxtpx:hr>165</gpxtpx:hr>
     </gpxtpx:TrackPointExtension>
    </extensions>
   </trkpt>
   <trkpt lat="27.6913130" lon="85.3177110">
    <ele>1286.6</ele>
    <time>2025-10-25T00:42:24Z</time>
    <extensions>
     <gpxtpx:TrackPointExtension>
      <gpxtpx:hr>165</gpxtpx:hr>
     </gpxtpx:TrackPointExtension>
    </extensions>
   </trkpt>
   <trkpt lat="27.6913370" lon="85.3177200">
    <ele>1286.6</ele>
    <time>2025-10-25T00:42:25Z</time>
    <extensions>
     <gpxtpx:TrackPointExtension>
      <gpxtpx:hr>165</gpxtpx:hr>
     </gpxtpx:TrackPointExtension>
    </extensions>
   </trkpt>
   <trkpt lat="27.6913610" lon="85.3177290">
    <ele>1286.6</ele>
    <time>2025-10-25T00:42:26Z</time>
    <extensions>
     <gpxtpx:TrackPointExtension>
      <gpxtpx:hr>165</gpxtpx:hr>
     </gpxtpx:TrackPointExtension>
    </extensions>
   </trkpt>
   <trkpt lat="27.6913850" lon="85.3177380">
    <ele>1286.6</ele>
    <time>2025-10-25T00:42:27Z</time>
    <extensions>
     <gpxtpx:TrackPointExtension>
      <gpxtpx:hr>165</gpxtpx:hr>
     </gpxtpx:TrackPointExtension>
    </extensions>
   </trkpt>
   <trkpt lat="27.6914080" lon="85.3177470">
    <ele>1286.6</ele>
    <time>2025-10-25T00:42:28Z</time>
    <extensions>
     <gpxtpx:TrackPointExtension>
      <gpxtpx:hr>165</gpxtpx:hr>
     </gpxtpx:TrackPointExtension>
    </extensions>
   </trkpt>
   <trkpt lat="27.6914320" lon="85.3177570">
    <ele>1286.6</ele>
    <time>2025-10-25T00:42:29Z</time>
    <extensions>
     <gpxtpx:TrackPointExtension>
      <gpxtpx:hr>165</gpxtpx:hr>
     </gpxtpx:TrackPointExtension>
    </extensions>
   </trkpt>
   <trkpt lat="27.6914550" lon="85.3177670">
    <ele>1286.6</ele>
    <time>2025-10-25T00:42:30Z</time>
    <extensions>
     <gpxtpx:TrackPointExtension>
      <gpxtpx:hr>165</gpxtpx:hr>
     </gpxtpx:TrackPointExtension>
    </extensions>
   </trkpt>
   <trkpt lat="27.6914780" lon="85.3177780">
    <ele>1286.6</ele>
    <time>2025-10-25T00:42:31Z</time>
    <extensions>
     <gpxtpx:TrackPointExtension>
      <gpxtpx:hr>165</gpxtpx:hr>
     </gpxtpx:TrackPointExtension>
    </extensions>
   </trkpt>
   <trkpt lat="27.6915010" lon="85.3177900">
    <ele>1286.6</ele>
    <time>2025-10-25T00:42:32Z</time>
    <extensions>
     <gpxtpx:TrackPointExtension>
      <gpxtpx:hr>165</gpxtpx:hr>
     </gpxtpx:TrackPointExtension>
    </extensions>
   </trkpt>
   <trkpt lat="27.6915240" lon="85.3178020">
    <ele>1286.6</ele>
    <time>2025-10-25T00:42:33Z</time>
    <extensions>
     <gpxtpx:TrackPointExtension>
      <gpxtpx:hr>165</gpxtpx:hr>
     </gpxtpx:TrackPointExtension>
    </extensions>
   </trkpt>
   <trkpt lat="27.6915460" lon="85.3178140">
    <ele>1286.6</ele>
    <time>2025-10-25T00:42:34Z</time>
    <extensions>
     <gpxtpx:TrackPointExtension>
      <gpxtpx:hr>165</gpxtpx:hr>
     </gpxtpx:TrackPointExtension>
    </extensions>
   </trkpt>
   <trkpt lat="27.6915680" lon="85.3178260">
    <ele>1286.8</ele>
    <time>2025-10-25T00:42:35Z</time>
    <extensions>
     <gpxtpx:TrackPointExtension>
      <gpxtpx:hr>165</gpxtpx:hr>
     </gpxtpx:TrackPointExtension>
    </extensions>
   </trkpt>
   <trkpt lat="27.6915900" lon="85.3178370">
    <ele>1286.8</ele>
    <time>2025-10-25T00:42:36Z</time>
    <extensions>
     <gpxtpx:TrackPointExtension>
      <gpxtpx:hr>165</gpxtpx:hr>
     </gpxtpx:TrackPointExtension>
    </extensions>
   </trkpt>
   <trkpt lat="27.6916130" lon="85.3178490">
    <ele>1286.8</ele>
    <time>2025-10-25T00:42:37Z</time>
    <extensions>
     <gpxtpx:TrackPointExtension>
      <gpxtpx:hr>165</gpxtpx:hr>
     </gpxtpx:TrackPointExtension>
    </extensions>
   </trkpt>
   <trkpt lat="27.6916360" lon="85.3178600">
    <ele>1286.8</ele>
    <time>2025-10-25T00:42:38Z</time>
    <extensions>
     <gpxtpx:TrackPointExtension>
      <gpxtpx:hr>165</gpxtpx:hr>
     </gpxtpx:TrackPointExtension>
    </extensions>
   </trkpt>
   <trkpt lat="27.6916590" lon="85.3178710">
    <ele>1287.0</ele>
    <time>2025-10-25T00:42:39Z</time>
    <extensions>
     <gpxtpx:TrackPointExtension>
      <gpxtpx:hr>165</gpxtpx:hr>
     </gpxtpx:TrackPointExtension>
    </extensions>
   </trkpt>
   <trkpt lat="27.6916820" lon="85.3178820">
    <ele>1287.0</ele>
    <time>2025-10-25T00:42:40Z</time>
    <extensions>
     <gpxtpx:TrackPointExtension>
      <gpxtpx:hr>165</gpxtpx:hr>
     </gpxtpx:TrackPointExtension>
    </extensions>
   </trkpt>
   <trkpt lat="27.6917050" lon="85.3178920">
    <ele>1287.0</ele>
    <time>2025-10-25T00:42:41Z</time>
    <extensions>
     <gpxtpx:TrackPointExtension>
      <gpxtpx:hr>165</gpxtpx:hr>
     </gpxtpx:TrackPointExtension>
    </extensions>
   </trkpt>
   <trkpt lat="27.6917280" lon="85.3179030">
    <ele>1287.2</ele>
    <time>2025-10-25T00:42:42Z</time>
    <extensions>
     <gpxtpx:TrackPointExtension>
      <gpxtpx:hr>165</gpxtpx:hr>
     </gpxtpx:TrackPointExtension>
    </extensions>
   </trkpt>
   <trkpt lat="27.6917510" lon="85.3179130">
    <ele>1287.2</ele>
    <time>2025-10-25T00:42:43Z</time>
    <extensions>
     <gpxtpx:TrackPointExtension>
      <gpxtpx:hr>165</gpxtpx:hr>
     </gpxtpx:TrackPointExtension>
    </extensions>
   </trkpt>
   <trkpt lat="27.6917740" lon="85.3179230">
    <ele>1287.2</ele>
    <time>2025-10-25T00:42:44Z</time>
    <extensions>
     <gpxtpx:TrackPointExtension>
      <gpxtpx:hr>165</gpxtpx:hr>
     </gpxtpx:TrackPointExtension>
    </extensions>
   </trkpt>
   <trkpt lat="27.6917980" lon="85.3179340">
    <ele>1287.2</ele>
    <time>2025-10-25T00:42:45Z</time>
    <extensions>
     <gpxtpx:TrackPointExtension>
      <gpxtpx:hr>165</gpxtpx:hr>
     </gpxtpx:TrackPointExtension>
    </extensions>
   </trkpt>
   <trkpt lat="27.6918210" lon="85.3179440">
    <ele>1287.2</ele>
    <time>2025-10-25T00:42:46Z</time>
    <extensions>
     <gpxtpx:TrackPointExtension>
      <gpxtpx:hr>165</gpxtpx:hr>
     </gpxtpx:TrackPointExtension>
    </extensions>
   </trkpt>
   <trkpt lat="27.6918440" lon="85.3179540">
    <ele>1287.4</ele>
    <time>2025-10-25T00:42:47Z</time>
    <extensions>
     <gpxtpx:TrackPointExtension>
      <gpxtpx:hr>165</gpxtpx:hr>
     </gpxtpx:TrackPointExtension>
    </extensions>
   </trkpt>
   <trkpt lat="27.6918680" lon="85.3179640">
    <ele>1287.4</ele>
    <time>2025-10-25T00:42:48Z</time>
    <extensions>
     <gpxtpx:TrackPointExtension>
      <gpxtpx:hr>165</gpxtpx:hr>
     </gpxtpx:TrackPointExtension>
    </extensions>
   </trkpt>
   <trkpt lat="27.6918910" lon="85.3179740">
    <ele>1287.4</ele>
    <time>2025-10-25T00:42:49Z</time>
    <extensions>
     <gpxtpx:TrackPointExtension>
      <gpxtpx:hr>165</gpxtpx:hr>
     </gpxtpx:TrackPointExtension>
    </extensions>
   </trkpt>
   <trkpt lat="27.6919140" lon="85.3179840">
    <ele>1287.4</ele>
    <time>2025-10-25T00:42:50Z</time>
    <extensions>
     <gpxtpx:TrackPointExtension>
      <gpxtpx:hr>165</gpxtpx:hr>
     </gpxtpx:TrackPointExtension>
    </extensions>
   </trkpt>
   <trkpt lat="27.6919370" lon="85.3179940">
    <ele>1287.4</ele>
    <time>2025-10-25T00:42:51Z</time>
    <extensions>
     <gpxtpx:TrackPointExtension>
      <gpxtpx:hr>165</gpxtpx:hr>
     </gpxtpx:TrackPointExtension>
    </extensions>
   </trkpt>
   <trkpt lat="27.6919600" lon="85.3180040">
    <ele>1287.4</ele>
    <time>2025-10-25T00:42:52Z</time>
    <extensions>
     <gpxtpx:TrackPointExtension>
      <gpxtpx:hr>165</gpxtpx:hr>
     </gpxtpx:TrackPointExtension>
    </extensions>
   </trkpt>
   <trkpt lat="27.6919820" lon="85.3180140">
    <ele>1287.6</ele>
    <time>2025-10-25T00:42:53Z</time>
    <extensions>
     <gpxtpx:TrackPointExtension>
      <gpxtpx:hr>165</gpxtpx:hr>
     </gpxtpx:TrackPointExtension>
    </extensions>
   </trkpt>
   <trkpt lat="27.6920040" lon="85.3180240">
    <ele>1287.6</ele>
    <time>2025-10-25T00:42:54Z</time>
    <extensions>
     <gpxtpx:TrackPointExtension>
      <gpxtpx:hr>165</gpxtpx:hr>
     </gpxtpx:TrackPointExtension>
    </extensions>
   </trkpt>
   <trkpt lat="27.6920260" lon="85.3180340">
    <ele>1287.6</ele>
    <time>2025-10-25T00:42:55Z</time>
    <extensions>
     <gpxtpx:TrackPointExtension>
      <gpxtpx:hr>165</gpxtpx:hr>
     </gpxtpx:TrackPointExtension>
    </extensions>
   </trkpt>
   <trkpt lat="27.6920480" lon="85.3180440">
    <ele>1287.6</ele>
    <time>2025-10-25T00:42:56Z</time>
    <extensions>
     <gpxtpx:TrackPointExtension>
      <gpxtpx:hr>165</gpxtpx:hr>
     </gpxtpx:TrackPointExtension>
    </extensions>
   </trkpt>
   <trkpt lat="27.6920700" lon="85.3180530">
    <ele>1287.6</ele>
    <time>2025-10-25T00:42:57Z</time>
    <extensions>
     <gpxtpx:TrackPointExtension>
      <gpxtpx:hr>165</gpxtpx:hr>
     </gpxtpx:TrackPointExtension>
    </extensions>
   </trkpt>
   <trkpt lat="27.6920930" lon="85.3180640">
    <ele>1287.6</ele>
    <time>2025-10-25T00:42:58Z</time>
    <extensions>
     <gpxtpx:TrackPointExtension>
      <gpxtpx:hr>165</gpxtpx:hr>
     </gpxtpx:TrackPointExtension>
    </extensions>
   </trkpt>
   <trkpt lat="27.6921160" lon="85.3180740">
    <ele>1287.6</ele>
    <time>2025-10-25T00:42:59Z</time>
    <extensions>
     <gpxtpx:TrackPointExtension>
      <gpxtpx:hr>165</gpxtpx:hr>
     </gpxtpx:TrackPointExtension>
    </extensions>
   </trkpt>
   <trkpt lat="27.6921390" lon="85.3180840">
    <ele>1287.6</ele>
    <time>2025-10-25T00:43:00Z</time>
    <extensions>
     <gpxtpx:TrackPointExtension>
      <gpxtpx:hr>165</gpxtpx:hr>
     </gpxtpx:TrackPointExtension>
    </extensions>
   </trkpt>
   <trkpt lat="27.6921630" lon="85.3180940">
    <ele>1287.6</ele>
    <time>2025-10-25T00:43:01Z</time>
    <extensions>
     <gpxtpx:TrackPointExtension>
      <gpxtpx:hr>165</gpxtpx:hr>
     </gpxtpx:TrackPointExtension>
    </extensions>
   </trkpt>
   <trkpt lat="27.6921870" lon="85.3181030">
    <ele>1287.6</ele>
    <time>2025-10-25T00:43:02Z</time>
    <extensions>
     <gpxtpx:TrackPointExtension>
      <gpxtpx:hr>165</gpxtpx:hr>
     </gpxtpx:TrackPointExtension>
    </extensions>
   </trkpt>
   <trkpt lat="27.6922110" lon="85.3181110">
    <ele>1287.8</ele>
    <time>2025-10-25T00:43:03Z</time>
    <extensions>
     <gpxtpx:TrackPointExtension>
      <gpxtpx:hr>165</gpxtpx:hr>
     </gpxtpx:TrackPointExtension>
    </extensions>
   </trkpt>
   <trkpt lat="27.6922350" lon="85.3181200">
    <ele>1287.8</ele>
    <time>2025-10-25T00:43:04Z</time>
    <extensions>
     <gpxtpx:TrackPointExtension>
      <gpxtpx:hr>165</gpxtpx:hr>
     </gpxtpx:TrackPointExtension>
    </extensions>
   </trkpt>
   <trkpt lat="27.6922600" lon="85.3181290">
    <ele>1287.8</ele>
    <time>2025-10-25T00:43:05Z</time>
    <extensions>
     <gpxtpx:TrackPointExtension>
      <gpxtpx:hr>165</gpxtpx:hr>
     </gpxtpx:TrackPointExtension>
    </extensions>
   </trkpt>
   <trkpt lat="27.6922850" lon="85.3181380">
    <ele>1287.8</ele>
    <time>2025-10-25T00:43:06Z</time>
    <extensions>
     <gpxtpx:TrackPointExtension>
      <gpxtpx:hr>165</gpxtpx:hr>
     </gpxtpx:TrackPointExtension>
    </extensions>
   </trkpt>
   <trkpt lat="27.6923100" lon="85.3181480">
    <ele>1287.8</ele>
    <time>2025-10-25T00:43:07Z</time>
    <extensions>
     <gpxtpx:TrackPointExtension>
      <gpxtpx:hr>165</gpxtpx:hr>
     </gpxtpx:TrackPointExtension>
    </extensions>
   </trkpt>
   <trkpt lat="27.6923350" lon="85.3181600">
    <ele>1287.6</ele>
    <time>2025-10-25T00:43:08Z</time>
    <extensions>
     <gpxtpx:TrackPointExtension>
      <gpxtpx:hr>165</gpxtpx:hr>
     </gpxtpx:TrackPointExtension>
    </extensions>
   </trkpt>
   <trkpt lat="27.6923590" lon="85.3181730">
    <ele>1287.6</ele>
    <time>2025-10-25T00:43:09Z</time>
    <extensions>
     <gpxtpx:TrackPointExtension>
      <gpxtpx:hr>165</gpxtpx:hr>
     </gpxtpx:TrackPointExtension>
    </extensions>
   </trkpt>
   <trkpt lat="27.6923830" lon="85.3181870">
    <ele>1287.6</ele>
    <time>2025-10-25T00:43:10Z</time>
    <extensions>
     <gpxtpx:TrackPointExtension>
      <gpxtpx:hr>165</gpxtpx:hr>
     </gpxtpx:TrackPointExtension>
    </extensions>
   </trkpt>
   <trkpt lat="27.6924060" lon="85.3182020">
    <ele>1287.6</ele>
    <time>2025-10-25T00:43:11Z</time>
    <extensions>
     <gpxtpx:TrackPointExtension>
      <gpxtpx:hr>165</gpxtpx:hr>
     </gpxtpx:TrackPointExtension>
    </extensions>
   </trkpt>
   <trkpt lat="27.6924290" lon="85.3182160">
    <ele>1287.6</ele>
    <time>2025-10-25T00:43:12Z</time>
    <extensions>
     <gpxtpx:TrackPointExtension>
      <gpxtpx:hr>165</gpxtpx:hr>
     </gpxtpx:TrackPointExtension>
    </extensions>
   </trkpt>
   <trkpt lat="27.6924510" lon="85.3182300">
    <ele>1287.6</ele>
    <time>2025-10-25T00:43:13Z</time>
    <extensions>
     <gpxtpx:TrackPointExtension>
      <gpxtpx:hr>165</gpxtpx:hr>
     </gpxtpx:TrackPointExtension>
    </extensions>
   </trkpt>
   <trkpt lat="27.6924720" lon="85.3182420">
    <ele>1287.6</ele>
    <time>2025-10-25T00:43:14Z</time>
    <extensions>
     <gpxtpx:TrackPointExtension>
      <gpxtpx:hr>165</gpxtpx:hr>
     </gpxtpx:TrackPointExtension>
    </extensions>
   </trkpt>
   <trkpt lat="27.6924940" lon="85.3182540">
    <ele>1287.6</ele>
    <time>2025-10-25T00:43:15Z</time>
    <extensions>
     <gpxtpx:TrackPointExtension>
      <gpxtpx:hr>165</gpxtpx:hr>
     </gpxtpx:TrackPointExtension>
    </extensions>
   </trkpt>
   <trkpt lat="27.6925150" lon="85.3182660">
    <ele>1287.6</ele>
    <time>2025-10-25T00:43:16Z</time>
    <extensions>
     <gpxtpx:TrackPointExtension>
      <gpxtpx:hr>165</gpxtpx:hr>
     </gpxtpx:TrackPointExtension>
    </extensions>
   </trkpt>
   <trkpt lat="27.6925370" lon="85.3182770">
    <ele>1287.4</ele>
    <time>2025-10-25T00:43:17Z</time>
    <extensions>
     <gpxtpx:TrackPointExtension>
      <gpxtpx:hr>165</gpxtpx:hr>
     </gpxtpx:TrackPointExtension>
    </extensions>
   </trkpt>
   <trkpt lat="27.6925590" lon="85.3182870">
    <ele>1287.4</ele>
    <time>2025-10-25T00:43:18Z</time>
    <extensions>
     <gpxtpx:TrackPointExtension>
      <gpxtpx:hr>165</gpxtpx:hr>
     </gpxtpx:TrackPointExtension>
    </extensions>
   </trkpt>
   <trkpt lat="27.6925820" lon="85.3182970">
    <ele>1287.4</ele>
    <time>2025-10-25T00:43:19Z</time>
    <extensions>
     <gpxtpx:TrackPointExtension>
      <gpxtpx:hr>165</gpxtpx:hr>
     </gpxtpx:TrackPointExtension>
    </extensions>
   </trkpt>
   <trkpt lat="27.6926040" lon="85.3183070">
    <ele>1287.4</ele>
    <time>2025-10-25T00:43:20Z</time>
    <extensions>
     <gpxtpx:TrackPointExtension>
      <gpxtpx:hr>165</gpxtpx:hr>
     </gpxtpx:TrackPointExtension>
    </extensions>
   </trkpt>
   <trkpt lat="27.6926270" lon="85.3183160">
    <ele>1287.4</ele>
    <time>2025-10-25T00:43:21Z</time>
    <extensions>
     <gpxtpx:TrackPointExtension>
      <gpxtpx:hr>165</gpxtpx:hr>
     </gpxtpx:TrackPointExtension>
    </extensions>
   </trkpt>
   <trkpt lat="27.6926510" lon="85.3183260">
    <ele>1287.4</ele>
    <time>2025-10-25T00:43:22Z</time>
    <extensions>
     <gpxtpx:TrackPointExtension>
      <gpxtpx:hr>165</gpxtpx:hr>
     </gpxtpx:TrackPointExtension>
    </extensions>
   </trkpt>
   <trkpt lat="27.6926740" lon="85.3183350">
    <ele>1287.4</ele>
    <time>2025-10-25T00:43:23Z</time>
    <extensions>
     <gpxtpx:TrackPointExtension>
      <gpxtpx:hr>165</gpxtpx:hr>
     </gpxtpx:TrackPointExtension>
    </extensions>
   </trkpt>
   <trkpt lat="27.6927220" lon="85.3183550">
    <ele>1287.4</ele>
    <time>2025-10-25T00:43:24Z</time>
    <extensions>
     <gpxtpx:TrackPointExtension>
      <gpxtpx:hr>165</gpxtpx:hr>
     </gpxtpx:TrackPointExtension>
    </extensions>
   </trkpt>
   <trkpt lat="27.6927470" lon="85.3183650">
    <ele>1287.4</ele>
    <time>2025-10-25T00:43:25Z</time>
    <extensions>
     <gpxtpx:TrackPointExtension>
      <gpxtpx:hr>165</gpxtpx:hr>
     </gpxtpx:TrackPointExtension>
    </extensions>
   </trkpt>
   <trkpt lat="27.6927710" lon="85.3183750">
    <ele>1287.4</ele>
    <time>2025-10-25T00:43:26Z</time>
    <extensions>
     <gpxtpx:TrackPointExtension>
      <gpxtpx:hr>165</gpxtpx:hr>
     </gpxtpx:TrackPointExtension>
    </extensions>
   </trkpt>
   <trkpt lat="27.6927950" lon="85.3183850">
    <ele>1287.4</ele>
    <time>2025-10-25T00:43:27Z</time>
    <extensions>
     <gpxtpx:TrackPointExtension>
      <gpxtpx:hr>165</gpxtpx:hr>
     </gpxtpx:TrackPointExtension>
    </extensions>
   </trkpt>
   <trkpt lat="27.6928190" lon="85.3183950">
    <ele>1287.4</ele>
    <time>2025-10-25T00:43:28Z</time>
    <extensions>
     <gpxtpx:TrackPointExtension>
      <gpxtpx:hr>165</gpxtpx:hr>
     </gpxtpx:TrackPointExtension>
    </extensions>
   </trkpt>
   <trkpt lat="27.6928420" lon="85.3184040">
    <ele>1287.4</ele>
    <time>2025-10-25T00:43:29Z</time>
    <extensions>
     <gpxtpx:TrackPointExtension>
      <gpxtpx:hr>165</gpxtpx:hr>
     </gpxtpx:TrackPointExtension>
    </extensions>
   </trkpt>
   <trkpt lat="27.6928660" lon="85.3184150">
    <ele>1287.4</ele>
    <time>2025-10-25T00:43:30Z</time>
    <extensions>
     <gpxtpx:TrackPointExtension>
      <gpxtpx:hr>165</gpxtpx:hr>
     </gpxtpx:TrackPointExtension>
    </extensions>
   </trkpt>
   <trkpt lat="27.6928900" lon="85.3184250">
    <ele>1287.4</ele>
    <time>2025-10-25T00:43:31Z</time>
    <extensions>
     <gpxtpx:TrackPointExtension>
      <gpxtpx:hr>165</gpxtpx:hr>
     </gpxtpx:TrackPointExtension>
    </extensions>
   </trkpt>
   <trkpt lat="27.6929130" lon="85.3184360">
    <ele>1287.4</ele>
    <time>2025-10-25T00:43:32Z</time>
    <extensions>
     <gpxtpx:TrackPointExtension>
      <gpxtpx:hr>165</gpxtpx:hr>
     </gpxtpx:TrackPointExtension>
    </extensions>
   </trkpt>
   <trkpt lat="27.6929370" lon="85.3184470">
    <ele>1287.4</ele>
    <time>2025-10-25T00:43:33Z</time>
    <extensions>
     <gpxtpx:TrackPointExtension>
      <gpxtpx:hr>165</gpxtpx:hr>
     </gpxtpx:TrackPointExtension>
    </extensions>
   </trkpt>
   <trkpt lat="27.6929590" lon="85.3184590">
    <ele>1287.4</ele>
    <time>2025-10-25T00:43:34Z</time>
    <extensions>
     <gpxtpx:TrackPointExtension>
      <gpxtpx:hr>165</gpxtpx:hr>
     </gpxtpx:TrackPointExtension>
    </extensions>
   </trkpt>
   <trkpt lat="27.6929830" lon="85.3184700">
    <ele>1287.4</ele>
    <time>2025-10-25T00:43:35Z</time>
    <extensions>
     <gpxtpx:TrackPointExtension>
      <gpxtpx:hr>165</gpxtpx:hr>
     </gpxtpx:TrackPointExtension>
    </extensions>
   </trkpt>
   <trkpt lat="27.6930060" lon="85.3184830">
    <ele>1287.4</ele>
    <time>2025-10-25T00:43:36Z</time>
    <extensions>
     <gpxtpx:TrackPointExtension>
      <gpxtpx:hr>165</gpxtpx:hr>
     </gpxtpx:TrackPointExtension>
    </extensions>
   </trkpt>
   <trkpt lat="27.6930280" lon="85.3184950">
    <ele>1287.2</ele>
    <time>2025-10-25T00:43:37Z</time>
    <extensions>
     <gpxtpx:TrackPointExtension>
      <gpxtpx:hr>165</gpxtpx:hr>
     </gpxtpx:TrackPointExtension>
    </extensions>
   </trkpt>
   <trkpt lat="27.6930500" lon="85.3185070">
    <ele>1287.2</ele>
    <time>2025-10-25T00:43:38Z</time>
    <extensions>
     <gpxtpx:TrackPointExtension>
      <gpxtpx:hr>165</gpxtpx:hr>
     </gpxtpx:TrackPointExtension>
    </extensions>
   </trkpt>
   <trkpt lat="27.6930720" lon="85.3185200">
    <ele>1287.2</ele>
    <time>2025-10-25T00:43:39Z</time>
    <extensions>
     <gpxtpx:TrackPointExtension>
      <gpxtpx:hr>165</gpxtpx:hr>
     </gpxtpx:TrackPointExtension>
    </extensions>
   </trkpt>
   <trkpt lat="27.6930940" lon="85.3185330">
    <ele>1287.2</ele>
    <time>2025-10-25T00:43:40Z</time>
    <extensions>
     <gpxtpx:TrackPointExtension>
      <gpxtpx:hr>165</gpxtpx:hr>
     </gpxtpx:TrackPointExtension>
    </extensions>
   </trkpt>
   <trkpt lat="27.6931150" lon="85.3185460">
    <ele>1287.2</ele>
    <time>2025-10-25T00:43:41Z</time>
    <extensions>
     <gpxtpx:TrackPointExtension>
      <gpxtpx:hr>165</gpxtpx:hr>
     </gpxtpx:TrackPointExtension>
    </extensions>
   </trkpt>
   <trkpt lat="27.6931370" lon="85.3185590">
    <ele>1287.2</ele>
    <time>2025-10-25T00:43:42Z</time>
    <extensions>
     <gpxtpx:TrackPointExtension>
      <gpxtpx:hr>165</gpxtpx:hr>
     </gpxtpx:TrackPointExtension>
    </extensions>
   </trkpt>
   <trkpt lat="27.6931580" lon="85.3185720">
    <ele>1287.2</ele>
    <time>2025-10-25T00:43:43Z</time>
    <extensions>
     <gpxtpx:TrackPointExtension>
      <gpxtpx:hr>165</gpxtpx:hr>
     </gpxtpx:TrackPointExtension>
    </extensions>
   </trkpt>
   <trkpt lat="27.6931800" lon="85.3185840">
    <ele>1287.2</ele>
    <time>2025-10-25T00:43:44Z</time>
    <extensions>
     <gpxtpx:TrackPointExtension>
      <gpxtpx:hr>165</gpxtpx:hr>
     </gpxtpx:TrackPointExtension>
    </extensions>
   </trkpt>
   <trkpt lat="27.6932010" lon="85.3185960">
    <ele>1287.2</ele>
    <time>2025-10-25T00:43:45Z</time>
    <extensions>
     <gpxtpx:TrackPointExtension>
      <gpxtpx:hr>165</gpxtpx:hr>
     </gpxtpx:TrackPointExtension>
    </extensions>
   </trkpt>
   <trkpt lat="27.6932220" lon="85.3186080">
    <ele>1287.2</ele>
    <time>2025-10-25T00:43:46Z</time>
    <extensions>
     <gpxtpx:TrackPointExtension>
      <gpxtpx:hr>165</gpxtpx:hr>
     </gpxtpx:TrackPointExtension>
    </extensions>
   </trkpt>
   <trkpt lat="27.6932430" lon="85.3186200">
    <ele>1287.2</ele>
    <time>2025-10-25T00:43:47Z</time>
    <extensions>
     <gpxtpx:TrackPointExtension>
      <gpxtpx:hr>165</gpxtpx:hr>
     </gpxtpx:TrackPointExtension>
    </extensions>
   </trkpt>
   <trkpt lat="27.6932640" lon="85.3186320">
    <ele>1287.2</ele>
    <time>2025-10-25T00:43:48Z</time>
    <extensions>
     <gpxtpx:TrackPointExtension>
      <gpxtpx:hr>165</gpxtpx:hr>
     </gpxtpx:TrackPointExtension>
    </extensions>
   </trkpt>
   <trkpt lat="27.6932860" lon="85.3186440">
    <ele>1287.2</ele>
    <time>2025-10-25T00:43:49Z</time>
    <extensions>
     <gpxtpx:TrackPointExtension>
      <gpxtpx:hr>165</gpxtpx:hr>
     </gpxtpx:TrackPointExtension>
    </extensions>
   </trkpt>
   <trkpt lat="27.6933070" lon="85.3186560">
    <ele>1287.2</ele>
    <time>2025-10-25T00:43:50Z</time>
    <extensions>
     <gpxtpx:TrackPointExtension>
      <gpxtpx:hr>165</gpxtpx:hr>
     </gpxtpx:TrackPointExtension>
    </extensions>
   </trkpt>
   <trkpt lat="27.6933280" lon="85.3186690">
    <ele>1287.2</ele>
    <time>2025-10-25T00:43:51Z</time>
    <extensions>
     <gpxtpx:TrackPointExtension>
      <gpxtpx:hr>165</gpxtpx:hr>
     </gpxtpx:TrackPointExtension>
    </extensions>
   </trkpt>
   <trkpt lat="27.6933500" lon="85.3186820">
    <ele>1287.2</ele>
    <time>2025-10-25T00:43:52Z</time>
    <extensions>
     <gpxtpx:TrackPointExtension>
      <gpxtpx:hr>165</gpxtpx:hr>
     </gpxtpx:TrackPointExtension>
    </extensions>
   </trkpt>
   <trkpt lat="27.6933710" lon="85.3186950">
    <ele>1287.2</ele>
    <time>2025-10-25T00:43:53Z</time>
    <extensions>
     <gpxtpx:TrackPointExtension>
      <gpxtpx:hr>165</gpxtpx:hr>
     </gpxtpx:TrackPointExtension>
    </extensions>
   </trkpt>
   <trkpt lat="27.6933920" lon="85.3187100">
    <ele>1287.2</ele>
    <time>2025-10-25T00:43:54Z</time>
    <extensions>
     <gpxtpx:TrackPointExtension>
      <gpxtpx:hr>165</gpxtpx:hr>
     </gpxtpx:TrackPointExtension>
    </extensions>
   </trkpt>
   <trkpt lat="27.6934130" lon="85.3187250">
    <ele>1287.2</ele>
    <time>2025-10-25T00:43:55Z</time>
    <extensions>
     <gpxtpx:TrackPointExtension>
      <gpxtpx:hr>165</gpxtpx:hr>
     </gpxtpx:TrackPointExtension>
    </extensions>
   </trkpt>
   <trkpt lat="27.6934340" lon="85.3187390">
    <ele>1287.4</ele>
    <time>2025-10-25T00:43:56Z</time>
    <extensions>
     <gpxtpx:TrackPointExtension>
      <gpxtpx:hr>165</gpxtpx:hr>
     </gpxtpx:TrackPointExtension>
    </extensions>
   </trkpt>
   <trkpt lat="27.6934540" lon="85.3187540">
    <ele>1287.4</ele>
    <time>2025-10-25T00:43:57Z</time>
    <extensions>
     <gpxtpx:TrackPointExtension>
      <gpxtpx:hr>165</gpxtpx:hr>
     </gpxtpx:TrackPointExtension>
    </extensions>
   </trkpt>
   <trkpt lat="27.6934750" lon="85.3187700">
    <ele>1287.4</ele>
    <time>2025-10-25T00:43:58Z</time>
    <extensions>
     <gpxtpx:TrackPointExtension>
      <gpxtpx:hr>165</gpxtpx:hr>
     </gpxtpx:TrackPointExtension>
    </extensions>
   </trkpt>
   <trkpt lat="27.6934950" lon="85.3187850">
    <ele>1287.4</ele>
    <time>2025-10-25T00:43:59Z</time>
    <extensions>
     <gpxtpx:TrackPointExtension>
      <gpxtpx:hr>165</gpxtpx:hr>
     </gpxtpx:TrackPointExtension>
    </extensions>
   </trkpt>
   <trkpt lat="27.6935140" lon="85.3188000">
    <ele>1287.4</ele>
    <time>2025-10-25T00:44:00Z</time>
    <extensions>
     <gpxtpx:TrackPointExtension>
      <gpxtpx:hr>165</gpxtpx:hr>
     </gpxtpx:TrackPointExtension>
    </extensions>
   </trkpt>
   <trkpt lat="27.6935330" lon="85.3188150">
    <ele>1287.4</ele>
    <time>2025-10-25T00:44:01Z</time>
    <extensions>
     <gpxtpx:TrackPointExtension>
      <gpxtpx:hr>165</gpxtpx:hr>
     </gpxtpx:TrackPointExtension>
    </extensions>
   </trkpt>
   <trkpt lat="27.6935520" lon="85.3188290">
    <ele>1287.4</ele>
    <time>2025-10-25T00:44:02Z</time>
    <extensions>
     <gpxtpx:TrackPointExtension>
      <gpxtpx:hr>165</gpxtpx:hr>
     </gpxtpx:TrackPointExtension>
    </extensions>
   </trkpt>
   <trkpt lat="27.6935720" lon="85.3188420">
    <ele>1287.4</ele>
    <time>2025-10-25T00:44:03Z</time>
    <extensions>
     <gpxtpx:TrackPointExtension>
      <gpxtpx:hr>165</gpxtpx:hr>
     </gpxtpx:TrackPointExtension>
    </extensions>
   </trkpt>
   <trkpt lat="27.6935930" lon="85.3188560">
    <ele>1287.4</ele>
    <time>2025-10-25T00:44:04Z</time>
    <extensions>
     <gpxtpx:TrackPointExtension>
      <gpxtpx:hr>165</gpxtpx:hr>
     </gpxtpx:TrackPointExtension>
    </extensions>
   </trkpt>
   <trkpt lat="27.6936140" lon="85.3188690">
    <ele>1287.4</ele>
    <time>2025-10-25T00:44:05Z</time>
    <extensions>
     <gpxtpx:TrackPointExtension>
      <gpxtpx:hr>165</gpxtpx:hr>
     </gpxtpx:TrackPointExtension>
    </extensions>
   </trkpt>
   <trkpt lat="27.6936350" lon="85.3188830">
    <ele>1287.4</ele>
    <time>2025-10-25T00:44:06Z</time>
    <extensions>
     <gpxtpx:TrackPointExtension>
      <gpxtpx:hr>165</gpxtpx:hr>
     </gpxtpx:TrackPointExtension>
    </extensions>
   </trkpt>
   <trkpt lat="27.6936560" lon="85.3188960">
    <ele>1287.4</ele>
    <time>2025-10-25T00:44:07Z</time>
    <extensions>
     <gpxtpx:TrackPointExtension>
      <gpxtpx:hr>165</gpxtpx:hr>
     </gpxtpx:TrackPointExtension>
    </extensions>
   </trkpt>
   <trkpt lat="27.6936760" lon="85.3189100">
    <ele>1287.4</ele>
    <time>2025-10-25T00:44:08Z</time>
    <extensions>
     <gpxtpx:TrackPointExtension>
      <gpxtpx:hr>165</gpxtpx:hr>
     </gpxtpx:TrackPointExtension>
    </extensions>
   </trkpt>
   <trkpt lat="27.6936970" lon="85.3189240">
    <ele>1287.4</ele>
    <time>2025-10-25T00:44:09Z</time>
    <extensions>
     <gpxtpx:TrackPointExtension>
      <gpxtpx:hr>165</gpxtpx:hr>
     </gpxtpx:TrackPointExtension>
    </extensions>
   </trkpt>
   <trkpt lat="27.6937180" lon="85.3189390">
    <ele>1287.4</ele>
    <time>2025-10-25T00:44:10Z</time>
    <extensions>
     <gpxtpx:TrackPointExtension>
      <gpxtpx:hr>165</gpxtpx:hr>
     </gpxtpx:TrackPointExtension>
    </extensions>
   </trkpt>
   <trkpt lat="27.6937390" lon="85.3189540">
    <ele>1287.4</ele>
    <time>2025-10-25T00:44:11Z</time>
    <extensions>
     <gpxtpx:TrackPointExtension>
      <gpxtpx:hr>165</gpxtpx:hr>
     </gpxtpx:TrackPointExtension>
    </extensions>
   </trkpt>
   <trkpt lat="27.6937600" lon="85.3189690">
    <ele>1287.4</ele>
    <time>2025-10-25T00:44:12Z</time>
    <extensions>
     <gpxtpx:TrackPointExtension>
      <gpxtpx:hr>165</gpxtpx:hr>
     </gpxtpx:TrackPointExtension>
    </extensions>
   </trkpt>
   <trkpt lat="27.6937790" lon="85.3189850">
    <ele>1287.4</ele>
    <time>2025-10-25T00:44:13Z</time>
    <extensions>
     <gpxtpx:TrackPointExtension>
      <gpxtpx:hr>165</gpxtpx:hr>
     </gpxtpx:TrackPointExtension>
    </extensions>
   </trkpt>
   <trkpt lat="27.6937990" lon="85.3190010">
    <ele>1287.4</ele>
    <time>2025-10-25T00:44:14Z</time>
    <extensions>
     <gpxtpx:TrackPointExtension>
      <gpxtpx:hr>165</gpxtpx:hr>
     </gpxtpx:TrackPointExtension>
    </extensions>
   </trkpt>
   <trkpt lat="27.6938180" lon="85.3190170">
    <ele>1287.4</ele>
    <time>2025-10-25T00:44:15Z</time>
    <extensions>
     <gpxtpx:TrackPointExtension>
      <gpxtpx:hr>165</gpxtpx:hr>
     </gpxtpx:TrackPointExtension>
    </extensions>
   </trkpt>
   <trkpt lat="27.6938380" lon="85.3190340">
    <ele>1287.4</ele>
    <time>2025-10-25T00:44:16Z</time>
    <extensions>
     <gpxtpx:TrackPointExtension>
      <gpxtpx:hr>165</gpxtpx:hr>
     </gpxtpx:TrackPointExtension>
    </extensions>
   </trkpt>
   <trkpt lat="27.6938590" lon="85.3190510">
    <ele>1287.4</ele>
    <time>2025-10-25T00:44:17Z</time>
    <extensions>
     <gpxtpx:TrackPointExtension>
      <gpxtpx:hr>165</gpxtpx:hr>
     </gpxtpx:TrackPointExtension>
    </extensions>
   </trkpt>
   <trkpt lat="27.6938800" lon="85.3190690">
    <ele>1287.4</ele>
    <time>2025-10-25T00:44:18Z</time>
    <extensions>
     <gpxtpx:TrackPointExtension>
      <gpxtpx:hr>165</gpxtpx:hr>
     </gpxtpx:TrackPointExtension>
    </extensions>
   </trkpt>
   <trkpt lat="27.6939010" lon="85.3190860">
    <ele>1287.4</ele>
    <time>2025-10-25T00:44:19Z</time>
    <extensions>
     <gpxtpx:TrackPointExtension>
      <gpxtpx:hr>165</gpxtpx:hr>
     </gpxtpx:TrackPointExtension>
    </extensions>
   </trkpt>
   <trkpt lat="27.6939230" lon="85.3191030">
    <ele>1287.4</ele>
    <time>2025-10-25T00:44:20Z</time>
    <extensions>
     <gpxtpx:TrackPointExtension>
      <gpxtpx:hr>165</gpxtpx:hr>
     </gpxtpx:TrackPointExtension>
    </extensions>
   </trkpt>
   <trkpt lat="27.6939450" lon="85.3191210">
    <ele>1287.4</ele>
    <time>2025-10-25T00:44:21Z</time>
    <extensions>
     <gpxtpx:TrackPointExtension>
      <gpxtpx:hr>165</gpxtpx:hr>
     </gpxtpx:TrackPointExtension>
    </extensions>
   </trkpt>
   <trkpt lat="27.6939660" lon="85.3191370">
    <ele>1287.4</ele>
    <time>2025-10-25T00:44:22Z</time>
    <extensions>
     <gpxtpx:TrackPointExtension>
      <gpxtpx:hr>165</gpxtpx:hr>
     </gpxtpx:TrackPointExtension>
    </extensions>
   </trkpt>
   <trkpt lat="27.6939860" lon="85.3191540">
    <ele>1287.4</ele>
    <time>2025-10-25T00:44:23Z</time>
    <extensions>
     <gpxtpx:TrackPointExtension>
      <gpxtpx:hr>165</gpxtpx:hr>
     </gpxtpx:TrackPointExtension>
    </extensions>
   </trkpt>
   <trkpt lat="27.6940060" lon="85.3191700">
    <ele>1287.4</ele>
    <time>2025-10-25T00:44:24Z</time>
    <extensions>
     <gpxtpx:TrackPointExtension>
      <gpxtpx:hr>165</gpxtpx:hr>
     </gpxtpx:TrackPointExtension>
    </extensions>
   </trkpt>
   <trkpt lat="27.6940270" lon="85.3191870">
    <ele>1287.4</ele>
    <time>2025-10-25T00:44:25Z</time>
    <extensions>
     <gpxtpx:TrackPointExtension>
      <gpxtpx:hr>165</gpxtpx:hr>
     </gpxtpx:TrackPointExtension>
    </extensions>
   </trkpt>
   <trkpt lat="27.6940480" lon="85.3192040">
    <ele>1287.4</ele>
    <time>2025-10-25T00:44:26Z</time>
    <extensions>
     <gpxtpx:TrackPointExtension>
      <gpxtpx:hr>165</gpxtpx:hr>
     </gpxtpx:TrackPointExtension>
    </extensions>
   </trkpt>
   <trkpt lat="27.6940700" lon="85.3192210">
    <ele>1287.4</ele>
    <time>2025-10-25T00:44:27Z</time>
    <extensions>
     <gpxtpx:TrackPointExtension>
      <gpxtpx:hr>165</gpxtpx:hr>
     </gpxtpx:TrackPointExtension>
    </extensions>
   </trkpt>
   <trkpt lat="27.6940920" lon="85.3192380">
    <ele>1287.4</ele>
    <time>2025-10-25T00:44:28Z</time>
    <extensions>
     <gpxtpx:TrackPointExtension>
      <gpxtpx:hr>165</gpxtpx:hr>
     </gpxtpx:TrackPointExtension>
    </extensions>
   </trkpt>
   <trkpt lat="27.6941150" lon="85.3192560">
    <ele>1287.4</ele>
    <time>2025-10-25T00:44:29Z</time>
    <extensions>
     <gpxtpx:TrackPointExtension>
      <gpxtpx:hr>165</gpxtpx:hr>
     </gpxtpx:TrackPointExtension>
    </extensions>
   </trkpt>
   <trkpt lat="27.6941380" lon="85.3192740">
    <ele>1287.4</ele>
    <time>2025-10-25T00:44:30Z</time>
    <extensions>
     <gpxtpx:TrackPointExtension>
      <gpxtpx:hr>165</gpxtpx:hr>
     </gpxtpx:TrackPointExtension>
    </extensions>
   </trkpt>
   <trkpt lat="27.6941590" lon="85.3192910">
    <ele>1287.4</ele>
    <time>2025-10-25T00:44:31Z</time>
    <extensions>
     <gpxtpx:TrackPointExtension>
      <gpxtpx:hr>165</gpxtpx:hr>
     </gpxtpx:TrackPointExtension>
    </extensions>
   </trkpt>
   <trkpt lat="27.6941800" lon="85.3193100">
    <ele>1287.4</ele>
    <time>2025-10-25T00:44:32Z</time>
    <extensions>
     <gpxtpx:TrackPointExtension>
      <gpxtpx:hr>165</gpxtpx:hr>
     </gpxtpx:TrackPointExtension>
    </extensions>
   </trkpt>
   <trkpt lat="27.6942010" lon="85.3193280">
    <ele>1287.2</ele>
    <time>2025-10-25T00:44:33Z</time>
    <extensions>
     <gpxtpx:TrackPointExtension>
      <gpxtpx:hr>165</gpxtpx:hr>
     </gpxtpx:TrackPointExtension>
    </extensions>
   </trkpt>
   <trkpt lat="27.6942210" lon="85.3193460">
    <ele>1287.2</ele>
    <time>2025-10-25T00:44:34Z</time>
    <extensions>
     <gpxtpx:TrackPointExtension>
      <gpxtpx:hr>165</gpxtpx:hr>
     </gpxtpx:TrackPointExtension>
    </extensions>
   </trkpt>
   <trkpt lat="27.6942410" lon="85.3193640">
    <ele>1287.2</ele>
    <time>2025-10-25T00:44:35Z</time>
    <extensions>
     <gpxtpx:TrackPointExtension>
      <gpxtpx:hr>165</gpxtpx:hr>
     </gpxtpx:TrackPointExtension>
    </extensions>
   </trkpt>
   <trkpt lat="27.6942610" lon="85.3193830">
    <ele>1287.2</ele>
    <time>2025-10-25T00:44:36Z</time>
    <extensions>
     <gpxtpx:TrackPointExtension>
      <gpxtpx:hr>165</gpxtpx:hr>
     </gpxtpx:TrackPointExtension>
    </extensions>
   </trkpt>
   <trkpt lat="27.6942800" lon="85.3194020">
    <ele>1287.2</ele>
    <time>2025-10-25T00:44:37Z</time>
    <extensions>
     <gpxtpx:TrackPointExtension>
      <gpxtpx:hr>165</gpxtpx:hr>
     </gpxtpx:TrackPointExtension>
    </extensions>
   </trkpt>
   <trkpt lat="27.6942990" lon="85.3194220">
    <ele>1287.2</ele>
    <time>2025-10-25T00:44:38Z</time>
    <extensions>
     <gpxtpx:TrackPointExtension>
      <gpxtpx:hr>165</gpxtpx:hr>
     </gpxtpx:TrackPointExtension>
    </extensions>
   </trkpt>
   <trkpt lat="27.6943170" lon="85.3194420">
    <ele>1287.2</ele>
    <time>2025-10-25T00:44:39Z</time>
    <extensions>
     <gpxtpx:TrackPointExtension>
      <gpxtpx:hr>165</gpxtpx:hr>
     </gpxtpx:TrackPointExtension>
    </extensions>
   </trkpt>
   <trkpt lat="27.6943350" lon="85.3194630">
    <ele>1287.2</ele>
    <time>2025-10-25T00:44:40Z</time>
    <extensions>
     <gpxtpx:TrackPointExtension>
      <gpxtpx:hr>165</gpxtpx:hr>
     </gpxtpx:TrackPointExtension>
    </extensions>
   </trkpt>
   <trkpt lat="27.6943510" lon="85.3194840">
    <ele>1287.2</ele>
    <time>2025-10-25T00:44:41Z</time>
    <extensions>
     <gpxtpx:TrackPointExtension>
      <gpxtpx:hr>165</gpxtpx:hr>
     </gpxtpx:TrackPointExtension>
    </extensions>
   </trkpt>
   <trkpt lat="27.6943670" lon="85.3195060">
    <ele>1287.2</ele>
    <time>2025-10-25T00:44:42Z</time>
    <extensions>
     <gpxtpx:TrackPointExtension>
      <gpxtpx:hr>165</gpxtpx:hr>
     </gpxtpx:TrackPointExtension>
    </extensions>
   </trkpt>
   <trkpt lat="27.6943830" lon="85.3195280">
    <ele>1287.2</ele>
    <time>2025-10-25T00:44:43Z</time>
    <extensions>
     <gpxtpx:TrackPointExtension>
      <gpxtpx:hr>165</gpxtpx:hr>
     </gpxtpx:TrackPointExtension>
    </extensions>
   </trkpt>
   <trkpt lat="27.6943980" lon="85.3195500">
    <ele>1287.2</ele>
    <time>2025-10-25T00:44:44Z</time>
    <extensions>
     <gpxtpx:TrackPointExtension>
      <gpxtpx:hr>165</gpxtpx:hr>
     </gpxtpx:TrackPointExtension>
    </extensions>
   </trkpt>
   <trkpt lat="27.6944120" lon="85.3195720">
    <ele>1287.2</ele>
    <time>2025-10-25T00:44:45Z</time>
    <extensions>
     <gpxtpx:TrackPointExtension>
      <gpxtpx:hr>165</gpxtpx:hr>
     </gpxtpx:TrackPointExtension>
    </extensions>
   </trkpt>
   <trkpt lat="27.6944270" lon="85.3195950">
    <ele>1287.2</ele>
    <time>2025-10-25T00:44:46Z</time>
    <extensions>
     <gpxtpx:TrackPointExtension>
      <gpxtpx:hr>165</gpxtpx:hr>
     </gpxtpx:TrackPointExtension>
    </extensions>
   </trkpt>
   <trkpt lat="27.6944400" lon="85.3196180">
    <ele>1287.2</ele>
    <time>2025-10-25T00:44:47Z</time>
    <extensions>
     <gpxtpx:TrackPointExtension>
      <gpxtpx:hr>165</gpxtpx:hr>
     </gpxtpx:TrackPointExtension>
    </extensions>
   </trkpt>
   <trkpt lat="27.6944540" lon="85.3196420">
    <ele>1287.2</ele>
    <time>2025-10-25T00:44:48Z</time>
    <extensions>
     <gpxtpx:TrackPointExtension>
      <gpxtpx:hr>165</gpxtpx:hr>
     </gpxtpx:TrackPointExtension>
    </extensions>
   </trkpt>
   <trkpt lat="27.6944680" lon="85.3196650">
    <ele>1287.2</ele>
    <time>2025-10-25T00:44:49Z</time>
    <extensions>
     <gpxtpx:TrackPointExtension>
      <gpxtpx:hr>165</gpxtpx:hr>
     </gpxtpx:TrackPointExtension>
    </extensions>
   </trkpt>
   <trkpt lat="27.6944810" lon="85.3196890">
    <ele>1287.2</ele>
    <time>2025-10-25T00:44:50Z</time>
    <extensions>
     <gpxtpx:TrackPointExtension>
      <gpxtpx:hr>165</gpxtpx:hr>
     </gpxtpx:TrackPointExtension>
    </extensions>
   </trkpt>
   <trkpt lat="27.6944950" lon="85.3197120">
    <ele>1287.2</ele>
    <time>2025-10-25T00:44:51Z</time>
    <extensions>
     <gpxtpx:TrackPointExtension>
      <gpxtpx:hr>165</gpxtpx:hr>
     </gpxtpx:TrackPointExtension>
    </extensions>
   </trkpt>
   <trkpt lat="27.6945090" lon="85.3197340">
    <ele>1287.2</ele>
    <time>2025-10-25T00:44:52Z</time>
    <extensions>
     <gpxtpx:TrackPointExtension>
      <gpxtpx:hr>165</gpxtpx:hr>
     </gpxtpx:TrackPointExtension>
    </extensions>
   </trkpt>
   <trkpt lat="27.6945240" lon="85.3197570">
    <ele>1287.2</ele>
    <time>2025-10-25T00:44:53Z</time>
    <extensions>
     <gpxtpx:TrackPointExtension>
      <gpxtpx:hr>165</gpxtpx:hr>
     </gpxtpx:TrackPointExtension>
    </extensions>
   </trkpt>
   <trkpt lat="27.6945390" lon="85.3197790">
    <ele>1287.2</ele>
    <time>2025-10-25T00:44:54Z</time>
    <extensions>
     <gpxtpx:TrackPointExtension>
      <gpxtpx:hr>165</gpxtpx:hr>
     </gpxtpx:TrackPointExtension>
    </extensions>
   </trkpt>
   <trkpt lat="27.6945540" lon="85.3198020">
    <ele>1287.2</ele>
    <time>2025-10-25T00:44:55Z</time>
    <extensions>
     <gpxtpx:TrackPointExtension>
      <gpxtpx:hr>165</gpxtpx:hr>
     </gpxtpx:TrackPointExtension>
    </extensions>
   </trkpt>
   <trkpt lat="27.6945680" lon="85.3198250">
    <ele>1287.2</ele>
    <time>2025-10-25T00:44:56Z</time>
    <extensions>
     <gpxtpx:TrackPointExtension>
      <gpxtpx:hr>165</gpxtpx:hr>
     </gpxtpx:TrackPointExtension>
    </extensions>
   </trkpt>
   <trkpt lat="27.6945810" lon="85.3198490">
    <ele>1287.2</ele>
    <time>2025-10-25T00:44:57Z</time>
    <extensions>
     <gpxtpx:TrackPointExtension>
      <gpxtpx:hr>165</gpxtpx:hr>
     </gpxtpx:TrackPointExtension>
    </extensions>
   </trkpt>
   <trkpt lat="27.6945940" lon="85.3198720">
    <ele>1287.2</ele>
    <time>2025-10-25T00:44:58Z</time>
    <extensions>
     <gpxtpx:TrackPointExtension>
      <gpxtpx:hr>165</gpxtpx:hr>
     </gpxtpx:TrackPointExtension>
    </extensions>
   </trkpt>
   <trkpt lat="27.6946060" lon="85.3198950">
    <ele>1287.2</ele>
    <time>2025-10-25T00:44:59Z</time>
    <extensions>
     <gpxtpx:TrackPointExtension>
      <gpxtpx:hr>165</gpxtpx:hr>
     </gpxtpx:TrackPointExtension>
    </extensions>
   </trkpt>
   <trkpt lat="27.6946180" lon="85.3199180">
    <ele>1287.0</ele>
    <time>2025-10-25T00:45:00Z</time>
    <extensions>
     <gpxtpx:TrackPointExtension>
      <gpxtpx:hr>165</gpxtpx:hr>
     </gpxtpx:TrackPointExtension>
    </extensions>
   </trkpt>
   <trkpt lat="27.6946300" lon="85.3199410">
    <ele>1287.0</ele>
    <time>2025-10-25T00:45:01Z</time>
    <extensions>
     <gpxtpx:TrackPointExtension>
      <gpxtpx:hr>165</gpxtpx:hr>
     </gpxtpx:TrackPointExtension>
    </extensions>
   </trkpt>
   <trkpt lat="27.6946430" lon="85.3199650">
    <ele>1287.0</ele>
    <time>2025-10-25T00:45:02Z</time>
    <extensions>
     <gpxtpx:TrackPointExtension>
      <gpxtpx:hr>165</gpxtpx:hr>
     </gpxtpx:TrackPointExtension>
    </extensions>
   </trkpt>
   <trkpt lat="27.6946560" lon="85.3199890">
    <ele>1287.0</ele>
    <time>2025-10-25T00:45:03Z</time>
    <extensions>
     <gpxtpx:TrackPointExtension>
      <gpxtpx:hr>165</gpxtpx:hr>
     </gpxtpx:TrackPointExtension>
    </extensions>
   </trkpt>
   <trkpt lat="27.6946700" lon="85.3200130">
    <ele>1287.0</ele>
    <time>2025-10-25T00:45:04Z</time>
    <extensions>
     <gpxtpx:TrackPointExtension>
      <gpxtpx:hr>165</gpxtpx:hr>
     </gpxtpx:TrackPointExtension>
    </extensions>
   </trkpt>
   <trkpt lat="27.6946830" lon="85.3200370">
    <ele>1287.0</ele>
    <time>2025-10-25T00:45:05Z</time>
    <extensions>
     <gpxtpx:TrackPointExtension>
      <gpxtpx:hr>165</gpxtpx:hr>
     </gpxtpx:TrackPointExtension>
    </extensions>
   </trkpt>
   <trkpt lat="27.6946970" lon="85.3200600">
    <ele>1287.0</ele>
    <time>2025-10-25T00:45:06Z</time>
    <extensions>
     <gpxtpx:TrackPointExtension>
      <gpxtpx:hr>165</gpxtpx:hr>
     </gpxtpx:TrackPointExtension>
    </extensions>
   </trkpt>
   <trkpt lat="27.6947110" lon="85.3200830">
    <ele>1287.0</ele>
    <time>2025-10-25T00:45:07Z</time>
    <extensions>
     <gpxtpx:TrackPointExtension>
      <gpxtpx:hr>165</gpxtpx:hr>
     </gpxtpx:TrackPointExtension>
    </extensions>
   </trkpt>
   <trkpt lat="27.6947250" lon="85.3201060">
    <ele>1286.8</ele>
    <time>2025-10-25T00:45:08Z</time>
    <extensions>
     <gpxtpx:TrackPointExtension>
      <gpxtpx:hr>165</gpxtpx:hr>
     </gpxtpx:TrackPointExtension>
    </extensions>
   </trkpt>
   <trkpt lat="27.6947400" lon="85.3201280">
    <ele>1286.8</ele>
    <time>2025-10-25T00:45:09Z</time>
    <extensions>
     <gpxtpx:TrackPointExtension>
      <gpxtpx:hr>165</gpxtpx:hr>
     </gpxtpx:TrackPointExtension>
    </extensions>
   </trkpt>
   <trkpt lat="27.6947550" lon="85.3201500">
    <ele>1286.8</ele>
    <time>2025-10-25T00:45:10Z</time>
    <extensions>
     <gpxtpx:TrackPointExtension>
      <gpxtpx:hr>165</gpxtpx:hr>
     </gpxtpx:TrackPointExtension>
    </extensions>
   </trkpt>
   <trkpt lat="27.6947710" lon="85.3201710">
    <ele>1286.8</ele>
    <time>2025-10-25T00:45:11Z</time>
    <extensions>
     <gpxtpx:TrackPointExtension>
      <gpxtpx:hr>165</gpxtpx:hr>
     </gpxtpx:TrackPointExtension>
    </extensions>
   </trkpt>
   <trkpt lat="27.6947880" lon="85.3201930">
    <ele>1286.8</ele>
    <time>2025-10-25T00:45:12Z</time>
    <extensions>
     <gpxtpx:TrackPointExtension>
      <gpxtpx:hr>165</gpxtpx:hr>
     </gpxtpx:TrackPointExtension>
    </extensions>
   </trkpt>
   <trkpt lat="27.6948060" lon="85.3202150">
    <ele>1286.8</ele>
    <time>2025-10-25T00:45:13Z</time>
    <extensions>
     <gpxtpx:TrackPointExtension>
      <gpxtpx:hr>165</gpxtpx:hr>
     </gpxtpx:TrackPointExtension>
    </extensions>
   </trkpt>
   <trkpt lat="27.6948230" lon="85.3202390">
    <ele>1286.8</ele>
    <time>2025-10-25T00:45:14Z</time>
    <extensions>
     <gpxtpx:TrackPointExtension>
      <gpxtpx:hr>165</gpxtpx:hr>
     </gpxtpx:TrackPointExtension>
    </extensions>
   </trkpt>
   <trkpt lat="27.6948400" lon="85.3202630">
    <ele>1286.8</ele>
    <time>2025-10-25T00:45:15Z</time>
    <extensions>
     <gpxtpx:TrackPointExtension>
      <gpxtpx:hr>165</gpxtpx:hr>
     </gpxtpx:TrackPointExtension>
    </extensions>
   </trkpt>
   <trkpt lat="27.6948550" lon="85.3202880">
    <ele>1286.8</ele>
    <time>2025-10-25T00:45:16Z</time>
    <extensions>
     <gpxtpx:TrackPointExtension>
      <gpxtpx:hr>165</gpxtpx:hr>
     </gpxtpx:TrackPointExtension>
    </extensions>
   </trkpt>
   <trkpt lat="27.6948700" lon="85.3203140">
    <ele>1286.6</ele>
    <time>2025-10-25T00:45:17Z</time>
    <extensions>
     <gpxtpx:TrackPointExtension>
      <gpxtpx:hr>165</gpxtpx:hr>
     </gpxtpx:TrackPointExtension>
    </extensions>
   </trkpt>
   <trkpt lat="27.6948840" lon="85.3203400">
    <ele>1286.6</ele>
    <time>2025-10-25T00:45:18Z</time>
    <extensions>
     <gpxtpx:TrackPointExtension>
      <gpxtpx:hr>165</gpxtpx:hr>
     </gpxtpx:TrackPointExtension>
    </extensions>
   </trkpt>
   <trkpt lat="27.6948970" lon="85.3203660">
    <ele>1286.6</ele>
    <time>2025-10-25T00:45:19Z</time>
    <extensions>
     <gpxtpx:TrackPointExtension>
      <gpxtpx:hr>165</gpxtpx:hr>
     </gpxtpx:TrackPointExtension>
    </extensions>
   </trkpt>
   <trkpt lat="27.6949090" lon="85.3203930">
    <ele>1286.6</ele>
    <time>2025-10-25T00:45:20Z</time>
    <extensions>
     <gpxtpx:TrackPointExtension>
      <gpxtpx:hr>165</gpxtpx:hr>
     </gpxtpx:TrackPointExtension>
    </extensions>
   </trkpt>
   <trkpt lat="27.6949220" lon="85.3204200">
    <ele>1286.6</ele>
    <time>2025-10-25T00:45:21Z</time>
    <extensions>
     <gpxtpx:TrackPointExtension>
      <gpxtpx:hr>165</gpxtpx:hr>
     </gpxtpx:TrackPointExtension>
    </extensions>
   </trkpt>
   <trkpt lat="27.6949340" lon="85.3204470">
    <ele>1286.8</ele>
    <time>2025-10-25T00:45:22Z</time>
    <extensions>
     <gpxtpx:TrackPointExtension>
      <gpxtpx:hr>165</gpxtpx:hr>
     </gpxtpx:TrackPointExtension>
    </extensions>
   </trkpt>
   <trkpt lat="27.6949450" lon="85.3204740">
    <ele>1286.8</ele>
    <time>2025-10-25T00:45:23Z</time>
    <extensions>
     <gpxtpx:TrackPointExtension>
      <gpxtpx:hr>165</gpxtpx:hr>
     </gpxtpx:TrackPointExtension>
    </extensions>
   </trkpt>
   <trkpt lat="27.6949560" lon="85.3205010">
    <ele>1286.8</ele>
    <time>2025-10-25T00:45:24Z</time>
    <extensions>
     <gpxtpx:TrackPointExtension>
      <gpxtpx:hr>165</gpxtpx:hr>
     </gpxtpx:TrackPointExtension>
    </extensions>
   </trkpt>
   <trkpt lat="27.6949660" lon="85.3205280">
    <ele>1286.8</ele>
    <time>2025-10-25T00:45:25Z</time>
    <extensions>
     <gpxtpx:TrackPointExtension>
      <gpxtpx:hr>165</gpxtpx:hr>
     </gpxtpx:TrackPointExtension>
    </extensions>
   </trkpt>
   <trkpt lat="27.6949730" lon="85.3205550">
    <ele>1286.8</ele>
    <time>2025-10-25T00:45:26Z</time>
    <extensions>
     <gpxtpx:TrackPointExtension>
      <gpxtpx:hr>165</gpxtpx:hr>
     </gpxtpx:TrackPointExtension>
    </extensions>
   </trkpt>
   <trkpt lat="27.6949790" lon="85.3205820">
    <ele>1286.8</ele>
    <time>2025-10-25T00:45:27Z</time>
    <extensions>
     <gpxtpx:TrackPointExtension>
      <gpxtpx:hr>165</gpxtpx:hr>
     </gpxtpx:TrackPointExtension>
    </extensions>
   </trkpt>
   <trkpt lat="27.6949850" lon="85.3206080">
    <ele>1286.8</ele>
    <time>2025-10-25T00:45:28Z</time>
    <extensions>
     <gpxtpx:TrackPointExtension>
      <gpxtpx:hr>165</gpxtpx:hr>
     </gpxtpx:TrackPointExtension>
    </extensions>
   </trkpt>
   <trkpt lat="27.6949910" lon="85.3206330">
    <ele>1286.8</ele>
    <time>2025-10-25T00:45:29Z</time>
    <extensions>
     <gpxtpx:TrackPointExtension>
      <gpxtpx:hr>165</gpxtpx:hr>
     </gpxtpx:TrackPointExtension>
    </extensions>
   </trkpt>
   <trkpt lat="27.6949990" lon="85.3206560">
    <ele>1286.8</ele>
    <time>2025-10-25T00:45:30Z</time>
    <extensions>
     <gpxtpx:TrackPointExtension>
      <gpxtpx:hr>165</gpxtpx:hr>
     </gpxtpx:TrackPointExtension>
    </extensions>
   </trkpt>
   <trkpt lat="27.6950090" lon="85.3206790">
    <ele>1286.8</ele>
    <time>2025-10-25T00:45:31Z</time>
    <extensions>
     <gpxtpx:TrackPointExtension>
      <gpxtpx:hr>165</gpxtpx:hr>
     </gpxtpx:TrackPointExtension>
    </extensions>
   </trkpt>
   <trkpt lat="27.6950210" lon="85.3207020">
    <ele>1286.8</ele>
    <time>2025-10-25T00:45:32Z</time>
    <extensions>
     <gpxtpx:TrackPointExtension>
      <gpxtpx:hr>165</gpxtpx:hr>
     </gpxtpx:TrackPointExtension>
    </extensions>
   </trkpt>
   <trkpt lat="27.6950330" lon="85.3207240">
    <ele>1287.0</ele>
    <time>2025-10-25T00:45:33Z</time>
    <extensions>
     <gpxtpx:TrackPointExtension>
      <gpxtpx:hr>165</gpxtpx:hr>
     </gpxtpx:TrackPointExtension>
    </extensions>
   </trkpt>
   <trkpt lat="27.6950450" lon="85.3207470">
    <ele>1287.0</ele>
    <time>2025-10-25T00:45:34Z</time>
    <extensions>
     <gpxtpx:TrackPointExtension>
      <gpxtpx:hr>165</gpxtpx:hr>
     </gpxtpx:TrackPointExtension>
    </extensions>
   </trkpt>
   <trkpt lat="27.6950570" lon="85.3207700">
    <ele>1287.0</ele>
    <time>2025-10-25T00:45:35Z</time>
    <extensions>
     <gpxtpx:TrackPointExtension>
      <gpxtpx:hr>165</gpxtpx:hr>
     </gpxtpx:TrackPointExtension>
    </extensions>
   </trkpt>
   <trkpt lat="27.6950680" lon="85.3207940">
    <ele>1287.0</ele>
    <time>2025-10-25T00:45:36Z</time>
    <extensions>
     <gpxtpx:TrackPointExtension>
      <gpxtpx:hr>165</gpxtpx:hr>
     </gpxtpx:TrackPointExtension>
    </extensions>
   </trkpt>
   <trkpt lat="27.6950780" lon="85.3208160">
    <ele>1287.0</ele>
    <time>2025-10-25T00:45:37Z</time>
    <extensions>
     <gpxtpx:TrackPointExtension>
      <gpxtpx:hr>165</gpxtpx:hr>
     </gpxtpx:TrackPointExtension>
    </extensions>
   </trkpt>
   <trkpt lat="27.6950860" lon="85.3208390">
    <ele>1287.0</ele>
    <time>2025-10-25T00:45:38Z</time>
    <extensions>
     <gpxtpx:TrackPointExtension>
      <gpxtpx:hr>165</gpxtpx:hr>
     </gpxtpx:TrackPointExtension>
    </extensions>
   </trkpt>
   <trkpt lat="27.6950920" lon="85.3208620">
    <ele>1287.0</ele>
    <time>2025-10-25T00:45:39Z</time>
    <extensions>
     <gpxtpx:TrackPointExtension>
      <gpxtpx:hr>165</gpxtpx:hr>
     </gpxtpx:TrackPointExtension>
    </extensions>
   </trkpt>
   <trkpt lat="27.6950970" lon="85.3208870">
    <ele>1287.0</ele>
    <time>2025-10-25T00:45:40Z</time>
    <extensions>
     <gpxtpx:TrackPointExtension>
      <gpxtpx:hr>165</gpxtpx:hr>
     </gpxtpx:TrackPointExtension>
    </extensions>
   </trkpt>
   <trkpt lat="27.6951010" lon="85.3209120">
    <ele>1287.0</ele>
    <time>2025-10-25T00:45:41Z</time>
    <extensions>
     <gpxtpx:TrackPointExtension>
      <gpxtpx:hr>165</gpxtpx:hr>
     </gpxtpx:TrackPointExtension>
    </extensions>
   </trkpt>
   <trkpt lat="27.6951030" lon="85.3209380">
    <ele>1287.2</ele>
    <time>2025-10-25T00:45:42Z</time>
    <extensions>
     <gpxtpx:TrackPointExtension>
      <gpxtpx:hr>165</gpxtpx:hr>
     </gpxtpx:TrackPointExtension>
    </extensions>
   </trkpt>
   <trkpt lat="27.6951040" lon="85.3209640">
    <ele>1287.2</ele>
    <time>2025-10-25T00:45:43Z</time>
    <extensions>
     <gpxtpx:TrackPointExtension>
      <gpxtpx:hr>165</gpxtpx:hr>
     </gpxtpx:TrackPointExtension>
    </extensions>
   </trkpt>
   <trkpt lat="27.6951030" lon="85.3209910">
    <ele>1287.2</ele>
    <time>2025-10-25T00:45:44Z</time>
    <extensions>
     <gpxtpx:TrackPointExtension>
      <gpxtpx:hr>165</gpxtpx:hr>
     </gpxtpx:TrackPointExtension>
    </extensions>
   </trkpt>
   <trkpt lat="27.6951010" lon="85.3210160">
    <ele>1287.2</ele>
    <time>2025-10-25T00:45:45Z</time>
    <extensions>
     <gpxtpx:TrackPointExtension>
      <gpxtpx:hr>165</gpxtpx:hr>
     </gpxtpx:TrackPointExtension>
    </extensions>
   </trkpt>
   <trkpt lat="27.6950980" lon="85.3210420">
    <ele>1287.2</ele>
    <time>2025-10-25T00:45:46Z</time>
    <extensions>
     <gpxtpx:TrackPointExtension>
      <gpxtpx:hr>165</gpxtpx:hr>
     </gpxtpx:TrackPointExtension>
    </extensions>
   </trkpt>
   <trkpt lat="27.6950950" lon="85.3210690">
    <ele>1287.2</ele>
    <time>2025-10-25T00:45:47Z</time>
    <extensions>
     <gpxtpx:TrackPointExtension>
      <gpxtpx:hr>165</gpxtpx:hr>
     </gpxtpx:TrackPointExtension>
    </extensions>
   </trkpt>
   <trkpt lat="27.6950910" lon="85.3210950">
    <ele>1287.4</ele>
    <time>2025-10-25T00:45:48Z</time>
    <extensions>
     <gpxtpx:TrackPointExtension>
      <gpxtpx:hr>165</gpxtpx:hr>
     </gpxtpx:TrackPointExtension>
    </extensions>
   </trkpt>
   <trkpt lat="27.6950860" lon="85.3211220">
    <ele>1287.4</ele>
    <time>2025-10-25T00:45:49Z</time>
    <extensions>
     <gpxtpx:TrackPointExtension>
      <gpxtpx:hr>165</gpxtpx:hr>
     </gpxtpx:TrackPointExtension>
    </extensions>
   </trkpt>
   <trkpt lat="27.6950800" lon="85.3211490">
    <ele>1287.4</ele>
    <time>2025-10-25T00:45:50Z</time>
    <extensions>
     <gpxtpx:TrackPointExtension>
      <gpxtpx:hr>165</gpxtpx:hr>
     </gpxtpx:TrackPointExtension>
    </extensions>
   </trkpt>
   <trkpt lat="27.6950740" lon="85.3211750">
    <ele>1287.4</ele>
    <time>2025-10-25T00:45:51Z</time>
    <extensions>
     <gpxtpx:TrackPointExtension>
      <gpxtpx:hr>165</gpxtpx:hr>
     </gpxtpx:TrackPointExtension>
    </extensions>
   </trkpt>
   <trkpt lat="27.6950680" lon="85.3212010">
    <ele>1287.4</ele>
    <time>2025-10-25T00:45:52Z</time>
    <extensions>
     <gpxtpx:TrackPointExtension>
      <gpxtpx:hr>165</gpxtpx:hr>
     </gpxtpx:TrackPointExtension>
    </extensions>
   </trkpt>
   <trkpt lat="27.6950610" lon="85.3212260">
    <ele>1287.4</ele>
    <time>2025-10-25T00:45:53Z</time>
    <extensions>
     <gpxtpx:TrackPointExtension>
      <gpxtpx:hr>165</gpxtpx:hr>
     </gpxtpx:TrackPointExtension>
    </extensions>
   </trkpt>
   <trkpt lat="27.6950550" lon="85.3212520">
    <ele>1287.4</ele>
    <time>2025-10-25T00:45:54Z</time>
    <extensions>
     <gpxtpx:TrackPointExtension>
      <gpxtpx:hr>165</gpxtpx:hr>
     </gpxtpx:TrackPointExtension>
    </extensions>
   </trkpt>
   <trkpt lat="27.6950490" lon="85.3212770">
    <ele>1287.6</ele>
    <time>2025-10-25T00:45:55Z</time>
    <extensions>
     <gpxtpx:TrackPointExtension>
      <gpxtpx:hr>165</gpxtpx:hr>
     </gpxtpx:TrackPointExtension>
    </extensions>
   </trkpt>
   <trkpt lat="27.6950430" lon="85.3213030">
    <ele>1287.6</ele>
    <time>2025-10-25T00:45:56Z</time>
    <extensions>
     <gpxtpx:TrackPointExtension>
      <gpxtpx:hr>165</gpxtpx:hr>
     </gpxtpx:TrackPointExtension>
    </extensions>
   </trkpt>
   <trkpt lat="27.6950370" lon="85.3213290">
    <ele>1287.6</ele>
    <time>2025-10-25T00:45:57Z</time>
    <extensions>
     <gpxtpx:TrackPointExtension>
      <gpxtpx:hr>165</gpxtpx:hr>
     </gpxtpx:TrackPointExtension>
    </extensions>
   </trkpt>
   <trkpt lat="27.6950300" lon="85.3213560">
    <ele>1287.6</ele>
    <time>2025-10-25T00:45:58Z</time>
    <extensions>
     <gpxtpx:TrackPointExtension>
      <gpxtpx:hr>165</gpxtpx:hr>
     </gpxtpx:TrackPointExtension>
    </extensions>
   </trkpt>
   <trkpt lat="27.6950230" lon="85.3213820">
    <ele>1287.8</ele>
    <time>2025-10-25T00:45:59Z</time>
    <extensions>
     <gpxtpx:TrackPointExtension>
      <gpxtpx:hr>165</gpxtpx:hr>
     </gpxtpx:TrackPointExtension>
    </extensions>
   </trkpt>
   <trkpt lat="27.6950150" lon="85.3214080">
    <ele>1287.8</ele>
    <time>2025-10-25T00:46:00Z</time>
    <extensions>
     <gpxtpx:TrackPointExtension>
      <gpxtpx:hr>165</gpxtpx:hr>
     </gpxtpx:TrackPointExtension>
    </extensions>
   </trkpt>
   <trkpt lat="27.6950080" lon="85.3214330">
    <ele>1287.8</ele>
    <time>2025-10-25T00:46:01Z</time>
    <extensions>
     <gpxtpx:TrackPointExtension>
      <gpxtpx:hr>165</gpxtpx:hr>
     </gpxtpx:TrackPointExtension>
    </extensions>
   </trkpt>
   <trkpt lat="27.6950000" lon="85.3214580">
    <ele>1287.8</ele>
    <time>2025-10-25T00:46:02Z</time>
    <extensions>
     <gpxtpx:TrackPointExtension>
      <gpxtpx:hr>165</gpxtpx:hr>
     </gpxtpx:TrackPointExtension>
    </extensions>
   </trkpt>
   <trkpt lat="27.6949930" lon="85.3214820">
    <ele>1288.0</ele>
    <time>2025-10-25T00:46:03Z</time>
    <extensions>
     <gpxtpx:TrackPointExtension>
      <gpxtpx:hr>165</gpxtpx:hr>
     </gpxtpx:TrackPointExtension>
    </extensions>
   </trkpt>
   <trkpt lat="27.6949860" lon="85.3215060">
    <ele>1288.0</ele>
    <time>2025-10-25T00:46:04Z</time>
    <extensions>
     <gpxtpx:TrackPointExtension>
      <gpxtpx:hr>165</gpxtpx:hr>
     </gpxtpx:TrackPointExtension>
    </extensions>
   </trkpt>
   <trkpt lat="27.6949790" lon="85.3215300">
    <ele>1288.0</ele>
    <time>2025-10-25T00:46:05Z</time>
    <extensions>
     <gpxtpx:TrackPointExtension>
      <gpxtpx:hr>165</gpxtpx:hr>
     </gpxtpx:TrackPointExtension>
    </extensions>
   </trkpt>
   <trkpt lat="27.6949730" lon="85.3215530">
    <ele>1288.2</ele>
    <time>2025-10-25T00:46:06Z</time>
    <extensions>
     <gpxtpx:TrackPointExtension>
      <gpxtpx:hr>165</gpxtpx:hr>
     </gpxtpx:TrackPointExtension>
    </extensions>
   </trkpt>
   <trkpt lat="27.6949660" lon="85.3215770">
    <ele>1288.2</ele>
    <time>2025-10-25T00:46:07Z</time>
    <extensions>
     <gpxtpx:TrackPointExtension>
      <gpxtpx:hr>165</gpxtpx:hr>
     </gpxtpx:TrackPointExtension>
    </extensions>
   </trkpt>
   <trkpt lat="27.6949600" lon="85.3216000">
    <ele>1288.4</ele>
    <time>2025-10-25T00:46:08Z</time>
    <extensions>
     <gpxtpx:TrackPointExtension>
      <gpxtpx:hr>165</gpxtpx:hr>
     </gpxtpx:TrackPointExtension>
    </extensions>
   </trkpt>
   <trkpt lat="27.6949540" lon="85.3216230">
    <ele>1288.4</ele>
    <time>2025-10-25T00:46:09Z</time>
    <extensions>
     <gpxtpx:TrackPointExtension>
      <gpxtpx:hr>165</gpxtpx:hr>
     </gpxtpx:TrackPointExtension>
    </extensions>
   </trkpt>
   <trkpt lat="27.6949480" lon="85.3216460">
    <ele>1288.6</ele>
    <time>2025-10-25T00:46:10Z</time>
    <extensions>
     <gpxtpx:TrackPointExtension>
      <gpxtpx:hr>165</gpxtpx:hr>
     </gpxtpx:TrackPointExtension>
    </extensions>
   </trkpt>
   <trkpt lat="27.6949420" lon="85.3216700">
    <ele>1288.6</ele>
    <time>2025-10-25T00:46:11Z</time>
    <extensions>
     <gpxtpx:TrackPointExtension>
      <gpxtpx:hr>165</gpxtpx:hr>
     </gpxtpx:TrackPointExtension>
    </extensions>
   </trkpt>
   <trkpt lat="27.6949360" lon="85.3216940">
    <ele>1288.8</ele>
    <time>2025-10-25T00:46:12Z</time>
    <extensions>
     <gpxtpx:TrackPointExtension>
      <gpxtpx:hr>165</gpxtpx:hr>
     </gpxtpx:TrackPointExtension>
    </extensions>
   </trkpt>
   <trkpt lat="27.6949300" lon="85.3217190">
    <ele>1288.8</ele>
    <time>2025-10-25T00:46:13Z</time>
    <extensions>
     <gpxtpx:TrackPointExtension>
      <gpxtpx:hr>165</gpxtpx:hr>
     </gpxtpx:TrackPointExtension>
    </extensions>
   </trkpt>
   <trkpt lat="27.6949240" lon="85.3217450">
    <ele>1289.0</ele>
    <time>2025-10-25T00:46:14Z</time>
    <extensions>
     <gpxtpx:TrackPointExtension>
      <gpxtpx:hr>165</gpxtpx:hr>
     </gpxtpx:TrackPointExtension>
    </extensions>
   </trkpt>
   <trkpt lat="27.6949180" lon="85.3217700">
    <ele>1289.0</ele>
    <time>2025-10-25T00:46:15Z</time>
    <extensions>
     <gpxtpx:TrackPointExtension>
      <gpxtpx:hr>165</gpxtpx:hr>
     </gpxtpx:TrackPointExtension>
    </extensions>
   </trkpt>
   <trkpt lat="27.6949120" lon="85.3217960">
    <ele>1289.2</ele>
    <time>2025-10-25T00:46:16Z</time>
    <extensions>
     <gpxtpx:TrackPointExtension>
      <gpxtpx:hr>165</gpxtpx:hr>
     </gpxtpx:TrackPointExtension>
    </extensions>
   </trkpt>
   <trkpt lat="27.6949060" lon="85.3218210">
    <ele>1289.4</ele>
    <time>2025-10-25T00:46:17Z</time>
    <extensions>
     <gpxtpx:TrackPointExtension>
      <gpxtpx:hr>165</gpxtpx:hr>
     </gpxtpx:TrackPointExtension>
    </extensions>
   </trkpt>
   <trkpt lat="27.6949000" lon="85.3218460">
    <ele>1289.4</ele>
    <time>2025-10-25T00:46:18Z</time>
    <extensions>
     <gpxtpx:TrackPointExtension>
      <gpxtpx:hr>165</gpxtpx:hr>
     </gpxtpx:TrackPointExtension>
    </extensions>
   </trkpt>
   <trkpt lat="27.6948940" lon="85.3218710">
    <ele>1289.6</ele>
    <time>2025-10-25T00:46:19Z</time>
    <extensions>
     <gpxtpx:TrackPointExtension>
      <gpxtpx:hr>165</gpxtpx:hr>
     </gpxtpx:TrackPointExtension>
    </extensions>
   </trkpt>
   <trkpt lat="27.6948880" lon="85.3218960">
    <ele>1289.6</ele>
    <time>2025-10-25T00:46:20Z</time>
    <extensions>
     <gpxtpx:TrackPointExtension>
      <gpxtpx:hr>165</gpxtpx:hr>
     </gpxtpx:TrackPointExtension>
    </extensions>
   </trkpt>
   <trkpt lat="27.6948820" lon="85.3219210">
    <ele>1289.6</ele>
    <time>2025-10-25T00:46:21Z</time>
    <extensions>
     <gpxtpx:TrackPointExtension>
      <gpxtpx:hr>165</gpxtpx:hr>
     </gpxtpx:TrackPointExtension>
    </extensions>
   </trkpt>
   <trkpt lat="27.6948760" lon="85.3219470">
    <ele>1289.8</ele>
    <time>2025-10-25T00:46:22Z</time>
    <extensions>
     <gpxtpx:TrackPointExtension>
      <gpxtpx:hr>165</gpxtpx:hr>
     </gpxtpx:TrackPointExtension>
    </extensions>
   </trkpt>
   <trkpt lat="27.6948700" lon="85.3219730">
    <ele>1289.8</ele>
    <time>2025-10-25T00:46:23Z</time>
    <extensions>
     <gpxtpx:TrackPointExtension>
      <gpxtpx:hr>165</gpxtpx:hr>
     </gpxtpx:TrackPointExtension>
    </extensions>
   </trkpt>
   <trkpt lat="27.6948650" lon="85.3219980">
    <ele>1290.0</ele>
    <time>2025-10-25T00:46:24Z</time>
    <extensions>
     <gpxtpx:TrackPointExtension>
      <gpxtpx:hr>165</gpxtpx:hr>
     </gpxtpx:TrackPointExtension>
    </extensions>
   </trkpt>
   <trkpt lat="27.6948600" lon="85.3220250">
    <ele>1290.0</ele>
    <time>2025-10-25T00:46:25Z</time>
    <extensions>
     <gpxtpx:TrackPointExtension>
      <gpxtpx:hr>165</gpxtpx:hr>
     </gpxtpx:TrackPointExtension>
    </extensions>
   </trkpt>
   <trkpt lat="27.6948550" lon="85.3220520">
    <ele>1290.0</ele>
    <time>2025-10-25T00:46:26Z</time>
    <extensions>
     <gpxtpx:TrackPointExtension>
      <gpxtpx:hr>165</gpxtpx:hr>
     </gpxtpx:TrackPointExtension>
    </extensions>
   </trkpt>
   <trkpt lat="27.6948510" lon="85.3220780">
    <ele>1290.2</ele>
    <time>2025-10-25T00:46:27Z</time>
    <extensions>
     <gpxtpx:TrackPointExtension>
      <gpxtpx:hr>165</gpxtpx:hr>
     </gpxtpx:TrackPointExtension>
    </extensions>
   </trkpt>
   <trkpt lat="27.6948460" lon="85.3221050">
    <ele>1290.2</ele>
    <time>2025-10-25T00:46:28Z</time>
    <extensions>
     <gpxtpx:TrackPointExtension>
      <gpxtpx:hr>165</gpxtpx:hr>
     </gpxtpx:TrackPointExtension>
    </extensions>
   </trkpt>
   <trkpt lat="27.6948420" lon="85.3221320">
    <ele>1290.2</ele>
    <time>2025-10-25T00:46:29Z</time>
    <extensions>
     <gpxtpx:TrackPointExtension>
      <gpxtpx:hr>165</gpxtpx:hr>
     </gpxtpx:TrackPointExtension>
    </extensions>
   </trkpt>
   <trkpt lat="27.6948380" lon="85.3221600">
    <ele>1290.4</ele>
    <time>2025-10-25T00:46:30Z</time>
    <extensions>
     <gpxtpx:TrackPointExtension>
      <gpxtpx:hr>165</gpxtpx:hr>
     </gpxtpx:TrackPointExtension>
    </extensions>
   </trkpt>
   <trkpt lat="27.6948340" lon="85.3221870">
    <ele>1290.4</ele>
    <time>2025-10-25T00:46:31Z</time>
    <extensions>
     <gpxtpx:TrackPointExtension>
      <gpxtpx:hr>165</gpxtpx:hr>
     </gpxtpx:TrackPointExtension>
    </extensions>
   </trkpt>
   <trkpt lat="27.6948300" lon="85.3222140">
    <ele>1290.4</ele>
    <time>2025-10-25T00:46:32Z</time>
    <extensions>
     <gpxtpx:TrackPointExtension>
      <gpxtpx:hr>165</gpxtpx:hr>
     </gpxtpx:TrackPointExtension>
    </extensions>
   </trkpt>
   <trkpt lat="27.6948260" lon="85.3222410">
    <ele>1290.6</ele>
    <time>2025-10-25T00:46:33Z</time>
    <extensions>
     <gpxtpx:TrackPointExtension>
      <gpxtpx:hr>165</gpxtpx:hr>
     </gpxtpx:TrackPointExtension>
    </extensions>
   </trkpt>
   <trkpt lat="27.6948220" lon="85.3222680">
    <ele>1290.6</ele>
    <time>2025-10-25T00:46:34Z</time>
    <extensions>
     <gpxtpx:TrackPointExtension>
      <gpxtpx:hr>165</gpxtpx:hr>
     </gpxtpx:TrackPointExtension>
    </extensions>
   </trkpt>
   <trkpt lat="27.6948180" lon="85.3222950">
    <ele>1290.6</ele>
    <time>2025-10-25T00:46:35Z</time>
    <extensions>
     <gpxtpx:TrackPointExtension>
      <gpxtpx:hr>165</gpxtpx:hr>
     </gpxtpx:TrackPointExtension>
    </extensions>
   </trkpt>
   <trkpt lat="27.6948140" lon="85.3223230">
    <ele>1290.6</ele>
    <time>2025-10-25T00:46:36Z</time>
    <extensions>
     <gpxtpx:TrackPointExtension>
      <gpxtpx:hr>165</gpxtpx:hr>
     </gpxtpx:TrackPointExtension>
    </extensions>
   </trkpt>
   <trkpt lat="27.6948110" lon="85.3223500">
    <ele>1290.8</ele>
    <time>2025-10-25T00:46:37Z</time>
    <extensions>
     <gpxtpx:TrackPointExtension>
      <gpxtpx:hr>165</gpxtpx:hr>
     </gpxtpx:TrackPointExtension>
    </extensions>
   </trkpt>
   <trkpt lat="27.6948070" lon="85.3223770">
    <ele>1290.8</ele>
    <time>2025-10-25T00:46:38Z</time>
    <extensions>
     <gpxtpx:TrackPointExtension>
      <gpxtpx:hr>165</gpxtpx:hr>
     </gpxtpx:TrackPointExtension>
    </extensions>
   </trkpt>
   <trkpt lat="27.6948040" lon="85.3224050">
    <ele>1290.8</ele>
    <time>2025-10-25T00:46:39Z</time>
    <extensions>
     <gpxtpx:TrackPointExtension>
      <gpxtpx:hr>165</gpxtpx:hr>
     </gpxtpx:TrackPointExtension>
    </extensions>
   </trkpt>
   <trkpt lat="27.6948010" lon="85.3224320">
    <ele>1290.8</ele>
    <time>2025-10-25T00:46:40Z</time>
    <extensions>
     <gpxtpx:TrackPointExtension>
      <gpxtpx:hr>165</gpxtpx:hr>
     </gpxtpx:TrackPointExtension>
    </extensions>
   </trkpt>
   <trkpt lat="27.6947970" lon="85.3224600">
    <ele>1290.8</ele>
    <time>2025-10-25T00:46:41Z</time>
    <extensions>
     <gpxtpx:TrackPointExtension>
      <gpxtpx:hr>165</gpxtpx:hr>
     </gpxtpx:TrackPointExtension>
    </extensions>
   </trkpt>
   <trkpt lat="27.6947930" lon="85.3224880">
    <ele>1291.0</ele>
    <time>2025-10-25T00:46:42Z</time>
    <extensions>
     <gpxtpx:TrackPointExtension>
      <gpxtpx:hr>165</gpxtpx:hr>
     </gpxtpx:TrackPointExtension>
    </extensions>
   </trkpt>
   <trkpt lat="27.6947890" lon="85.3225160">
    <ele>1291.0</ele>
    <time>2025-10-25T00:46:43Z</time>
    <extensions>
     <gpxtpx:TrackPointExtension>
      <gpxtpx:hr>165</gpxtpx:hr>
     </gpxtpx:TrackPointExtension>
    </extensions>
   </trkpt>
   <trkpt lat="27.6947850" lon="85.3225440">
    <ele>1291.0</ele>
    <time>2025-10-25T00:46:44Z</time>
    <extensions>
     <gpxtpx:TrackPointExtension>
      <gpxtpx:hr>165</gpxtpx:hr>
     </gpxtpx:TrackPointExtension>
    </extensions>
   </trkpt>
   <trkpt lat="27.6947800" lon="85.3225710">
    <ele>1291.0</ele>
    <time>2025-10-25T00:46:45Z</time>
    <extensions>
     <gpxtpx:TrackPointExtension>
      <gpxtpx:hr>165</gpxtpx:hr>
     </gpxtpx:TrackPointExtension>
    </extensions>
   </trkpt>
   <trkpt lat="27.6947750" lon="85.3225980">
    <ele>1291.0</ele>
    <time>2025-10-25T00:46:46Z</time>
    <extensions>
     <gpxtpx:TrackPointExtension>
      <gpxtpx:hr>165</gpxtpx:hr>
     </gpxtpx:TrackPointExtension>
    </extensions>
   </trkpt>
   <trkpt lat="27.6947690" lon="85.3226250">
    <ele>1291.2</ele>
    <time>2025-10-25T00:46:47Z</time>
    <extensions>
     <gpxtpx:TrackPointExtension>
      <gpxtpx:hr>165</gpxtpx:hr>
     </gpxtpx:TrackPointExtension>
    </extensions>
   </trkpt>
   <trkpt lat="27.6947630" lon="85.3226520">
    <ele>1291.2</ele>
    <time>2025-10-25T00:46:48Z</time>
    <extensions>
     <gpxtpx:TrackPointExtension>
      <gpxtpx:hr>165</gpxtpx:hr>
     </gpxtpx:TrackPointExtension>
    </extensions>
   </trkpt>
   <trkpt lat="27.6947570" lon="85.3226780">
    <ele>1291.2</ele>
    <time>2025-10-25T00:46:49Z</time>
    <extensions>
     <gpxtpx:TrackPointExtension>
      <gpxtpx:hr>165</gpxtpx:hr>
     </gpxtpx:TrackPointExtension>
    </extensions>
   </trkpt>
   <trkpt lat="27.6947510" lon="85.3227030">
    <ele>1291.2</ele>
    <time>2025-10-25T00:46:50Z</time>
    <extensions>
     <gpxtpx:TrackPointExtension>
      <gpxtpx:hr>165</gpxtpx:hr>
     </gpxtpx:TrackPointExtension>
    </extensions>
   </trkpt>
   <trkpt lat="27.6947450" lon="85.3227270">
    <ele>1291.2</ele>
    <time>2025-10-25T00:46:51Z</time>
    <extensions>
     <gpxtpx:TrackPointExtension>
      <gpxtpx:hr>165</gpxtpx:hr>
     </gpxtpx:TrackPointExtension>
    </extensions>
   </trkpt>
   <trkpt lat="27.6947380" lon="85.3227520">
    <ele>1291.2</ele>
    <time>2025-10-25T00:46:52Z</time>
    <extensions>
     <gpxtpx:TrackPointExtension>
      <gpxtpx:hr>165</gpxtpx:hr>
     </gpxtpx:TrackPointExtension>
    </extensions>
   </trkpt>
   <trkpt lat="27.6947310" lon="85.3227770">
    <ele>1291.2</ele>
    <time>2025-10-25T00:46:53Z</time>
    <extensions>
     <gpxtpx:TrackPointExtension>
      <gpxtpx:hr>165</gpxtpx:hr>
     </gpxtpx:TrackPointExtension>
    </extensions>
   </trkpt>
   <trkpt lat="27.6947240" lon="85.3228020">
    <ele>1291.2</ele>
    <time>2025-10-25T00:46:54Z</time>
    <extensions>
     <gpxtpx:TrackPointExtension>
      <gpxtpx:hr>165</gpxtpx:hr>
     </gpxtpx:TrackPointExtension>
    </extensions>
   </trkpt>
   <trkpt lat="27.6947180" lon="85.3228280">
    <ele>1291.2</ele>
    <time>2025-10-25T00:46:55Z</time>
    <extensions>
     <gpxtpx:TrackPointExtension>
      <gpxtpx:hr>165</gpxtpx:hr>
     </gpxtpx:TrackPointExtension>
    </extensions>
   </trkpt>
   <trkpt lat="27.6947110" lon="85.3228540">
    <ele>1291.4</ele>
    <time>2025-10-25T00:46:56Z</time>
    <extensions>
     <gpxtpx:TrackPointExtension>
      <gpxtpx:hr>165</gpxtpx:hr>
     </gpxtpx:TrackPointExtension>
    </extensions>
   </trkpt>
   <trkpt lat="27.6947040" lon="85.3228800">
    <ele>1291.4</ele>
    <time>2025-10-25T00:46:57Z</time>
    <extensions>
     <gpxtpx:TrackPointExtension>
      <gpxtpx:hr>165</gpxtpx:hr>
     </gpxtpx:TrackPointExtension>
    </extensions>
   </trkpt>
   <trkpt lat="27.6946970" lon="85.3229060">
    <ele>1291.4</ele>
    <time>2025-10-25T00:46:58Z</time>
    <extensions>
     <gpxtpx:TrackPointExtension>
      <gpxtpx:hr>165</gpxtpx:hr>
     </gpxtpx:TrackPointExtension>
    </extensions>
   </trkpt>
   <trkpt lat="27.6946910" lon="85.3229320">
    <ele>1291.4</ele>
    <time>2025-10-25T00:46:59Z</time>
    <extensions>
     <gpxtpx:TrackPointExtension>
      <gpxtpx:hr>165</gpxtpx:hr>
     </gpxtpx:TrackPointExtension>
    </extensions>
   </trkpt>
   <trkpt lat="27.6946850" lon="85.3229580">
    <ele>1291.4</ele>
    <time>2025-10-25T00:47:00Z</time>
    <extensions>
     <gpxtpx:TrackPointExtension>
      <gpxtpx:hr>165</gpxtpx:hr>
     </gpxtpx:TrackPointExtension>
    </extensions>
   </trkpt>
   <trkpt lat="27.6946790" lon="85.3229840">
    <ele>1291.4</ele>
    <time>2025-10-25T00:47:01Z</time>
    <extensions>
     <gpxtpx:TrackPointExtension>
      <gpxtpx:hr>165</gpxtpx:hr>
     </gpxtpx:TrackPointExtension>
    </extensions>
   </trkpt>
   <trkpt lat="27.6946740" lon="85.3230100">
    <ele>1291.6</ele>
    <time>2025-10-25T00:47:02Z</time>
    <extensions>
     <gpxtpx:TrackPointExtension>
      <gpxtpx:hr>165</gpxtpx:hr>
     </gpxtpx:TrackPointExtension>
    </extensions>
   </trkpt>
   <trkpt lat="27.6946700" lon="85.3230370">
    <ele>1291.6</ele>
    <time>2025-10-25T00:47:03Z</time>
    <extensions>
     <gpxtpx:TrackPointExtension>
      <gpxtpx:hr>165</gpxtpx:hr>
     </gpxtpx:TrackPointExtension>
    </extensions>
   </trkpt>
   <trkpt lat="27.6946650" lon="85.3230640">
    <ele>1291.6</ele>
    <time>2025-10-25T00:47:04Z</time>
    <extensions>
     <gpxtpx:TrackPointExtension>
      <gpxtpx:hr>165</gpxtpx:hr>
     </gpxtpx:TrackPointExtension>
    </extensions>
   </trkpt>
   <trkpt lat="27.6946610" lon="85.3230920">
    <ele>1291.6</ele>
    <time>2025-10-25T00:47:05Z</time>
    <extensions>
     <gpxtpx:TrackPointExtension>
      <gpxtpx:hr>165</gpxtpx:hr>
     </gpxtpx:TrackPointExtension>
    </extensions>
   </trkpt>
   <trkpt lat="27.6946560" lon="85.3231200">
    <ele>1291.6</ele>
    <time>2025-10-25T00:47:06Z</time>
    <extensions>
     <gpxtpx:TrackPointExtension>
      <gpxtpx:hr>165</gpxtpx:hr>
     </gpxtpx:TrackPointExtension>
    </extensions>
   </trkpt>
   <trkpt lat="27.6946510" lon="85.3231480">
    <ele>1291.6</ele>
    <time>2025-10-25T00:47:07Z</time>
    <extensions>
     <gpxtpx:TrackPointExtension>
      <gpxtpx:hr>165</gpxtpx:hr>
     </gpxtpx:TrackPointExtension>
    </extensions>
   </trkpt>
   <trkpt lat="27.6946470" lon="85.3231750">
    <ele>1291.8</ele>
    <time>2025-10-25T00:47:08Z</time>
    <extensions>
     <gpxtpx:TrackPointExtension>
      <gpxtpx:hr>165</gpxtpx:hr>
     </gpxtpx:TrackPointExtension>
    </extensions>
   </trkpt>
   <trkpt lat="27.6946410" lon="85.3232020">
    <ele>1291.8</ele>
    <time>2025-10-25T00:47:09Z</time>
    <extensions>
     <gpxtpx:TrackPointExtension>
      <gpxtpx:hr>165</gpxtpx:hr>
     </gpxtpx:TrackPointExtension>
    </extensions>
   </trkpt>
   <trkpt lat="27.6946360" lon="85.3232280">
    <ele>1291.8</ele>
    <time>2025-10-25T00:47:10Z</time>
    <extensions>
     <gpxtpx:TrackPointExtension>
      <gpxtpx:hr>165</gpxtpx:hr>
     </gpxtpx:TrackPointExtension>
    </extensions>
   </trkpt>
   <trkpt lat="27.6946310" lon="85.3232530">
    <ele>1291.8</ele>
    <time>2025-10-25T00:47:11Z</time>
    <extensions>
     <gpxtpx:TrackPointExtension>
      <gpxtpx:hr>165</gpxtpx:hr>
     </gpxtpx:TrackPointExtension>
    </extensions>
   </trkpt>
   <trkpt lat="27.6946250" lon="85.3232790">
    <ele>1291.8</ele>
    <time>2025-10-25T00:47:12Z</time>
    <extensions>
     <gpxtpx:TrackPointExtension>
      <gpxtpx:hr>165</gpxtpx:hr>
     </gpxtpx:TrackPointExtension>
    </extensions>
   </trkpt>
   <trkpt lat="27.6946200" lon="85.3233050">
    <ele>1292.0</ele>
    <time>2025-10-25T00:47:13Z</time>
    <extensions>
     <gpxtpx:TrackPointExtension>
      <gpxtpx:hr>165</gpxtpx:hr>
     </gpxtpx:TrackPointExtension>
    </extensions>
   </trkpt>
   <trkpt lat="27.6946140" lon="85.3233320">
    <ele>1292.0</ele>
    <time>2025-10-25T00:47:14Z</time>
    <extensions>
     <gpxtpx:TrackPointExtension>
      <gpxtpx:hr>165</gpxtpx:hr>
     </gpxtpx:TrackPointExtension>
    </extensions>
   </trkpt>
   <trkpt lat="27.6946090" lon="85.3233590">
    <ele>1292.0</ele>
    <time>2025-10-25T00:47:15Z</time>
    <extensions>
     <gpxtpx:TrackPointExtension>
      <gpxtpx:hr>165</gpxtpx:hr>
     </gpxtpx:TrackPointExtension>
    </extensions>
   </trkpt>
   <trkpt lat="27.6946040" lon="85.3233870">
    <ele>1292.0</ele>
    <time>2025-10-25T00:47:16Z</time>
    <extensions>
     <gpxtpx:TrackPointExtension>
      <gpxtpx:hr>165</gpxtpx:hr>
     </gpxtpx:TrackPointExtension>
    </extensions>
   </trkpt>
   <trkpt lat="27.6945990" lon="85.3234150">
    <ele>1292.0</ele>
    <time>2025-10-25T00:47:17Z</time>
    <extensions>
     <gpxtpx:TrackPointExtension>
      <gpxtpx:hr>165</gpxtpx:hr>
     </gpxtpx:TrackPointExtension>
    </extensions>
   </trkpt>
   <trkpt lat="27.6945940" lon="85.3234430">
    <ele>1292.0</ele>
    <time>2025-10-25T00:47:18Z</time>
    <extensions>
     <gpxtpx:TrackPointExtension>
      <gpxtpx:hr>165</gpxtpx:hr>
     </gpxtpx:TrackPointExtension>
    </extensions>
   </trkpt>
   <trkpt lat="27.6945890" lon="85.3234700">
    <ele>1292.0</ele>
    <time>2025-10-25T00:47:19Z</time>
    <extensions>
     <gpxtpx:TrackPointExtension>
      <gpxtpx:hr>165</gpxtpx:hr>
     </gpxtpx:TrackPointExtension>
    </extensions>
   </trkpt>
   <trkpt lat="27.6945840" lon="85.3234970">
    <ele>1292.0</ele>
    <time>2025-10-25T00:47:20Z</time>
    <extensions>
     <gpxtpx:TrackPointExtension>
      <gpxtpx:hr>165</gpxtpx:hr>
     </gpxtpx:TrackPointExtension>
    </extensions>
   </trkpt>
   <trkpt lat="27.6945800" lon="85.3235240">
    <ele>1292.0</ele>
    <time>2025-10-25T00:47:21Z</time>
    <extensions>
     <gpxtpx:TrackPointExtension>
      <gpxtpx:hr>165</gpxtpx:hr>
     </gpxtpx:TrackPointExtension>
    </extensions>
   </trkpt>
   <trkpt lat="27.6945750" lon="85.3235510">
    <ele>1292.2</ele>
    <time>2025-10-25T00:47:22Z</time>
    <extensions>
     <gpxtpx:TrackPointExtension>
      <gpxtpx:hr>165</gpxtpx:hr>
     </gpxtpx:TrackPointExtension>
    </extensions>
   </trkpt>
   <trkpt lat="27.6945700" lon="85.3235770">
    <ele>1292.2</ele>
    <time>2025-10-25T00:47:23Z</time>
    <extensions>
     <gpxtpx:TrackPointExtension>
      <gpxtpx:hr>165</gpxtpx:hr>
     </gpxtpx:TrackPointExtension>
    </extensions>
   </trkpt>
   <trkpt lat="27.6945660" lon="85.3236040">
    <ele>1292.2</ele>
    <time>2025-10-25T00:47:24Z</time>
    <extensions>
     <gpxtpx:TrackPointExtension>
      <gpxtpx:hr>165</gpxtpx:hr>
     </gpxtpx:TrackPointExtension>
    </extensions>
   </trkpt>
   <trkpt lat="27.6945610" lon="85.3236310">
    <ele>1292.2</ele>
    <time>2025-10-25T00:47:25Z</time>
    <extensions>
     <gpxtpx:TrackPointExtension>
      <gpxtpx:hr>165</gpxtpx:hr>
     </gpxtpx:TrackPointExtension>
    </extensions>
   </trkpt>
   <trkpt lat="27.6945560" lon="85.3236580">
    <ele>1292.2</ele>
    <time>2025-10-25T00:47:26Z</time>
    <extensions>
     <gpxtpx:TrackPointExtension>
      <gpxtpx:hr>165</gpxtpx:hr>
     </gpxtpx:TrackPointExtension>
    </extensions>
   </trkpt>
   <trkpt lat="27.6945520" lon="85.3236850">
    <ele>1292.2</ele>
    <time>2025-10-25T00:47:27Z</time>
    <extensions>
     <gpxtpx:TrackPointExtension>
      <gpxtpx:hr>165</gpxtpx:hr>
     </gpxtpx:TrackPointExtension>
    </extensions>
   </trkpt>
   <trkpt lat="27.6945480" lon="85.3237120">
    <ele>1292.2</ele>
    <time>2025-10-25T00:47:28Z</time>
    <extensions>
     <gpxtpx:TrackPointExtension>
      <gpxtpx:hr>165</gpxtpx:hr>
     </gpxtpx:TrackPointExtension>
    </extensions>
   </trkpt>
   <trkpt lat="27.6945430" lon="85.3237390">
    <ele>1292.2</ele>
    <time>2025-10-25T00:47:29Z</time>
    <extensions>
     <gpxtpx:TrackPointExtension>
      <gpxtpx:hr>165</gpxtpx:hr>
     </gpxtpx:TrackPointExtension>
    </extensions>
   </trkpt>
   <trkpt lat="27.6945390" lon="85.3237660">
    <ele>1292.2</ele>
    <time>2025-10-25T00:47:30Z</time>
    <extensions>
     <gpxtpx:TrackPointExtension>
      <gpxtpx:hr>165</gpxtpx:hr>
     </gpxtpx:TrackPointExtension>
    </extensions>
   </trkpt>
   <trkpt lat="27.6945340" lon="85.3237930">
    <ele>1292.2</ele>
    <time>2025-10-25T00:47:31Z</time>
    <extensions>
     <gpxtpx:TrackPointExtension>
      <gpxtpx:hr>165</gpxtpx:hr>
     </gpxtpx:TrackPointExtension>
    </extensions>
   </trkpt>
   <trkpt lat="27.6945290" lon="85.3238190">
    <ele>1292.2</ele>
    <time>2025-10-25T00:47:32Z</time>
    <extensions>
     <gpxtpx:TrackPointExtension>
      <gpxtpx:hr>165</gpxtpx:hr>
     </gpxtpx:TrackPointExtension>
    </extensions>
   </trkpt>
   <trkpt lat="27.6945240" lon="85.3238440">
    <ele>1292.2</ele>
    <time>2025-10-25T00:47:33Z</time>
    <extensions>
     <gpxtpx:TrackPointExtension>
      <gpxtpx:hr>165</gpxtpx:hr>
     </gpxtpx:TrackPointExtension>
    </extensions>
   </trkpt>
   <trkpt lat="27.6945190" lon="85.3238690">
    <ele>1292.2</ele>
    <time>2025-10-25T00:47:34Z</time>
    <extensions>
     <gpxtpx:TrackPointExtension>
      <gpxtpx:hr>165</gpxtpx:hr>
     </gpxtpx:TrackPointExtension>
    </extensions>
   </trkpt>
   <trkpt lat="27.6945130" lon="85.3238950">
    <ele>1292.2</ele>
    <time>2025-10-25T00:47:35Z</time>
    <extensions>
     <gpxtpx:TrackPointExtension>
      <gpxtpx:hr>165</gpxtpx:hr>
     </gpxtpx:TrackPointExtension>
    </extensions>
   </trkpt>
   <trkpt lat="27.6945080" lon="85.3239220">
    <ele>1292.2</ele>
    <time>2025-10-25T00:47:36Z</time>
    <extensions>
     <gpxtpx:TrackPointExtension>
      <gpxtpx:hr>165</gpxtpx:hr>
     </gpxtpx:TrackPointExtension>
    </extensions>
   </trkpt>
   <trkpt lat="27.6945030" lon="85.3239490">
    <ele>1292.2</ele>
    <time>2025-10-25T00:47:37Z</time>
    <extensions>
     <gpxtpx:TrackPointExtension>
      <gpxtpx:hr>165</gpxtpx:hr>
     </gpxtpx:TrackPointExtension>
    </extensions>
   </trkpt>
   <trkpt lat="27.6944980" lon="85.3239770">
    <ele>1292.2</ele>
    <time>2025-10-25T00:47:38Z</time>
    <extensions>
     <gpxtpx:TrackPointExtension>
      <gpxtpx:hr>165</gpxtpx:hr>
     </gpxtpx:TrackPointExtension>
    </extensions>
   </trkpt>
   <trkpt lat="27.6944940" lon="85.3240040">
    <ele>1292.2</ele>
    <time>2025-10-25T00:47:39Z</time>
    <extensions>
     <gpxtpx:TrackPointExtension>
      <gpxtpx:hr>165</gpxtpx:hr>
     </gpxtpx:TrackPointExtension>
    </extensions>
   </trkpt>
   <trkpt lat="27.6944890" lon="85.3240310">
    <ele>1292.2</ele>
    <time>2025-10-25T00:47:40Z</time>
    <extensions>
     <gpxtpx:TrackPointExtension>
      <gpxtpx:hr>165</gpxtpx:hr>
     </gpxtpx:TrackPointExtension>
    </extensions>
   </trkpt>
   <trkpt lat="27.6944830" lon="85.3240580">
    <ele>1292.2</ele>
    <time>2025-10-25T00:47:41Z</time>
    <extensions>
     <gpxtpx:TrackPointExtension>
      <gpxtpx:hr>165</gpxtpx:hr>
     </gpxtpx:TrackPointExtension>
    </extensions>
   </trkpt>
   <trkpt lat="27.6944770" lon="85.3240850">
    <ele>1292.2</ele>
    <time>2025-10-25T00:47:42Z</time>
    <extensions>
     <gpxtpx:TrackPointExtension>
      <gpxtpx:hr>165</gpxtpx:hr>
     </gpxtpx:TrackPointExtension>
    </extensions>
   </trkpt>
   <trkpt lat="27.6944710" lon="85.3241120">
    <ele>1292.2</ele>
    <time>2025-10-25T00:47:43Z</time>
    <extensions>
     <gpxtpx:TrackPointExtension>
      <gpxtpx:hr>165</gpxtpx:hr>
     </gpxtpx:TrackPointExtension>
    </extensions>
   </trkpt>
   <trkpt lat="27.6944640" lon="85.3241380">
    <ele>1292.2</ele>
    <time>2025-10-25T00:47:44Z</time>
    <extensions>
     <gpxtpx:TrackPointExtension>
      <gpxtpx:hr>165</gpxtpx:hr>
     </gpxtpx:TrackPointExtension>
    </extensions>
   </trkpt>
   <trkpt lat="27.6944570" lon="85.3241650">
    <ele>1292.2</ele>
    <time>2025-10-25T00:47:45Z</time>
    <extensions>
     <gpxtpx:TrackPointExtension>
      <gpxtpx:hr>165</gpxtpx:hr>
     </gpxtpx:TrackPointExtension>
    </extensions>
   </trkpt>
   <trkpt lat="27.6944500" lon="85.3241920">
    <ele>1292.2</ele>
    <time>2025-10-25T00:47:46Z</time>
    <extensions>
     <gpxtpx:TrackPointExtension>
      <gpxtpx:hr>165</gpxtpx:hr>
     </gpxtpx:TrackPointExtension>
    </extensions>
   </trkpt>
   <trkpt lat="27.6944420" lon="85.3242190">
    <ele>1292.2</ele>
    <time>2025-10-25T00:47:47Z</time>
    <extensions>
     <gpxtpx:TrackPointExtension>
      <gpxtpx:hr>165</gpxtpx:hr>
     </gpxtpx:TrackPointExtension>
    </extensions>
   </trkpt>
   <trkpt lat="27.6944350" lon="85.3242460">
    <ele>1292.2</ele>
    <time>2025-10-25T00:47:48Z</time>
    <extensions>
     <gpxtpx:TrackPointExtension>
      <gpxtpx:hr>165</gpxtpx:hr>
     </gpxtpx:TrackPointExtension>
    </extensions>
   </trkpt>
   <trkpt lat="27.6944290" lon="85.3242720">
    <ele>1292.2</ele>
    <time>2025-10-25T00:47:49Z</time>
    <extensions>
     <gpxtpx:TrackPointExtension>
      <gpxtpx:hr>165</gpxtpx:hr>
     </gpxtpx:TrackPointExtension>
    </extensions>
   </trkpt>
   <trkpt lat="27.6944220" lon="85.3242990">
    <ele>1292.2</ele>
    <time>2025-10-25T00:47:50Z</time>
    <extensions>
     <gpxtpx:TrackPointExtension>
      <gpxtpx:hr>165</gpxtpx:hr>
     </gpxtpx:TrackPointExtension>
    </extensions>
   </trkpt>
   <trkpt lat="27.6944150" lon="85.3243260">
    <ele>1292.2</ele>
    <time>2025-10-25T00:47:51Z</time>
    <extensions>
     <gpxtpx:TrackPointExtension>
      <gpxtpx:hr>165</gpxtpx:hr>
     </gpxtpx:TrackPointExtension>
    </extensions>
   </trkpt>
   <trkpt lat="27.6944090" lon="85.3243530">
    <ele>1292.2</ele>
    <time>2025-10-25T00:47:52Z</time>
    <extensions>
     <gpxtpx:TrackPointExtension>
      <gpxtpx:hr>165</gpxtpx:hr>
     </gpxtpx:TrackPointExtension>
    </extensions>
   </trkpt>
   <trkpt lat="27.6944030" lon="85.3243790">
    <ele>1292.2</ele>
    <time>2025-10-25T00:47:53Z</time>
    <extensions>
     <gpxtpx:TrackPointExtension>
      <gpxtpx:hr>165</gpxtpx:hr>
     </gpxtpx:TrackPointExtension>
    </extensions>
   </trkpt>
   <trkpt lat="27.6943970" lon="85.3244060">
    <ele>1292.2</ele>
    <time>2025-10-25T00:47:54Z</time>
    <extensions>
     <gpxtpx:TrackPointExtension>
      <gpxtpx:hr>165</gpxtpx:hr>
     </gpxtpx:TrackPointExtension>
    </extensions>
   </trkpt>
   <trkpt lat="27.6943910" lon="85.3244330">
    <ele>1292.2</ele>
    <time>2025-10-25T00:47:55Z</time>
    <extensions>
     <gpxtpx:TrackPointExtension>
      <gpxtpx:hr>165</gpxtpx:hr>
     </gpxtpx:TrackPointExtension>
    </extensions>
   </trkpt>
   <trkpt lat="27.6943850" lon="85.3244590">
    <ele>1292.2</ele>
    <time>2025-10-25T00:47:56Z</time>
    <extensions>
     <gpxtpx:TrackPointExtension>
      <gpxtpx:hr>165</gpxtpx:hr>
     </gpxtpx:TrackPointExtension>
    </extensions>
   </trkpt>
   <trkpt lat="27.6943800" lon="85.3244850">
    <ele>1292.2</ele>
    <time>2025-10-25T00:47:57Z</time>
    <extensions>
     <gpxtpx:TrackPointExtension>
      <gpxtpx:hr>165</gpxtpx:hr>
     </gpxtpx:TrackPointExtension>
    </extensions>
   </trkpt>
   <trkpt lat="27.6943750" lon="85.3245110">
    <ele>1292.4</ele>
    <time>2025-10-25T00:47:58Z</time>
    <extensions>
     <gpxtpx:TrackPointExtension>
      <gpxtpx:hr>165</gpxtpx:hr>
     </gpxtpx:TrackPointExtension>
    </extensions>
   </trkpt>
   <trkpt lat="27.6943700" lon="85.3245360">
    <ele>1292.4</ele>
    <time>2025-10-25T00:47:59Z</time>
    <extensions>
     <gpxtpx:TrackPointExtension>
      <gpxtpx:hr>165</gpxtpx:hr>
     </gpxtpx:TrackPointExtension>
    </extensions>
   </trkpt>
   <trkpt lat="27.6943660" lon="85.3245620">
    <ele>1292.4</ele>
    <time>2025-10-25T00:48:00Z</time>
    <extensions>
     <gpxtpx:TrackPointExtension>
      <gpxtpx:hr>165</gpxtpx:hr>
     </gpxtpx:TrackPointExtension>
    </extensions>
   </trkpt>
   <trkpt lat="27.6943610" lon="85.3245870">
    <ele>1292.4</ele>
    <time>2025-10-25T00:48:01Z</time>
    <extensions>
     <gpxtpx:TrackPointExtension>
      <gpxtpx:hr>165</gpxtpx:hr>
     </gpxtpx:TrackPointExtension>
    </extensions>
   </trkpt>
   <trkpt lat="27.6943570" lon="85.3246130">
    <ele>1292.4</ele>
    <time>2025-10-25T00:48:02Z</time>
    <extensions>
     <gpxtpx:TrackPointExtension>
      <gpxtpx:hr>165</gpxtpx:hr>
     </gpxtpx:TrackPointExtension>
    </extensions>
   </trkpt>
   <trkpt lat="27.6943520" lon="85.3246390">
    <ele>1292.4</ele>
    <time>2025-10-25T00:48:03Z</time>
    <extensions>
     <gpxtpx:TrackPointExtension>
      <gpxtpx:hr>165</gpxtpx:hr>
     </gpxtpx:TrackPointExtension>
    </extensions>
   </trkpt>
   <trkpt lat="27.6943470" lon="85.3246660">
    <ele>1292.4</ele>
    <time>2025-10-25T00:48:04Z</time>
    <extensions>
     <gpxtpx:TrackPointExtension>
      <gpxtpx:hr>165</gpxtpx:hr>
     </gpxtpx:TrackPointExtension>
    </extensions>
   </trkpt>
   <trkpt lat="27.6943420" lon="85.3246940">
    <ele>1292.4</ele>
    <time>2025-10-25T00:48:05Z</time>
    <extensions>
     <gpxtpx:TrackPointExtension>
      <gpxtpx:hr>165</gpxtpx:hr>
     </gpxtpx:TrackPointExtension>
    </extensions>
   </trkpt>
   <trkpt lat="27.6943370" lon="85.3247220">
    <ele>1292.4</ele>
    <time>2025-10-25T00:48:06Z</time>
    <extensions>
     <gpxtpx:TrackPointExtension>
      <gpxtpx:hr>165</gpxtpx:hr>
     </gpxtpx:TrackPointExtension>
    </extensions>
   </trkpt>
   <trkpt lat="27.6943320" lon="85.3247520">
    <ele>1292.4</ele>
    <time>2025-10-25T00:48:07Z</time>
    <extensions>
     <gpxtpx:TrackPointExtension>
      <gpxtpx:hr>165</gpxtpx:hr>
     </gpxtpx:TrackPointExtension>
    </extensions>
   </trkpt>
   <trkpt lat="27.6943260" lon="85.3247810">
    <ele>1292.2</ele>
    <time>2025-10-25T00:48:08Z</time>
    <extensions>
     <gpxtpx:TrackPointExtension>
      <gpxtpx:hr>165</gpxtpx:hr>
     </gpxtpx:TrackPointExtension>
    </extensions>
   </trkpt>
   <trkpt lat="27.6943210" lon="85.3248100">
    <ele>1292.2</ele>
    <time>2025-10-25T00:48:09Z</time>
    <extensions>
     <gpxtpx:TrackPointExtension>
      <gpxtpx:hr>165</gpxtpx:hr>
     </gpxtpx:TrackPointExtension>
    </extensions>
   </trkpt>
   <trkpt lat="27.6943160" lon="85.3248380">
    <ele>1292.2</ele>
    <time>2025-10-25T00:48:10Z</time>
    <extensions>
     <gpxtpx:TrackPointExtension>
      <gpxtpx:hr>165</gpxtpx:hr>
     </gpxtpx:TrackPointExtension>
    </extensions>
   </trkpt>
   <trkpt lat="27.6943120" lon="85.3248650">
    <ele>1292.2</ele>
    <time>2025-10-25T00:48:11Z</time>
    <extensions>
     <gpxtpx:TrackPointExtension>
      <gpxtpx:hr>165</gpxtpx:hr>
     </gpxtpx:TrackPointExtension>
    </extensions>
   </trkpt>
   <trkpt lat="27.6943070" lon="85.3248910">
    <ele>1292.2</ele>
    <time>2025-10-25T00:48:12Z</time>
    <extensions>
     <gpxtpx:TrackPointExtension>
      <gpxtpx:hr>165</gpxtpx:hr>
     </gpxtpx:TrackPointExtension>
    </extensions>
   </trkpt>
   <trkpt lat="27.6943020" lon="85.3249180">
    <ele>1292.2</ele>
    <time>2025-10-25T00:48:13Z</time>
    <extensions>
     <gpxtpx:TrackPointExtension>
      <gpxtpx:hr>165</gpxtpx:hr>
     </gpxtpx:TrackPointExtension>
    </extensions>
   </trkpt>
   <trkpt lat="27.6942970" lon="85.3249440">
    <ele>1292.2</ele>
    <time>2025-10-25T00:48:14Z</time>
    <extensions>
     <gpxtpx:TrackPointExtension>
      <gpxtpx:hr>165</gpxtpx:hr>
     </gpxtpx:TrackPointExtension>
    </extensions>
   </trkpt>
   <trkpt lat="27.6942920" lon="85.3249710">
    <ele>1292.2</ele>
    <time>2025-10-25T00:48:15Z</time>
    <extensions>
     <gpxtpx:TrackPointExtension>
      <gpxtpx:hr>165</gpxtpx:hr>
     </gpxtpx:TrackPointExtension>
    </extensions>
   </trkpt>
   <trkpt lat="27.6942870" lon="85.3249980">
    <ele>1292.2</ele>
    <time>2025-10-25T00:48:16Z</time>
    <extensions>
     <gpxtpx:TrackPointExtension>
      <gpxtpx:hr>165</gpxtpx:hr>
     </gpxtpx:TrackPointExtension>
    </extensions>
   </trkpt>
   <trkpt lat="27.6942820" lon="85.3250260">
    <ele>1292.2</ele>
    <time>2025-10-25T00:48:17Z</time>
    <extensions>
     <gpxtpx:TrackPointExtension>
      <gpxtpx:hr>165</gpxtpx:hr>
     </gpxtpx:TrackPointExtension>
    </extensions>
   </trkpt>
   <trkpt lat="27.6942770" lon="85.3250540">
    <ele>1292.2</ele>
    <time>2025-10-25T00:48:18Z</time>
    <extensions>
     <gpxtpx:TrackPointExtension>
      <gpxtpx:hr>165</gpxtpx:hr>
     </gpxtpx:TrackPointExtension>
    </extensions>
   </trkpt>
   <trkpt lat="27.6942710" lon="85.3250820">
    <ele>1292.2</ele>
    <time>2025-10-25T00:48:19Z</time>
    <extensions>
     <gpxtpx:TrackPointExtension>
      <gpxtpx:hr>165</gpxtpx:hr>
     </gpxtpx:TrackPointExtension>
    </extensions>
   </trkpt>
   <trkpt lat="27.6942650" lon="85.3251100">
    <ele>1292.2</ele>
    <time>2025-10-25T00:48:20Z</time>
    <extensions>
     <gpxtpx:TrackPointExtension>
      <gpxtpx:hr>165</gpxtpx:hr>
     </gpxtpx:TrackPointExtension>
    </extensions>
   </trkpt>
   <trkpt lat="27.6942590" lon="85.3251370">
    <ele>1292.2</ele>
    <time>2025-10-25T00:48:21Z</time>
    <extensions>
     <gpxtpx:TrackPointExtension>
      <gpxtpx:hr>165</gpxtpx:hr>
     </gpxtpx:TrackPointExtension>
    </extensions>
   </trkpt>
   <trkpt lat="27.6942530" lon="85.3251630">
    <ele>1292.2</ele>
    <time>2025-10-25T00:48:22Z</time>
    <extensions>
     <gpxtpx:TrackPointExtension>
      <gpxtpx:hr>165</gpxtpx:hr>
     </gpxtpx:TrackPointExtension>
    </extensions>
   </trkpt>
   <trkpt lat="27.6942460" lon="85.3251890">
    <ele>1292.2</ele>
    <time>2025-10-25T00:48:23Z</time>
    <extensions>
     <gpxtpx:TrackPointExtension>
      <gpxtpx:hr>165</gpxtpx:hr>
     </gpxtpx:TrackPointExtension>
    </extensions>
   </trkpt>
   <trkpt lat="27.6942400" lon="85.3252150">
    <ele>1292.0</ele>
    <time>2025-10-25T00:48:24Z</time>
    <extensions>
     <gpxtpx:TrackPointExtension>
      <gpxtpx:hr>165</gpxtpx:hr>
     </gpxtpx:TrackPointExtension>
    </extensions>
   </trkpt>
   <trkpt lat="27.6942340" lon="85.3252410">
    <ele>1292.0</ele>
    <time>2025-10-25T00:48:25Z</time>
    <extensions>
     <gpxtpx:TrackPointExtension>
      <gpxtpx:hr>165</gpxtpx:hr>
     </gpxtpx:TrackPointExtension>
    </extensions>
   </trkpt>
   <trkpt lat="27.6942270" lon="85.3252680">
    <ele>1292.0</ele>
    <time>2025-10-25T00:48:26Z</time>
    <extensions>
     <gpxtpx:TrackPointExtension>
      <gpxtpx:hr>165</gpxtpx:hr>
     </gpxtpx:TrackPointExtension>
    </extensions>
   </trkpt>
   <trkpt lat="27.6942200" lon="85.3252940">
    <ele>1292.0</ele>
    <time>2025-10-25T00:48:27Z</time>
    <extensions>
     <gpxtpx:TrackPointExtension>
      <gpxtpx:hr>165</gpxtpx:hr>
     </gpxtpx:TrackPointExtension>
    </extensions>
   </trkpt>
   <trkpt lat="27.6942140" lon="85.3253200">
    <ele>1292.0</ele>
    <time>2025-10-25T00:48:28Z</time>
    <extensions>
     <gpxtpx:TrackPointExtension>
      <gpxtpx:hr>165</gpxtpx:hr>
     </gpxtpx:TrackPointExtension>
    </extensions>
   </trkpt>
   <trkpt lat="27.6942070" lon="85.3253460">
    <ele>1292.0</ele>
    <time>2025-10-25T00:48:29Z</time>
    <extensions>
     <gpxtpx:TrackPointExtension>
      <gpxtpx:hr>165</gpxtpx:hr>
     </gpxtpx:TrackPointExtension>
    </extensions>
   </trkpt>
   <trkpt lat="27.6942010" lon="85.3253720">
    <ele>1292.0</ele>
    <time>2025-10-25T00:48:30Z</time>
    <extensions>
     <gpxtpx:TrackPointExtension>
      <gpxtpx:hr>165</gpxtpx:hr>
     </gpxtpx:TrackPointExtension>
    </extensions>
   </trkpt>
   <trkpt lat="27.6941960" lon="85.3253970">
    <ele>1292.0</ele>
    <time>2025-10-25T00:48:31Z</time>
    <extensions>
     <gpxtpx:TrackPointExtension>
      <gpxtpx:hr>165</gpxtpx:hr>
     </gpxtpx:TrackPointExtension>
    </extensions>
   </trkpt>
   <trkpt lat="27.6941910" lon="85.3254240">
    <ele>1292.0</ele>
    <time>2025-10-25T00:48:32Z</time>
    <extensions>
     <gpxtpx:TrackPointExtension>
      <gpxtpx:hr>165</gpxtpx:hr>
     </gpxtpx:TrackPointExtension>
    </extensions>
   </trkpt>
   <trkpt lat="27.6941860" lon="85.3254500">
    <ele>1292.0</ele>
    <time>2025-10-25T00:48:33Z</time>
    <extensions>
     <gpxtpx:TrackPointExtension>
      <gpxtpx:hr>165</gpxtpx:hr>
     </gpxtpx:TrackPointExtension>
    </extensions>
   </trkpt>
   <trkpt lat="27.6941810" lon="85.3254770">
    <ele>1292.0</ele>
    <time>2025-10-25T00:48:34Z</time>
    <extensions>
     <gpxtpx:TrackPointExtension>
      <gpxtpx:hr>165</gpxtpx:hr>
     </gpxtpx:TrackPointExtension>
    </extensions>
   </trkpt>
   <trkpt lat="27.6941750" lon="85.3255050">
    <ele>1292.0</ele>
    <time>2025-10-25T00:48:35Z</time>
    <extensions>
     <gpxtpx:TrackPointExtension>
      <gpxtpx:hr>165</gpxtpx:hr>
     </gpxtpx:TrackPointExtension>
    </extensions>
   </trkpt>
   <trkpt lat="27.6941690" lon="85.3255330">
    <ele>1292.0</ele>
    <time>2025-10-25T00:48:36Z</time>
    <extensions>
     <gpxtpx:TrackPointExtension>
      <gpxtpx:hr>165</gpxtpx:hr>
     </gpxtpx:TrackPointExtension>
    </extensions>
   </trkpt>
   <trkpt lat="27.6941620" lon="85.3255610">
    <ele>1292.0</ele>
    <time>2025-10-25T00:48:37Z</time>
    <extensions>
     <gpxtpx:TrackPointExtension>
      <gpxtpx:hr>165</gpxtpx:hr>
     </gpxtpx:TrackPointExtension>
    </extensions>
   </trkpt>
   <trkpt lat="27.6941550" lon="85.3255880">
    <ele>1292.0</ele>
    <time>2025-10-25T00:48:38Z</time>
    <extensions>
     <gpxtpx:TrackPointExtension>
      <gpxtpx:hr>165</gpxtpx:hr>
     </gpxtpx:TrackPointExtension>
    </extensions>
   </trkpt>
   <trkpt lat="27.6941470" lon="85.3256150">
    <ele>1292.0</ele>
    <time>2025-10-25T00:48:39Z</time>
    <extensions>
     <gpxtpx:TrackPointExtension>
      <gpxtpx:hr>165</gpxtpx:hr>
     </gpxtpx:TrackPointExtension>
    </extensions>
   </trkpt>
   <trkpt lat="27.6941380" lon="85.3256420">
    <ele>1292.0</ele>
    <time>2025-10-25T00:48:40Z</time>
    <extensions>
     <gpxtpx:TrackPointExtension>
      <gpxtpx:hr>165</gpxtpx:hr>
     </gpxtpx:TrackPointExtension>
    </extensions>
   </trkpt>
   <trkpt lat="27.6941290" lon="85.3256680">
    <ele>1292.2</ele>
    <time>2025-10-25T00:48:41Z</time>
    <extensions>
     <gpxtpx:TrackPointExtension>
      <gpxtpx:hr>165</gpxtpx:hr>
     </gpxtpx:TrackPointExtension>
    </extensions>
   </trkpt>
   <trkpt lat="27.6941190" lon="85.3256930">
    <ele>1292.2</ele>
    <time>2025-10-25T00:48:42Z</time>
    <extensions>
     <gpxtpx:TrackPointExtension>
      <gpxtpx:hr>165</gpxtpx:hr>
     </gpxtpx:TrackPointExtension>
    </extensions>
   </trkpt>
   <trkpt lat="27.6941090" lon="85.3257180">
    <ele>1292.2</ele>
    <time>2025-10-25T00:48:43Z</time>
    <extensions>
     <gpxtpx:TrackPointExtension>
      <gpxtpx:hr>165</gpxtpx:hr>
     </gpxtpx:TrackPointExtension>
    </extensions>
   </trkpt>
   <trkpt lat="27.6940980" lon="85.3257420">
    <ele>1292.2</ele>
    <time>2025-10-25T00:48:44Z</time>
    <extensions>
     <gpxtpx:TrackPointExtension>
      <gpxtpx:hr>165</gpxtpx:hr>
     </gpxtpx:TrackPointExtension>
    </extensions>
   </trkpt>
   <trkpt lat="27.6940860" lon="85.3257670">
    <ele>1292.2</ele>
    <time>2025-10-25T00:48:45Z</time>
    <extensions>
     <gpxtpx:TrackPointExtension>
      <gpxtpx:hr>165</gpxtpx:hr>
     </gpxtpx:TrackPointExtension>
    </extensions>
   </trkpt>
   <trkpt lat="27.6940720" lon="85.3257910">
    <ele>1292.2</ele>
    <time>2025-10-25T00:48:46Z</time>
    <extensions>
     <gpxtpx:TrackPointExtension>
      <gpxtpx:hr>165</gpxtpx:hr>
     </gpxtpx:TrackPointExtension>
    </extensions>
   </trkpt>
   <trkpt lat="27.6940570" lon="85.3258150">
    <ele>1292.2</ele>
    <time>2025-10-25T00:48:47Z</time>
    <extensions>
     <gpxtpx:TrackPointExtension>
      <gpxtpx:hr>165</gpxtpx:hr>
     </gpxtpx:TrackPointExtension>
    </extensions>
   </trkpt>
   <trkpt lat="27.6940400" lon="85.3258370">
    <ele>1292.2</ele>
    <time>2025-10-25T00:48:48Z</time>
    <extensions>
     <gpxtpx:TrackPointExtension>
      <gpxtpx:hr>165</gpxtpx:hr>
     </gpxtpx:TrackPointExtension>
    </extensions>
   </trkpt>
   <trkpt lat="27.6940230" lon="85.3258570">
    <ele>1292.2</ele>
    <time>2025-10-25T00:48:49Z</time>
    <extensions>
     <gpxtpx:TrackPointExtension>
      <gpxtpx:hr>165</gpxtpx:hr>
     </gpxtpx:TrackPointExtension>
    </extensions>
   </trkpt>
   <trkpt lat="27.6940030" lon="85.3258760">
    <ele>1292.2</ele>
    <time>2025-10-25T00:48:50Z</time>
    <extensions>
     <gpxtpx:TrackPointExtension>
      <gpxtpx:hr>165</gpxtpx:hr>
     </gpxtpx:TrackPointExtension>
    </extensions>
   </trkpt>
   <trkpt lat="27.6939830" lon="85.3258930">
    <ele>1292.2</ele>
    <time>2025-10-25T00:48:51Z</time>
    <extensions>
     <gpxtpx:TrackPointExtension>
      <gpxtpx:hr>165</gpxtpx:hr>
     </gpxtpx:TrackPointExtension>
    </extensions>
   </trkpt>
   <trkpt lat="27.6939620" lon="85.3259090">
    <ele>1292.2</ele>
    <time>2025-10-25T00:48:52Z</time>
    <extensions>
     <gpxtpx:TrackPointExtension>
      <gpxtpx:hr>165</gpxtpx:hr>
     </gpxtpx:TrackPointExtension>
    </extensions>
   </trkpt>
   <trkpt lat="27.6939410" lon="85.3259240">
    <ele>1292.2</ele>
    <time>2025-10-25T00:48:53Z</time>
    <extensions>
     <gpxtpx:TrackPointExtension>
      <gpxtpx:hr>165</gpxtpx:hr>
     </gpxtpx:TrackPointExtension>
    </extensions>
   </trkpt>
   <trkpt lat="27.6939190" lon="85.3259390">
    <ele>1292.2</ele>
    <time>2025-10-25T00:48:54Z</time>
    <extensions>
     <gpxtpx:TrackPointExtension>
      <gpxtpx:hr>165</gpxtpx:hr>
     </gpxtpx:TrackPointExtension>
    </extensions>
   </trkpt>
   <trkpt lat="27.6938970" lon="85.3259530">
    <ele>1292.2</ele>
    <time>2025-10-25T00:48:55Z</time>
    <extensions>
     <gpxtpx:TrackPointExtension>
      <gpxtpx:hr>165</gpxtpx:hr>
     </gpxtpx:TrackPointExtension>
    </extensions>
   </trkpt>
   <trkpt lat="27.6938760" lon="85.3259680">
    <ele>1292.2</ele>
    <time>2025-10-25T00:48:56Z</time>
    <extensions>
     <gpxtpx:TrackPointExtension>
      <gpxtpx:hr>165</gpxtpx:hr>
     </gpxtpx:TrackPointExtension>
    </extensions>
   </trkpt>
   <trkpt lat="27.6938540" lon="85.3259840">
    <ele>1292.2</ele>
    <time>2025-10-25T00:48:57Z</time>
    <extensions>
     <gpxtpx:TrackPointExtension>
      <gpxtpx:hr>165</gpxtpx:hr>
     </gpxtpx:TrackPointExtension>
    </extensions>
   </trkpt>
   <trkpt lat="27.6938340" lon="85.3260010">
    <ele>1292.2</ele>
    <time>2025-10-25T00:48:58Z</time>
    <extensions>
     <gpxtpx:TrackPointExtension>
      <gpxtpx:hr>165</gpxtpx:hr>
     </gpxtpx:TrackPointExtension>
    </extensions>
   </trkpt>
   <trkpt lat="27.6938140" lon="85.3260180">
    <ele>1292.2</ele>
    <time>2025-10-25T00:48:59Z</time>
    <extensions>
     <gpxtpx:TrackPointExtension>
      <gpxtpx:hr>165</gpxtpx:hr>
     </gpxtpx:TrackPointExtension>
    </extensions>
   </trkpt>
   <trkpt lat="27.6937970" lon="85.3260370">
    <ele>1292.2</ele>
    <time>2025-10-25T00:49:00Z</time>
    <extensions>
     <gpxtpx:TrackPointExtension>
      <gpxtpx:hr>165</gpxtpx:hr>
     </gpxtpx:TrackPointExtension>
    </extensions>
   </trkpt>
   <trkpt lat="27.6937810" lon="85.3260580">
    <ele>1292.2</ele>
    <time>2025-10-25T00:49:01Z</time>
    <extensions>
     <gpxtpx:TrackPointExtension>
      <gpxtpx:hr>165</gpxtpx:hr>
     </gpxtpx:TrackPointExtension>
    </extensions>
   </trkpt>
   <trkpt lat="27.6937670" lon="85.3260800">
    <ele>1292.0</ele>
    <time>2025-10-25T00:49:02Z</time>
    <extensions>
     <gpxtpx:TrackPointExtension>
      <gpxtpx:hr>165</gpxtpx:hr>
     </gpxtpx:TrackPointExtension>
    </extensions>
   </trkpt>
   <trkpt lat="27.6937540" lon="85.3261040">
    <ele>1292.0</ele>
    <time>2025-10-25T00:49:03Z</time>
    <extensions>
     <gpxtpx:TrackPointExtension>
      <gpxtpx:hr>165</gpxtpx:hr>
     </gpxtpx:TrackPointExtension>
    </extensions>
   </trkpt>
   <trkpt lat="27.6937420" lon="85.3261290">
    <ele>1292.0</ele>
    <time>2025-10-25T00:49:04Z</time>
    <extensions>
     <gpxtpx:TrackPointExtension>
      <gpxtpx:hr>165</gpxtpx:hr>
     </gpxtpx:TrackPointExtension>
    </extensions>
   </trkpt>
   <trkpt lat="27.6937300" lon="85.3261540">
    <ele>1292.0</ele>
    <time>2025-10-25T00:49:05Z</time>
    <extensions>
     <gpxtpx:TrackPointExtension>
      <gpxtpx:hr>165</gpxtpx:hr>
     </gpxtpx:TrackPointExtension>
    </extensions>
   </trkpt>
   <trkpt lat="27.6937190" lon="85.3261790">
    <ele>1292.0</ele>
    <time>2025-10-25T00:49:06Z</time>
    <extensions>
     <gpxtpx:TrackPointExtension>
      <gpxtpx:hr>165</gpxtpx:hr>
     </gpxtpx:TrackPointExtension>
    </extensions>
   </trkpt>
   <trkpt lat="27.6937090" lon="85.3262040">
    <ele>1292.0</ele>
    <time>2025-10-25T00:49:07Z</time>
    <extensions>
     <gpxtpx:TrackPointExtension>
      <gpxtpx:hr>165</gpxtpx:hr>
     </gpxtpx:TrackPointExtension>
    </extensions>
   </trkpt>
   <trkpt lat="27.6936980" lon="85.3262290">
    <ele>1292.0</ele>
    <time>2025-10-25T00:49:08Z</time>
    <extensions>
     <gpxtpx:TrackPointExtension>
      <gpxtpx:hr>165</gpxtpx:hr>
     </gpxtpx:TrackPointExtension>
    </extensions>
   </trkpt>
   <trkpt lat="27.6936890" lon="85.3262530">
    <ele>1292.0</ele>
    <time>2025-10-25T00:49:09Z</time>
    <extensions>
     <gpxtpx:TrackPointExtension>
      <gpxtpx:hr>165</gpxtpx:hr>
     </gpxtpx:TrackPointExtension>
    </extensions>
   </trkpt>
   <trkpt lat="27.6936820" lon="85.3262770">
    <ele>1292.0</ele>
    <time>2025-10-25T00:49:10Z</time>
    <extensions>
     <gpxtpx:TrackPointExtension>
      <gpxtpx:hr>165</gpxtpx:hr>
     </gpxtpx:TrackPointExtension>
    </extensions>
   </trkpt>
   <trkpt lat="27.6936750" lon="85.3263020">
    <ele>1292.0</ele>
    <time>2025-10-25T00:49:11Z</time>
    <extensions>
     <gpxtpx:TrackPointExtension>
      <gpxtpx:hr>165</gpxtpx:hr>
     </gpxtpx:TrackPointExtension>
    </extensions>
   </trkpt>
   <trkpt lat="27.6936700" lon="85.3263300">
    <ele>1292.0</ele>
    <time>2025-10-25T00:49:12Z</time>
    <extensions>
     <gpxtpx:TrackPointExtension>
      <gpxtpx:hr>165</gpxtpx:hr>
     </gpxtpx:TrackPointExtension>
    </extensions>
   </trkpt>
   <trkpt lat="27.6936630" lon="85.3263590">
    <ele>1291.8</ele>
    <time>2025-10-25T00:49:13Z</time>
    <extensions>
     <gpxtpx:TrackPointExtension>
      <gpxtpx:hr>165</gpxtpx:hr>
     </gpxtpx:TrackPointExtension>
    </extensions>
   </trkpt>
   <trkpt lat="27.6936570" lon="85.3263880">
    <ele>1291.8</ele>
    <time>2025-10-25T00:49:14Z</time>
    <extensions>
     <gpxtpx:TrackPointExtension>
      <gpxtpx:hr>165</gpxtpx:hr>
     </gpxtpx:TrackPointExtension>
    </extensions>
   </trkpt>
   <trkpt lat="27.6936500" lon="85.3264170">
    <ele>1291.8</ele>
    <time>2025-10-25T00:49:15Z</time>
    <extensions>
     <gpxtpx:TrackPointExtension>
      <gpxtpx:hr>165</gpxtpx:hr>
     </gpxtpx:TrackPointExtension>
    </extensions>
   </trkpt>
   <trkpt lat="27.6936430" lon="85.3264450">
    <ele>1291.8</ele>
    <time>2025-10-25T00:49:16Z</time>
    <extensions>
     <gpxtpx:TrackPointExtension>
      <gpxtpx:hr>165</gpxtpx:hr>
     </gpxtpx:TrackPointExtension>
    </extensions>
   </trkpt>
   <trkpt lat="27.6936360" lon="85.3264740">
    <ele>1291.8</ele>
    <time>2025-10-25T00:49:17Z</time>
    <extensions>
     <gpxtpx:TrackPointExtension>
      <gpxtpx:hr>165</gpxtpx:hr>
     </gpxtpx:TrackPointExtension>
    </extensions>
   </trkpt>
   <trkpt lat="27.6936280" lon="85.3265030">
    <ele>1291.6</ele>
    <time>2025-10-25T00:49:18Z</time>
    <extensions>
     <gpxtpx:TrackPointExtension>
      <gpxtpx:hr>165</gpxtpx:hr>
     </gpxtpx:TrackPointExtension>
    </extensions>
   </trkpt>
   <trkpt lat="27.6936210" lon="85.3265310">
    <ele>1291.6</ele>
    <time>2025-10-25T00:49:19Z</time>
    <extensions>
     <gpxtpx:TrackPointExtension>
      <gpxtpx:hr>165</gpxtpx:hr>
     </gpxtpx:TrackPointExtension>
    </extensions>
   </trkpt>
   <trkpt lat="27.6936140" lon="85.3265610">
    <ele>1291.6</ele>
    <time>2025-10-25T00:49:20Z</time>
    <extensions>
     <gpxtpx:TrackPointExtension>
      <gpxtpx:hr>165</gpxtpx:hr>
     </gpxtpx:TrackPointExtension>
    </extensions>
   </trkpt>
   <trkpt lat="27.6936070" lon="85.3265900">
    <ele>1291.6</ele>
    <time>2025-10-25T00:49:21Z</time>
    <extensions>
     <gpxtpx:TrackPointExtension>
      <gpxtpx:hr>165</gpxtpx:hr>
     </gpxtpx:TrackPointExtension>
    </extensions>
   </trkpt>
   <trkpt lat="27.6936010" lon="85.3266200">
    <ele>1291.4</ele>
    <time>2025-10-25T00:49:22Z</time>
    <extensions>
     <gpxtpx:TrackPointExtension>
      <gpxtpx:hr>165</gpxtpx:hr>
     </gpxtpx:TrackPointExtension>
    </extensions>
   </trkpt>
   <trkpt lat="27.6935950" lon="85.3266510">
    <ele>1291.4</ele>
    <time>2025-10-25T00:49:23Z</time>
    <extensions>
     <gpxtpx:TrackPointExtension>
      <gpxtpx:hr>165</gpxtpx:hr>
     </gpxtpx:TrackPointExtension>
    </extensions>
   </trkpt>
   <trkpt lat="27.6935890" lon="85.3266820">
    <ele>1291.4</ele>
    <time>2025-10-25T00:49:24Z</time>
    <extensions>
     <gpxtpx:TrackPointExtension>
      <gpxtpx:hr>165</gpxtpx:hr>
     </gpxtpx:TrackPointExtension>
    </extensions>
   </trkpt>
   <trkpt lat="27.6935830" lon="85.3267130">
    <ele>1291.4</ele>
    <time>2025-10-25T00:49:25Z</time>
    <extensions>
     <gpxtpx:TrackPointExtension>
      <gpxtpx:hr>165</gpxtpx:hr>
     </gpxtpx:TrackPointExtension>
    </extensions>
   </trkpt>
   <trkpt lat="27.6935770" lon="85.3267440">
    <ele>1291.4</ele>
    <time>2025-10-25T00:49:26Z</time>
    <extensions>
     <gpxtpx:TrackPointExtension>
      <gpxtpx:hr>165</gpxtpx:hr>
     </gpxtpx:TrackPointExtension>
    </extensions>
   </trkpt>
   <trkpt lat="27.6935710" lon="85.3267740">
    <ele>1291.2</ele>
    <time>2025-10-25T00:49:27Z</time>
    <extensions>
     <gpxtpx:TrackPointExtension>
      <gpxtpx:hr>165</gpxtpx:hr>
     </gpxtpx:TrackPointExtension>
    </extensions>
   </trkpt>
   <trkpt lat="27.6935640" lon="85.3268040">
    <ele>1291.2</ele>
    <time>2025-10-25T00:49:28Z</time>
    <extensions>
     <gpxtpx:TrackPointExtension>
      <gpxtpx:hr>165</gpxtpx:hr>
     </gpxtpx:TrackPointExtension>
    </extensions>
   </trkpt>
   <trkpt lat="27.6935580" lon="85.3268320">
    <ele>1291.2</ele>
    <time>2025-10-25T00:49:29Z</time>
    <extensions>
     <gpxtpx:TrackPointExtension>
      <gpxtpx:hr>165</gpxtpx:hr>
     </gpxtpx:TrackPointExtension>
    </extensions>
   </trkpt>
   <trkpt lat="27.6935500" lon="85.3268600">
    <ele>1291.2</ele>
    <time>2025-10-25T00:49:30Z</time>
    <extensions>
     <gpxtpx:TrackPointExtension>
      <gpxtpx:hr>165</gpxtpx:hr>
     </gpxtpx:TrackPointExtension>
    </extensions>
   </trkpt>
   <trkpt lat="27.6935410" lon="85.3268880">
    <ele>1291.2</ele>
    <time>2025-10-25T00:49:31Z</time>
    <extensions>
     <gpxtpx:TrackPointExtension>
      <gpxtpx:hr>165</gpxtpx:hr>
     </gpxtpx:TrackPointExtension>
    </extensions>
   </trkpt>
   <trkpt lat="27.6935320" lon="85.3269160">
    <ele>1291.0</ele>
    <time>2025-10-25T00:49:32Z</time>
    <extensions>
     <gpxtpx:TrackPointExtension>
      <gpxtpx:hr>165</gpxtpx:hr>
     </gpxtpx:TrackPointExtension>
    </extensions>
   </trkpt>
   <trkpt lat="27.6935220" lon="85.3269430">
    <ele>1291.0</ele>
    <time>2025-10-25T00:49:33Z</time>
    <extensions>
     <gpxtpx:TrackPointExtension>
      <gpxtpx:hr>165</gpxtpx:hr>
     </gpxtpx:TrackPointExtension>
    </extensions>
   </trkpt>
   <trkpt lat="27.6935120" lon="85.3269710">
    <ele>1291.0</ele>
    <time>2025-10-25T00:49:34Z</time>
    <extensions>
     <gpxtpx:TrackPointExtension>
      <gpxtpx:hr>165</gpxtpx:hr>
     </gpxtpx:TrackPointExtension>
    </extensions>
   </trkpt>
   <trkpt lat="27.6935020" lon="85.3269980">
    <ele>1291.0</ele>
    <time>2025-10-25T00:49:35Z</time>
    <extensions>
     <gpxtpx:TrackPointExtension>
      <gpxtpx:hr>165</gpxtpx:hr>
     </gpxtpx:TrackPointExtension>
    </extensions>
   </trkpt>
   <trkpt lat="27.6934920" lon="85.3270260">
    <ele>1291.0</ele>
    <time>2025-10-25T00:49:36Z</time>
    <extensions>
     <gpxtpx:TrackPointExtension>
      <gpxtpx:hr>165</gpxtpx:hr>
     </gpxtpx:TrackPointExtension>
    </extensions>
   </trkpt>
   <trkpt lat="27.6934820" lon="85.3270530">
    <ele>1291.0</ele>
    <time>2025-10-25T00:49:37Z</time>
    <extensions>
     <gpxtpx:TrackPointExtension>
      <gpxtpx:hr>165</gpxtpx:hr>
     </gpxtpx:TrackPointExtension>
    </extensions>
   </trkpt>
   <trkpt lat="27.6934710" lon="85.3270800">
    <ele>1291.0</ele>
    <time>2025-10-25T00:49:38Z</time>
    <extensions>
     <gpxtpx:TrackPointExtension>
      <gpxtpx:hr>165</gpxtpx:hr>
     </gpxtpx:TrackPointExtension>
    </extensions>
   </trkpt>
   <trkpt lat="27.6934600" lon="85.3271060">
    <ele>1290.8</ele>
    <time>2025-10-25T00:49:39Z</time>
    <extensions>
     <gpxtpx:TrackPointExtension>
      <gpxtpx:hr>165</gpxtpx:hr>
     </gpxtpx:TrackPointExtension>
    </extensions>
   </trkpt>
   <trkpt lat="27.6934350" lon="85.3271720">
    <ele>1290.8</ele>
    <time>2025-10-25T00:49:41Z</time>
    <extensions>
     <gpxtpx:TrackPointExtension>
      <gpxtpx:hr>165</gpxtpx:hr>
     </gpxtpx:TrackPointExtension>
    </extensions>
   </trkpt>
   <trkpt lat="27.6934300" lon="85.3271850">
    <ele>1290.8</ele>
    <time>2025-10-25T00:49:42Z</time>
    <extensions>
     <gpxtpx:TrackPointExtension>
      <gpxtpx:hr>165</gpxtpx:hr>
     </gpxtpx:TrackPointExtension>
    </extensions>
   </trkpt>
   <trkpt lat="27.6934210" lon="85.3272120">
    <ele>1290.8</ele>
    <time>2025-10-25T00:49:43Z</time>
    <extensions>
     <gpxtpx:TrackPointExtension>
      <gpxtpx:hr>165</gpxtpx:hr>
     </gpxtpx:TrackPointExtension>
    </extensions>
   </trkpt>
   <trkpt lat="27.6934140" lon="85.3272380">
    <ele>1290.8</ele>
    <time>2025-10-25T00:49:44Z</time>
    <extensions>
     <gpxtpx:TrackPointExtension>
      <gpxtpx:hr>165</gpxtpx:hr>
     </gpxtpx:TrackPointExtension>
    </extensions>
   </trkpt>
   <trkpt lat="27.6934070" lon="85.3272650">
    <ele>1290.8</ele>
    <time>2025-10-25T00:49:45Z</time>
    <extensions>
     <gpxtpx:TrackPointExtension>
      <gpxtpx:hr>165</gpxtpx:hr>
     </gpxtpx:TrackPointExtension>
    </extensions>
   </trkpt>
   <trkpt lat="27.6934020" lon="85.3272920">
    <ele>1290.8</ele>
    <time>2025-10-25T00:49:46Z</time>
    <extensions>
     <gpxtpx:TrackPointExtension>
      <gpxtpx:hr>165</gpxtpx:hr>
     </gpxtpx:TrackPointExtension>
    </extensions>
   </trkpt>
   <trkpt lat="27.6933980" lon="85.3273180">
    <ele>1290.8</ele>
    <time>2025-10-25T00:49:47Z</time>
    <extensions>
     <gpxtpx:TrackPointExtension>
      <gpxtpx:hr>165</gpxtpx:hr>
     </gpxtpx:TrackPointExtension>
    </extensions>
   </trkpt>
   <trkpt lat="27.6933960" lon="85.3273430">
    <ele>1290.8</ele>
    <time>2025-10-25T00:49:48Z</time>
    <extensions>
     <gpxtpx:TrackPointExtension>
      <gpxtpx:hr>165</gpxtpx:hr>
     </gpxtpx:TrackPointExtension>
    </extensions>
   </trkpt>
   <trkpt lat="27.6933960" lon="85.3273690">
    <ele>1290.8</ele>
    <time>2025-10-25T00:49:49Z</time>
    <extensions>
     <gpxtpx:TrackPointExtension>
      <gpxtpx:hr>165</gpxtpx:hr>
     </gpxtpx:TrackPointExtension>
    </extensions>
   </trkpt>
   <trkpt lat="27.6933980" lon="85.3273930">
    <ele>1290.8</ele>
    <time>2025-10-25T00:49:50Z</time>
    <extensions>
     <gpxtpx:TrackPointExtension>
      <gpxtpx:hr>165</gpxtpx:hr>
     </gpxtpx:TrackPointExtension>
    </extensions>
   </trkpt>
   <trkpt lat="27.6934030" lon="85.3274160">
    <ele>1290.8</ele>
    <time>2025-10-25T00:49:51Z</time>
    <extensions>
     <gpxtpx:TrackPointExtension>
      <gpxtpx:hr>165</gpxtpx:hr>
     </gpxtpx:TrackPointExtension>
    </extensions>
   </trkpt>
   <trkpt lat="27.6934120" lon="85.3274370">
    <ele>1290.8</ele>
    <time>2025-10-25T00:49:52Z</time>
    <extensions>
     <gpxtpx:TrackPointExtension>
      <gpxtpx:hr>165</gpxtpx:hr>
     </gpxtpx:TrackPointExtension>
    </extensions>
   </trkpt>
   <trkpt lat="27.6934250" lon="85.3274560">
    <ele>1290.8</ele>
    <time>2025-10-25T00:49:53Z</time>
    <extensions>
     <gpxtpx:TrackPointExtension>
      <gpxtpx:hr>165</gpxtpx:hr>
     </gpxtpx:TrackPointExtension>
    </extensions>
   </trkpt>
   <trkpt lat="27.6934410" lon="85.3274720">
    <ele>1290.8</ele>
    <time>2025-10-25T00:49:54Z</time>
    <extensions>
     <gpxtpx:TrackPointExtension>
      <gpxtpx:hr>165</gpxtpx:hr>
     </gpxtpx:TrackPointExtension>
    </extensions>
   </trkpt>
   <trkpt lat="27.6934610" lon="85.3274850">
    <ele>1290.8</ele>
    <time>2025-10-25T00:49:55Z</time>
    <extensions>
     <gpxtpx:TrackPointExtension>
      <gpxtpx:hr>165</gpxtpx:hr>
     </gpxtpx:TrackPointExtension>
    </extensions>
   </trkpt>
   <trkpt lat="27.6934840" lon="85.3274940">
    <ele>1290.8</ele>
    <time>2025-10-25T00:49:56Z</time>
    <extensions>
     <gpxtpx:TrackPointExtension>
      <gpxtpx:hr>165</gpxtpx:hr>
     </gpxtpx:TrackPointExtension>
    </extensions>
   </trkpt>
   <trkpt lat="27.6935080" lon="85.3275010">
    <ele>1290.8</ele>
    <time>2025-10-25T00:49:57Z</time>
    <extensions>
     <gpxtpx:TrackPointExtension>
      <gpxtpx:hr>165</gpxtpx:hr>
     </gpxtpx:TrackPointExtension>
    </extensions>
   </trkpt>
   <trkpt lat="27.6935340" lon="85.3275060">
    <ele>1290.6</ele>
    <time>2025-10-25T00:49:58Z</time>
    <extensions>
     <gpxtpx:TrackPointExtension>
      <gpxtpx:hr>165</gpxtpx:hr>
     </gpxtpx:TrackPointExtension>
    </extensions>
   </trkpt>
   <trkpt lat="27.6935600" lon="85.3275100">
    <ele>1290.6</ele>
    <time>2025-10-25T00:49:59Z</time>
    <extensions>
     <gpxtpx:TrackPointExtension>
      <gpxtpx:hr>165</gpxtpx:hr>
     </gpxtpx:TrackPointExtension>
    </extensions>
   </trkpt>
   <trkpt lat="27.6935850" lon="85.3275140">
    <ele>1290.6</ele>
    <time>2025-10-25T00:50:00Z</time>
    <extensions>
     <gpxtpx:TrackPointExtension>
      <gpxtpx:hr>165</gpxtpx:hr>
     </gpxtpx:TrackPointExtension>
    </extensions>
   </trkpt>
   <trkpt lat="27.6936110" lon="85.3275180">
    <ele>1290.6</ele>
    <time>2025-10-25T00:50:01Z</time>
    <extensions>
     <gpxtpx:TrackPointExtension>
      <gpxtpx:hr>165</gpxtpx:hr>
     </gpxtpx:TrackPointExtension>
    </extensions>
   </trkpt>
   <trkpt lat="27.6936360" lon="85.3275230">
    <ele>1290.6</ele>
    <time>2025-10-25T00:50:02Z</time>
    <extensions>
     <gpxtpx:TrackPointExtension>
      <gpxtpx:hr>165</gpxtpx:hr>
     </gpxtpx:TrackPointExtension>
    </extensions>
   </trkpt>
   <trkpt lat="27.6936600" lon="85.3275280">
    <ele>1290.6</ele>
    <time>2025-10-25T00:50:03Z</time>
    <extensions>
     <gpxtpx:TrackPointExtension>
      <gpxtpx:hr>165</gpxtpx:hr>
     </gpxtpx:TrackPointExtension>
    </extensions>
   </trkpt>
   <trkpt lat="27.6936840" lon="85.3275340">
    <ele>1290.6</ele>
    <time>2025-10-25T00:50:04Z</time>
    <extensions>
     <gpxtpx:TrackPointExtension>
      <gpxtpx:hr>165</gpxtpx:hr>
     </gpxtpx:TrackPointExtension>
    </extensions>
   </trkpt>
   <trkpt lat="27.6937070" lon="85.3275400">
    <ele>1290.6</ele>
    <time>2025-10-25T00:50:05Z</time>
    <extensions>
     <gpxtpx:TrackPointExtension>
      <gpxtpx:hr>165</gpxtpx:hr>
     </gpxtpx:TrackPointExtension>
    </extensions>
   </trkpt>
   <trkpt lat="27.6937310" lon="85.3275460">
    <ele>1290.6</ele>
    <time>2025-10-25T00:50:06Z</time>
    <extensions>
     <gpxtpx:TrackPointExtension>
      <gpxtpx:hr>165</gpxtpx:hr>
     </gpxtpx:TrackPointExtension>
    </extensions>
   </trkpt>
   <trkpt lat="27.6937550" lon="85.3275530">
    <ele>1290.6</ele>
    <time>2025-10-25T00:50:07Z</time>
    <extensions>
     <gpxtpx:TrackPointExtension>
      <gpxtpx:hr>165</gpxtpx:hr>
     </gpxtpx:TrackPointExtension>
    </extensions>
   </trkpt>
   <trkpt lat="27.6937800" lon="85.3275600">
    <ele>1290.6</ele>
    <time>2025-10-25T00:50:08Z</time>
    <extensions>
     <gpxtpx:TrackPointExtension>
      <gpxtpx:hr>165</gpxtpx:hr>
     </gpxtpx:TrackPointExtension>
    </extensions>
   </trkpt>
   <trkpt lat="27.6938050" lon="85.3275680">
    <ele>1290.6</ele>
    <time>2025-10-25T00:50:09Z</time>
    <extensions>
     <gpxtpx:TrackPointExtension>
      <gpxtpx:hr>165</gpxtpx:hr>
     </gpxtpx:TrackPointExtension>
    </extensions>
   </trkpt>
   <trkpt lat="27.6938300" lon="85.3275750">
    <ele>1290.6</ele>
    <time>2025-10-25T00:50:10Z</time>
    <extensions>
     <gpxtpx:TrackPointExtension>
      <gpxtpx:hr>165</gpxtpx:hr>
     </gpxtpx:TrackPointExtension>
    </extensions>
   </trkpt>
   <trkpt lat="27.6938550" lon="85.3275810">
    <ele>1290.6</ele>
    <time>2025-10-25T00:50:11Z</time>
    <extensions>
     <gpxtpx:TrackPointExtension>
      <gpxtpx:hr>165</gpxtpx:hr>
     </gpxtpx:TrackPointExtension>
    </extensions>
   </trkpt>
   <trkpt lat="27.6938800" lon="85.3275870">
    <ele>1290.6</ele>
    <time>2025-10-25T00:50:12Z</time>
    <extensions>
     <gpxtpx:TrackPointExtension>
      <gpxtpx:hr>165</gpxtpx:hr>
     </gpxtpx:TrackPointExtension>
    </extensions>
   </trkpt>
   <trkpt lat="27.6939050" lon="85.3275930">
    <ele>1290.6</ele>
    <time>2025-10-25T00:50:13Z</time>
    <extensions>
     <gpxtpx:TrackPointExtension>
      <gpxtpx:hr>165</gpxtpx:hr>
     </gpxtpx:TrackPointExtension>
    </extensions>
   </trkpt>
   <trkpt lat="27.6939300" lon="85.3275980">
    <ele>1290.6</ele>
    <time>2025-10-25T00:50:14Z</time>
    <extensions>
     <gpxtpx:TrackPointExtension>
      <gpxtpx:hr>165</gpxtpx:hr>
     </gpxtpx:TrackPointExtension>
    </extensions>
   </trkpt>
   <trkpt lat="27.6939550" lon="85.3276020">
    <ele>1290.6</ele>
    <time>2025-10-25T00:50:15Z</time>
    <extensions>
     <gpxtpx:TrackPointExtension>
      <gpxtpx:hr>165</gpxtpx:hr>
     </gpxtpx:TrackPointExtension>
    </extensions>
   </trkpt>
   <trkpt lat="27.6939800" lon="85.3276070">
    <ele>1290.6</ele>
    <time>2025-10-25T00:50:16Z</time>
    <extensions>
     <gpxtpx:TrackPointExtension>
      <gpxtpx:hr>165</gpxtpx:hr>
     </gpxtpx:TrackPointExtension>
    </extensions>
   </trkpt>
   <trkpt lat="27.6940030" lon="85.3276110">
    <ele>1290.6</ele>
    <time>2025-10-25T00:50:17Z</time>
    <extensions>
     <gpxtpx:TrackPointExtension>
      <gpxtpx:hr>165</gpxtpx:hr>
     </gpxtpx:TrackPointExtension>
    </extensions>
   </trkpt>
   <trkpt lat="27.6940250" lon="85.3276160">
    <ele>1290.6</ele>
    <time>2025-10-25T00:50:18Z</time>
    <extensions>
     <gpxtpx:TrackPointExtension>
      <gpxtpx:hr>165</gpxtpx:hr>
     </gpxtpx:TrackPointExtension>
    </extensions>
   </trkpt>
   <trkpt lat="27.6940480" lon="85.3276190">
    <ele>1290.6</ele>
    <time>2025-10-25T00:50:19Z</time>
    <extensions>
     <gpxtpx:TrackPointExtension>
      <gpxtpx:hr>165</gpxtpx:hr>
     </gpxtpx:TrackPointExtension>
    </extensions>
   </trkpt>
   <trkpt lat="27.6940710" lon="85.3276230">
    <ele>1290.6</ele>
    <time>2025-10-25T00:50:20Z</time>
    <extensions>
     <gpxtpx:TrackPointExtension>
      <gpxtpx:hr>165</gpxtpx:hr>
     </gpxtpx:TrackPointExtension>
    </extensions>
   </trkpt>
   <trkpt lat="27.6940950" lon="85.3276260">
    <ele>1290.6</ele>
    <time>2025-10-25T00:50:21Z</time>
    <extensions>
     <gpxtpx:TrackPointExtension>
      <gpxtpx:hr>165</gpxtpx:hr>
     </gpxtpx:TrackPointExtension>
    </extensions>
   </trkpt>
   <trkpt lat="27.6941190" lon="85.3276280">
    <ele>1290.6</ele>
    <time>2025-10-25T00:50:22Z</time>
    <extensions>
     <gpxtpx:TrackPointExtension>
      <gpxtpx:hr>165</gpxtpx:hr>
     </gpxtpx:TrackPointExtension>
    </extensions>
   </trkpt>
   <trkpt lat="27.6941420" lon="85.3276280">
    <ele>1290.6</ele>
    <time>2025-10-25T00:50:23Z</time>
    <extensions>
     <gpxtpx:TrackPointExtension>
      <gpxtpx:hr>165</gpxtpx:hr>
     </gpxtpx:TrackPointExtension>
    </extensions>
   </trkpt>
   <trkpt lat="27.6941650" lon="85.3276260">
    <ele>1290.6</ele>
    <time>2025-10-25T00:50:24Z</time>
    <extensions>
     <gpxtpx:TrackPointExtension>
      <gpxtpx:hr>165</gpxtpx:hr>
     </gpxtpx:TrackPointExtension>
    </extensions>
   </trkpt>
   <trkpt lat="27.6941880" lon="85.3276220">
    <ele>1290.6</ele>
    <time>2025-10-25T00:50:25Z</time>
    <extensions>
     <gpxtpx:TrackPointExtension>
      <gpxtpx:hr>165</gpxtpx:hr>
     </gpxtpx:TrackPointExtension>
    </extensions>
   </trkpt>
   <trkpt lat="27.6942110" lon="85.3276160">
    <ele>1290.6</ele>
    <time>2025-10-25T00:50:26Z</time>
    <extensions>
     <gpxtpx:TrackPointExtension>
      <gpxtpx:hr>165</gpxtpx:hr>
     </gpxtpx:TrackPointExtension>
    </extensions>
   </trkpt>
   <trkpt lat="27.6942340" lon="85.3276080">
    <ele>1290.6</ele>
    <time>2025-10-25T00:50:27Z</time>
    <extensions>
     <gpxtpx:TrackPointExtension>
      <gpxtpx:hr>165</gpxtpx:hr>
     </gpxtpx:TrackPointExtension>
    </extensions>
   </trkpt>
   <trkpt lat="27.6942570" lon="85.3275990">
    <ele>1290.6</ele>
    <time>2025-10-25T00:50:28Z</time>
    <extensions>
     <gpxtpx:TrackPointExtension>
      <gpxtpx:hr>165</gpxtpx:hr>
     </gpxtpx:TrackPointExtension>
    </extensions>
   </trkpt>
   <trkpt lat="27.6942800" lon="85.3275900">
    <ele>1290.6</ele>
    <time>2025-10-25T00:50:29Z</time>
    <extensions>
     <gpxtpx:TrackPointExtension>
      <gpxtpx:hr>165</gpxtpx:hr>
     </gpxtpx:TrackPointExtension>
    </extensions>
   </trkpt>
   <trkpt lat="27.6943040" lon="85.3275810">
    <ele>1290.6</ele>
    <time>2025-10-25T00:50:31Z</time>
    <extensions>
     <gpxtpx:TrackPointExtension>
      <gpxtpx:hr>165</gpxtpx:hr>
     </gpxtpx:TrackPointExtension>
    </extensions>
   </trkpt>
   <trkpt lat="27.6943270" lon="85.3275720">
    <ele>1290.6</ele>
    <time>2025-10-25T00:50:32Z</time>
    <extensions>
     <gpxtpx:TrackPointExtension>
      <gpxtpx:hr>165</gpxtpx:hr>
     </gpxtpx:TrackPointExtension>
    </extensions>
   </trkpt>
   <trkpt lat="27.6943500" lon="85.3275640">
    <ele>1290.6</ele>
    <time>2025-10-25T00:50:33Z</time>
    <extensions>
     <gpxtpx:TrackPointExtension>
      <gpxtpx:hr>165</gpxtpx:hr>
     </gpxtpx:TrackPointExtension>
    </extensions>
   </trkpt>
   <trkpt lat="27.6943730" lon="85.3275570">
    <ele>1290.8</ele>
    <time>2025-10-25T00:50:34Z</time>
    <extensions>
     <gpxtpx:TrackPointExtension>
      <gpxtpx:hr>165</gpxtpx:hr>
     </gpxtpx:TrackPointExtension>
    </extensions>
   </trkpt>
   <trkpt lat="27.6943950" lon="85.3275520">
    <ele>1290.8</ele>
    <time>2025-10-25T00:50:35Z</time>
    <extensions>
     <gpxtpx:TrackPointExtension>
      <gpxtpx:hr>165</gpxtpx:hr>
     </gpxtpx:TrackPointExtension>
    </extensions>
   </trkpt>
   <trkpt lat="27.6944170" lon="85.3275480">
    <ele>1290.8</ele>
    <time>2025-10-25T00:50:36Z</time>
    <extensions>
     <gpxtpx:TrackPointExtension>
      <gpxtpx:hr>165</gpxtpx:hr>
     </gpxtpx:TrackPointExtension>
    </extensions>
   </trkpt>
   <trkpt lat="27.6944390" lon="85.3275440">
    <ele>1290.8</ele>
    <time>2025-10-25T00:50:37Z</time>
    <extensions>
     <gpxtpx:TrackPointExtension>
      <gpxtpx:hr>165</gpxtpx:hr>
     </gpxtpx:TrackPointExtension>
    </extensions>
   </trkpt>
   <trkpt lat="27.6944620" lon="85.3275410">
    <ele>1290.8</ele>
    <time>2025-10-25T00:50:38Z</time>
    <extensions>
     <gpxtpx:TrackPointExtension>
      <gpxtpx:hr>165</gpxtpx:hr>
     </gpxtpx:TrackPointExtension>
    </extensions>
   </trkpt>
   <trkpt lat="27.6944860" lon="85.3275380">
    <ele>1290.8</ele>
    <time>2025-10-25T00:50:39Z</time>
    <extensions>
     <gpxtpx:TrackPointExtension>
      <gpxtpx:hr>165</gpxtpx:hr>
     </gpxtpx:TrackPointExtension>
    </extensions>
   </trkpt>
   <trkpt lat="27.6945100" lon="85.3275360">
    <ele>1290.8</ele>
    <time>2025-10-25T00:50:40Z</time>
    <extensions>
     <gpxtpx:TrackPointExtension>
      <gpxtpx:hr>165</gpxtpx:hr>
     </gpxtpx:TrackPointExtension>
    </extensions>
   </trkpt>
   <trkpt lat="27.6945330" lon="85.3275340">
    <ele>1290.8</ele>
    <time>2025-10-25T00:50:41Z</time>
    <extensions>
     <gpxtpx:TrackPointExtension>
      <gpxtpx:hr>165</gpxtpx:hr>
     </gpxtpx:TrackPointExtension>
    </extensions>
   </trkpt>
   <trkpt lat="27.6945550" lon="85.3275320">
    <ele>1290.8</ele>
    <time>2025-10-25T00:50:42Z</time>
    <extensions>
     <gpxtpx:TrackPointExtension>
      <gpxtpx:hr>165</gpxtpx:hr>
     </gpxtpx:TrackPointExtension>
    </extensions>
   </trkpt>
   <trkpt lat="27.6945770" lon="85.3275320">
    <ele>1291.0</ele>
    <time>2025-10-25T00:50:43Z</time>
    <extensions>
     <gpxtpx:TrackPointExtension>
      <gpxtpx:hr>165</gpxtpx:hr>
     </gpxtpx:TrackPointExtension>
    </extensions>
   </trkpt>
   <trkpt lat="27.6945990" lon="85.3275310">
    <ele>1291.0</ele>
    <time>2025-10-25T00:50:44Z</time>
    <extensions>
     <gpxtpx:TrackPointExtension>
      <gpxtpx:hr>165</gpxtpx:hr>
     </gpxtpx:TrackPointExtension>
    </extensions>
   </trkpt>
   <trkpt lat="27.6946210" lon="85.3275320">
    <ele>1291.0</ele>
    <time>2025-10-25T00:50:45Z</time>
    <extensions>
     <gpxtpx:TrackPointExtension>
      <gpxtpx:hr>165</gpxtpx:hr>
     </gpxtpx:TrackPointExtension>
    </extensions>
   </trkpt>
   <trkpt lat="27.6946430" lon="85.3275330">
    <ele>1291.0</ele>
    <time>2025-10-25T00:50:46Z</time>
    <extensions>
     <gpxtpx:TrackPointExtension>
      <gpxtpx:hr>165</gpxtpx:hr>
     </gpxtpx:TrackPointExtension>
    </extensions>
   </trkpt>
   <trkpt lat="27.6946660" lon="85.3275350">
    <ele>1291.0</ele>
    <time>2025-10-25T00:50:47Z</time>
    <extensions>
     <gpxtpx:TrackPointExtension>
      <gpxtpx:hr>165</gpxtpx:hr>
     </gpxtpx:TrackPointExtension>
    </extensions>
   </trkpt>
   <trkpt lat="27.6946900" lon="85.3275380">
    <ele>1291.0</ele>
    <time>2025-10-25T00:50:48Z</time>
    <extensions>
     <gpxtpx:TrackPointExtension>
      <gpxtpx:hr>165</gpxtpx:hr>
     </gpxtpx:TrackPointExtension>
    </extensions>
   </trkpt>
   <trkpt lat="27.6947130" lon="85.3275420">
    <ele>1291.0</ele>
    <time>2025-10-25T00:50:49Z</time>
    <extensions>
     <gpxtpx:TrackPointExtension>
      <gpxtpx:hr>165</gpxtpx:hr>
     </gpxtpx:TrackPointExtension>
    </extensions>
   </trkpt>
   <trkpt lat="27.6947370" lon="85.3275460">
    <ele>1291.0</ele>
    <time>2025-10-25T00:50:50Z</time>
    <extensions>
     <gpxtpx:TrackPointExtension>
      <gpxtpx:hr>165</gpxtpx:hr>
     </gpxtpx:TrackPointExtension>
    </extensions>
   </trkpt>
   <trkpt lat="27.6947610" lon="85.3275510">
    <ele>1291.0</ele>
    <time>2025-10-25T00:50:51Z</time>
    <extensions>
     <gpxtpx:TrackPointExtension>
      <gpxtpx:hr>165</gpxtpx:hr>
     </gpxtpx:TrackPointExtension>
    </extensions>
   </trkpt>
   <trkpt lat="27.6947850" lon="85.3275570">
    <ele>1291.0</ele>
    <time>2025-10-25T00:50:52Z</time>
    <extensions>
     <gpxtpx:TrackPointExtension>
      <gpxtpx:hr>165</gpxtpx:hr>
     </gpxtpx:TrackPointExtension>
    </extensions>
   </trkpt>
   <trkpt lat="27.6948090" lon="85.3275630">
    <ele>1291.0</ele>
    <time>2025-10-25T00:50:53Z</time>
    <extensions>
     <gpxtpx:TrackPointExtension>
      <gpxtpx:hr>165</gpxtpx:hr>
     </gpxtpx:TrackPointExtension>
    </extensions>
   </trkpt>
   <trkpt lat="27.6948340" lon="85.3275680">
    <ele>1291.0</ele>
    <time>2025-10-25T00:50:54Z</time>
    <extensions>
     <gpxtpx:TrackPointExtension>
      <gpxtpx:hr>165</gpxtpx:hr>
     </gpxtpx:TrackPointExtension>
    </extensions>
   </trkpt>
   <trkpt lat="27.6948580" lon="85.3275730">
    <ele>1291.0</ele>
    <time>2025-10-25T00:50:55Z</time>
    <extensions>
     <gpxtpx:TrackPointExtension>
      <gpxtpx:hr>165</gpxtpx:hr>
     </gpxtpx:TrackPointExtension>
    </extensions>
   </trkpt>
   <trkpt lat="27.6948830" lon="85.3275790">
    <ele>1291.0</ele>
    <time>2025-10-25T00:50:56Z</time>
    <extensions>
     <gpxtpx:TrackPointExtension>
      <gpxtpx:hr>165</gpxtpx:hr>
     </gpxtpx:TrackPointExtension>
    </extensions>
   </trkpt>
   <trkpt lat="27.6949080" lon="85.3275840">
    <ele>1291.0</ele>
    <time>2025-10-25T00:50:57Z</time>
    <extensions>
     <gpxtpx:TrackPointExtension>
      <gpxtpx:hr>165</gpxtpx:hr>
     </gpxtpx:TrackPointExtension>
    </extensions>
   </trkpt>
   <trkpt lat="27.6949330" lon="85.3275900">
    <ele>1291.0</ele>
    <time>2025-10-25T00:50:58Z</time>
    <extensions>
     <gpxtpx:TrackPointExtension>
      <gpxtpx:hr>165</gpxtpx:hr>
     </gpxtpx:TrackPointExtension>
    </extensions>
   </trkpt>
   <trkpt lat="27.6949580" lon="85.3275950">
    <ele>1291.0</ele>
    <time>2025-10-25T00:50:59Z</time>
    <extensions>
     <gpxtpx:TrackPointExtension>
      <gpxtpx:hr>165</gpxtpx:hr>
     </gpxtpx:TrackPointExtension>
    </extensions>
   </trkpt>
   <trkpt lat="27.6949830" lon="85.3276010">
    <ele>1291.0</ele>
    <time>2025-10-25T00:51:00Z</time>
    <extensions>
     <gpxtpx:TrackPointExtension>
      <gpxtpx:hr>165</gpxtpx:hr>
     </gpxtpx:TrackPointExtension>
    </extensions>
   </trkpt>
   <trkpt lat="27.6950070" lon="85.3276070">
    <ele>1291.0</ele>
    <time>2025-10-25T00:51:01Z</time>
    <extensions>
     <gpxtpx:TrackPointExtension>
      <gpxtpx:hr>165</gpxtpx:hr>
     </gpxtpx:TrackPointExtension>
    </extensions>
   </trkpt>
   <trkpt lat="27.6950310" lon="85.3276140">
    <ele>1291.0</ele>
    <time>2025-10-25T00:51:02Z</time>
    <extensions>
     <gpxtpx:TrackPointExtension>
      <gpxtpx:hr>165</gpxtpx:hr>
     </gpxtpx:TrackPointExtension>
    </extensions>
   </trkpt>
   <trkpt lat="27.6950550" lon="85.3276200">
    <ele>1291.0</ele>
    <time>2025-10-25T00:51:03Z</time>
    <extensions>
     <gpxtpx:TrackPointExtension>
      <gpxtpx:hr>165</gpxtpx:hr>
     </gpxtpx:TrackPointExtension>
    </extensions>
   </trkpt>
   <trkpt lat="27.6950790" lon="85.3276260">
    <ele>1291.0</ele>
    <time>2025-10-25T00:51:04Z</time>
    <extensions>
     <gpxtpx:TrackPointExtension>
      <gpxtpx:hr>165</gpxtpx:hr>
     </gpxtpx:TrackPointExtension>
    </extensions>
   </trkpt>
   <trkpt lat="27.6951040" lon="85.3276330">
    <ele>1291.0</ele>
    <time>2025-10-25T00:51:05Z</time>
    <extensions>
     <gpxtpx:TrackPointExtension>
      <gpxtpx:hr>165</gpxtpx:hr>
     </gpxtpx:TrackPointExtension>
    </extensions>
   </trkpt>
   <trkpt lat="27.6951270" lon="85.3276390">
    <ele>1291.0</ele>
    <time>2025-10-25T00:51:06Z</time>
    <extensions>
     <gpxtpx:TrackPointExtension>
      <gpxtpx:hr>165</gpxtpx:hr>
     </gpxtpx:TrackPointExtension>
    </extensions>
   </trkpt>
   <trkpt lat="27.6951510" lon="85.3276460">
    <ele>1291.2</ele>
    <time>2025-10-25T00:51:07Z</time>
    <extensions>
     <gpxtpx:TrackPointExtension>
      <gpxtpx:hr>165</gpxtpx:hr>
     </gpxtpx:TrackPointExtension>
    </extensions>
   </trkpt>
   <trkpt lat="27.6951750" lon="85.3276530">
    <ele>1291.2</ele>
    <time>2025-10-25T00:51:08Z</time>
    <extensions>
     <gpxtpx:TrackPointExtension>
      <gpxtpx:hr>165</gpxtpx:hr>
     </gpxtpx:TrackPointExtension>
    </extensions>
   </trkpt>
   <trkpt lat="27.6951990" lon="85.3276610">
    <ele>1291.2</ele>
    <time>2025-10-25T00:51:09Z</time>
    <extensions>
     <gpxtpx:TrackPointExtension>
      <gpxtpx:hr>165</gpxtpx:hr>
     </gpxtpx:TrackPointExtension>
    </extensions>
   </trkpt>
   <trkpt lat="27.6952240" lon="85.3276680">
    <ele>1291.2</ele>
    <time>2025-10-25T00:51:10Z</time>
    <extensions>
     <gpxtpx:TrackPointExtension>
      <gpxtpx:hr>165</gpxtpx:hr>
     </gpxtpx:TrackPointExtension>
    </extensions>
   </trkpt>
   <trkpt lat="27.6952480" lon="85.3276760">
    <ele>1291.2</ele>
    <time>2025-10-25T00:51:11Z</time>
    <extensions>
     <gpxtpx:TrackPointExtension>
      <gpxtpx:hr>165</gpxtpx:hr>
     </gpxtpx:TrackPointExtension>
    </extensions>
   </trkpt>
   <trkpt lat="27.6952710" lon="85.3276820">
    <ele>1291.2</ele>
    <time>2025-10-25T00:51:12Z</time>
    <extensions>
     <gpxtpx:TrackPointExtension>
      <gpxtpx:hr>165</gpxtpx:hr>
     </gpxtpx:TrackPointExtension>
    </extensions>
   </trkpt>
   <trkpt lat="27.6952950" lon="85.3276890">
    <ele>1291.2</ele>
    <time>2025-10-25T00:51:13Z</time>
    <extensions>
     <gpxtpx:TrackPointExtension>
      <gpxtpx:hr>165</gpxtpx:hr>
     </gpxtpx:TrackPointExtension>
    </extensions>
   </trkpt>
   <trkpt lat="27.6953180" lon="85.3276950">
    <ele>1291.2</ele>
    <time>2025-10-25T00:51:14Z</time>
    <extensions>
     <gpxtpx:TrackPointExtension>
      <gpxtpx:hr>165</gpxtpx:hr>
     </gpxtpx:TrackPointExtension>
    </extensions>
   </trkpt>
   <trkpt lat="27.6953410" lon="85.3277010">
    <ele>1291.2</ele>
    <time>2025-10-25T00:51:15Z</time>
    <extensions>
     <gpxtpx:TrackPointExtension>
      <gpxtpx:hr>165</gpxtpx:hr>
     </gpxtpx:TrackPointExtension>
    </extensions>
   </trkpt>
   <trkpt lat="27.6953640" lon="85.3277070">
    <ele>1291.2</ele>
    <time>2025-10-25T00:51:16Z</time>
    <extensions>
     <gpxtpx:TrackPointExtension>
      <gpxtpx:hr>165</gpxtpx:hr>
     </gpxtpx:TrackPointExtension>
    </extensions>
   </trkpt>
   <trkpt lat="27.6953880" lon="85.3277130">
    <ele>1291.4</ele>
    <time>2025-10-25T00:51:17Z</time>
    <extensions>
     <gpxtpx:TrackPointExtension>
      <gpxtpx:hr>165</gpxtpx:hr>
     </gpxtpx:TrackPointExtension>
    </extensions>
   </trkpt>
   <trkpt lat="27.6954120" lon="85.3277190">
    <ele>1291.4</ele>
    <time>2025-10-25T00:51:18Z</time>
    <extensions>
     <gpxtpx:TrackPointExtension>
      <gpxtpx:hr>165</gpxtpx:hr>
     </gpxtpx:TrackPointExtension>
    </extensions>
   </trkpt>
   <trkpt lat="27.6954360" lon="85.3277260">
    <ele>1291.4</ele>
    <time>2025-10-25T00:51:19Z</time>
    <extensions>
     <gpxtpx:TrackPointExtension>
      <gpxtpx:hr>165</gpxtpx:hr>
     </gpxtpx:TrackPointExtension>
    </extensions>
   </trkpt>
   <trkpt lat="27.6954600" lon="85.3277320">
    <ele>1291.4</ele>
    <time>2025-10-25T00:51:20Z</time>
    <extensions>
     <gpxtpx:TrackPointExtension>
      <gpxtpx:hr>165</gpxtpx:hr>
     </gpxtpx:TrackPointExtension>
    </extensions>
   </trkpt>
   <trkpt lat="27.6954840" lon="85.3277390">
    <ele>1291.4</ele>
    <time>2025-10-25T00:51:21Z</time>
    <extensions>
     <gpxtpx:TrackPointExtension>
      <gpxtpx:hr>165</gpxtpx:hr>
     </gpxtpx:TrackPointExtension>
    </extensions>
   </trkpt>
   <trkpt lat="27.6955070" lon="85.3277460">
    <ele>1291.4</ele>
    <time>2025-10-25T00:51:22Z</time>
    <extensions>
     <gpxtpx:TrackPointExtension>
      <gpxtpx:hr>165</gpxtpx:hr>
     </gpxtpx:TrackPointExtension>
    </extensions>
   </trkpt>
   <trkpt lat="27.6955300" lon="85.3277540">
    <ele>1291.4</ele>
    <time>2025-10-25T00:51:23Z</time>
    <extensions>
     <gpxtpx:TrackPointExtension>
      <gpxtpx:hr>165</gpxtpx:hr>
     </gpxtpx:TrackPointExtension>
    </extensions>
   </trkpt>
   <trkpt lat="27.6955540" lon="85.3277610">
    <ele>1291.4</ele>
    <time>2025-10-25T00:51:24Z</time>
    <extensions>
     <gpxtpx:TrackPointExtension>
      <gpxtpx:hr>165</gpxtpx:hr>
     </gpxtpx:TrackPointExtension>
    </extensions>
   </trkpt>
   <trkpt lat="27.6955760" lon="85.3277690">
    <ele>1291.4</ele>
    <time>2025-10-25T00:51:25Z</time>
    <extensions>
     <gpxtpx:TrackPointExtension>
      <gpxtpx:hr>165</gpxtpx:hr>
     </gpxtpx:TrackPointExtension>
    </extensions>
   </trkpt>
   <trkpt lat="27.6956000" lon="85.3277760">
    <ele>1291.4</ele>
    <time>2025-10-25T00:51:26Z</time>
    <extensions>
     <gpxtpx:TrackPointExtension>
      <gpxtpx:hr>165</gpxtpx:hr>
     </gpxtpx:TrackPointExtension>
    </extensions>
   </trkpt>
   <trkpt lat="27.6956230" lon="85.3277840">
    <ele>1291.4</ele>
    <time>2025-10-25T00:51:27Z</time>
    <extensions>
     <gpxtpx:TrackPointExtension>
      <gpxtpx:hr>165</gpxtpx:hr>
     </gpxtpx:TrackPointExtension>
    </extensions>
   </trkpt>
   <trkpt lat="27.6956470" lon="85.3277920">
    <ele>1291.4</ele>
    <time>2025-10-25T00:51:28Z</time>
    <extensions>
     <gpxtpx:TrackPointExtension>
      <gpxtpx:hr>165</gpxtpx:hr>
     </gpxtpx:TrackPointExtension>
    </extensions>
   </trkpt>
   <trkpt lat="27.6956710" lon="85.3277990">
    <ele>1291.6</ele>
    <time>2025-10-25T00:51:29Z</time>
    <extensions>
     <gpxtpx:TrackPointExtension>
      <gpxtpx:hr>165</gpxtpx:hr>
     </gpxtpx:TrackPointExtension>
    </extensions>
   </trkpt>
   <trkpt lat="27.6956940" lon="85.3278060">
    <ele>1291.6</ele>
    <time>2025-10-25T00:51:30Z</time>
    <extensions>
     <gpxtpx:TrackPointExtension>
      <gpxtpx:hr>165</gpxtpx:hr>
     </gpxtpx:TrackPointExtension>
    </extensions>
   </trkpt>
   <trkpt lat="27.6957170" lon="85.3278130">
    <ele>1291.6</ele>
    <time>2025-10-25T00:51:31Z</time>
    <extensions>
     <gpxtpx:TrackPointExtension>
      <gpxtpx:hr>165</gpxtpx:hr>
     </gpxtpx:TrackPointExtension>
    </extensions>
   </trkpt>
   <trkpt lat="27.6957400" lon="85.3278200">
    <ele>1291.6</ele>
    <time>2025-10-25T00:51:32Z</time>
    <extensions>
     <gpxtpx:TrackPointExtension>
      <gpxtpx:hr>165</gpxtpx:hr>
     </gpxtpx:TrackPointExtension>
    </extensions>
   </trkpt>
   <trkpt lat="27.6957630" lon="85.3278270">
    <ele>1291.6</ele>
    <time>2025-10-25T00:51:33Z</time>
    <extensions>
     <gpxtpx:TrackPointExtension>
      <gpxtpx:hr>165</gpxtpx:hr>
     </gpxtpx:TrackPointExtension>
    </extensions>
   </trkpt>
   <trkpt lat="27.6957860" lon="85.3278330">
    <ele>1291.6</ele>
    <time>2025-10-25T00:51:34Z</time>
    <extensions>
     <gpxtpx:TrackPointExtension>
      <gpxtpx:hr>165</gpxtpx:hr>
     </gpxtpx:TrackPointExtension>
    </extensions>
   </trkpt>
   <trkpt lat="27.6958090" lon="85.3278390">
    <ele>1291.6</ele>
    <time>2025-10-25T00:51:35Z</time>
    <extensions>
     <gpxtpx:TrackPointExtension>
      <gpxtpx:hr>165</gpxtpx:hr>
     </gpxtpx:TrackPointExtension>
    </extensions>
   </trkpt>
   <trkpt lat="27.6958330" lon="85.3278460">
    <ele>1291.6</ele>
    <time>2025-10-25T00:51:36Z</time>
    <extensions>
     <gpxtpx:TrackPointExtension>
      <gpxtpx:hr>165</gpxtpx:hr>
     </gpxtpx:TrackPointExtension>
    </extensions>
   </trkpt>
   <trkpt lat="27.6958580" lon="85.3278530">
    <ele>1291.6</ele>
    <time>2025-10-25T00:51:37Z</time>
    <extensions>
     <gpxtpx:TrackPointExtension>
      <gpxtpx:hr>165</gpxtpx:hr>
     </gpxtpx:TrackPointExtension>
    </extensions>
   </trkpt>
   <trkpt lat="27.6958820" lon="85.3278610">
    <ele>1291.6</ele>
    <time>2025-10-25T00:51:38Z</time>
    <extensions>
     <gpxtpx:TrackPointExtension>
      <gpxtpx:hr>165</gpxtpx:hr>
     </gpxtpx:TrackPointExtension>
    </extensions>
   </trkpt>
   <trkpt lat="27.6959060" lon="85.3278680">
    <ele>1291.6</ele>
    <time>2025-10-25T00:51:39Z</time>
    <extensions>
     <gpxtpx:TrackPointExtension>
      <gpxtpx:hr>165</gpxtpx:hr>
     </gpxtpx:TrackPointExtension>
    </extensions>
   </trkpt>
   <trkpt lat="27.6959300" lon="85.3278760">
    <ele>1291.6</ele>
    <time>2025-10-25T00:51:40Z</time>
    <extensions>
     <gpxtpx:TrackPointExtension>
      <gpxtpx:hr>165</gpxtpx:hr>
     </gpxtpx:TrackPointExtension>
    </extensions>
   </trkpt>
   <trkpt lat="27.6959530" lon="85.3278830">
    <ele>1291.6</ele>
    <time>2025-10-25T00:51:41Z</time>
    <extensions>
     <gpxtpx:TrackPointExtension>
      <gpxtpx:hr>165</gpxtpx:hr>
     </gpxtpx:TrackPointExtension>
    </extensions>
   </trkpt>
   <trkpt lat="27.6959750" lon="85.3278910">
    <ele>1291.6</ele>
    <time>2025-10-25T00:51:42Z</time>
    <extensions>
     <gpxtpx:TrackPointExtension>
      <gpxtpx:hr>165</gpxtpx:hr>
     </gpxtpx:TrackPointExtension>
    </extensions>
   </trkpt>
   <trkpt lat="27.6959980" lon="85.3278980">
    <ele>1291.6</ele>
    <time>2025-10-25T00:51:43Z</time>
    <extensions>
     <gpxtpx:TrackPointExtension>
      <gpxtpx:hr>165</gpxtpx:hr>
     </gpxtpx:TrackPointExtension>
    </extensions>
   </trkpt>
   <trkpt lat="27.6960200" lon="85.3279050">
    <ele>1291.6</ele>
    <time>2025-10-25T00:51:44Z</time>
    <extensions>
     <gpxtpx:TrackPointExtension>
      <gpxtpx:hr>165</gpxtpx:hr>
     </gpxtpx:TrackPointExtension>
    </extensions>
   </trkpt>
   <trkpt lat="27.6960430" lon="85.3279120">
    <ele>1291.6</ele>
    <time>2025-10-25T00:51:45Z</time>
    <extensions>
     <gpxtpx:TrackPointExtension>
      <gpxtpx:hr>165</gpxtpx:hr>
     </gpxtpx:TrackPointExtension>
    </extensions>
   </trkpt>
   <trkpt lat="27.6960670" lon="85.3279190">
    <ele>1291.6</ele>
    <time>2025-10-25T00:51:46Z</time>
    <extensions>
     <gpxtpx:TrackPointExtension>
      <gpxtpx:hr>165</gpxtpx:hr>
     </gpxtpx:TrackPointExtension>
    </extensions>
   </trkpt>
   <trkpt lat="27.6960910" lon="85.3279260">
    <ele>1291.6</ele>
    <time>2025-10-25T00:51:47Z</time>
    <extensions>
     <gpxtpx:TrackPointExtension>
      <gpxtpx:hr>165</gpxtpx:hr>
     </gpxtpx:TrackPointExtension>
    </extensions>
   </trkpt>
   <trkpt lat="27.6961150" lon="85.3279330">
    <ele>1291.6</ele>
    <time>2025-10-25T00:51:48Z</time>
    <extensions>
     <gpxtpx:TrackPointExtension>
      <gpxtpx:hr>165</gpxtpx:hr>
     </gpxtpx:TrackPointExtension>
    </extensions>
   </trkpt>
   <trkpt lat="27.6961600" lon="85.3279460">
    <ele>1291.8</ele>
    <time>2025-10-25T00:51:49Z</time>
    <extensions>
     <gpxtpx:TrackPointExtension>
      <gpxtpx:hr>165</gpxtpx:hr>
     </gpxtpx:TrackPointExtension>
    </extensions>
   </trkpt>
   <trkpt lat="27.6961830" lon="85.3279520">
    <ele>1291.8</ele>
    <time>2025-10-25T00:51:50Z</time>
    <extensions>
     <gpxtpx:TrackPointExtension>
      <gpxtpx:hr>165</gpxtpx:hr>
     </gpxtpx:TrackPointExtension>
    </extensions>
   </trkpt>
   <trkpt lat="27.6962050" lon="85.3279590">
    <ele>1291.8</ele>
    <time>2025-10-25T00:51:51Z</time>
    <extensions>
     <gpxtpx:TrackPointExtension>
      <gpxtpx:hr>165</gpxtpx:hr>
     </gpxtpx:TrackPointExtension>
    </extensions>
   </trkpt>
   <trkpt lat="27.6962280" lon="85.3279650">
    <ele>1291.8</ele>
    <time>2025-10-25T00:51:52Z</time>
    <extensions>
     <gpxtpx:TrackPointExtension>
      <gpxtpx:hr>165</gpxtpx:hr>
     </gpxtpx:TrackPointExtension>
    </extensions>
   </trkpt>
   <trkpt lat="27.6962510" lon="85.3279710">
    <ele>1291.8</ele>
    <time>2025-10-25T00:51:53Z</time>
    <extensions>
     <gpxtpx:TrackPointExtension>
      <gpxtpx:hr>165</gpxtpx:hr>
     </gpxtpx:TrackPointExtension>
    </extensions>
   </trkpt>
   <trkpt lat="27.6962740" lon="85.3279770">
    <ele>1291.8</ele>
    <time>2025-10-25T00:51:54Z</time>
    <extensions>
     <gpxtpx:TrackPointExtension>
      <gpxtpx:hr>165</gpxtpx:hr>
     </gpxtpx:TrackPointExtension>
    </extensions>
   </trkpt>
   <trkpt lat="27.6962970" lon="85.3279830">
    <ele>1291.8</ele>
    <time>2025-10-25T00:51:55Z</time>
    <extensions>
     <gpxtpx:TrackPointExtension>
      <gpxtpx:hr>165</gpxtpx:hr>
     </gpxtpx:TrackPointExtension>
    </extensions>
   </trkpt>
   <trkpt lat="27.6963200" lon="85.3279900">
    <ele>1291.8</ele>
    <time>2025-10-25T00:51:56Z</time>
    <extensions>
     <gpxtpx:TrackPointExtension>
      <gpxtpx:hr>165</gpxtpx:hr>
     </gpxtpx:TrackPointExtension>
    </extensions>
   </trkpt>
   <trkpt lat="27.6963440" lon="85.3279960">
    <ele>1291.8</ele>
    <time>2025-10-25T00:51:58Z</time>
    <extensions>
     <gpxtpx:TrackPointExtension>
      <gpxtpx:hr>165</gpxtpx:hr>
     </gpxtpx:TrackPointExtension>
    </extensions>
   </trkpt>
   <trkpt lat="27.6963670" lon="85.3280030">
    <ele>1291.8</ele>
    <time>2025-10-25T00:51:59Z</time>
    <extensions>
     <gpxtpx:TrackPointExtension>
      <gpxtpx:hr>165</gpxtpx:hr>
     </gpxtpx:TrackPointExtension>
    </extensions>
   </trkpt>
   <trkpt lat="27.6963910" lon="85.3280100">
    <ele>1291.8</ele>
    <time>2025-10-25T00:52:00Z</time>
    <extensions>
     <gpxtpx:TrackPointExtension>
      <gpxtpx:hr>165</gpxtpx:hr>
     </gpxtpx:TrackPointExtension>
    </extensions>
   </trkpt>
   <trkpt lat="27.6964160" lon="85.3280170">
    <ele>1292.0</ele>
    <time>2025-10-25T00:52:01Z</time>
    <extensions>
     <gpxtpx:TrackPointExtension>
      <gpxtpx:hr>165</gpxtpx:hr>
     </gpxtpx:TrackPointExtension>
    </extensions>
   </trkpt>
   <trkpt lat="27.6964410" lon="85.3280250">
    <ele>1292.0</ele>
    <time>2025-10-25T00:52:02Z</time>
    <extensions>
     <gpxtpx:TrackPointExtension>
      <gpxtpx:hr>165</gpxtpx:hr>
     </gpxtpx:TrackPointExtension>
    </extensions>
   </trkpt>
   <trkpt lat="27.6964660" lon="85.3280330">
    <ele>1292.0</ele>
    <time>2025-10-25T00:52:03Z</time>
    <extensions>
     <gpxtpx:TrackPointExtension>
      <gpxtpx:hr>165</gpxtpx:hr>
     </gpxtpx:TrackPointExtension>
    </extensions>
   </trkpt>
   <trkpt lat="27.6964920" lon="85.3280400">
    <ele>1292.0</ele>
    <time>2025-10-25T00:52:04Z</time>
    <extensions>
     <gpxtpx:TrackPointExtension>
      <gpxtpx:hr>165</gpxtpx:hr>
     </gpxtpx:TrackPointExtension>
    </extensions>
   </trkpt>
   <trkpt lat="27.6965170" lon="85.3280480">
    <ele>1292.0</ele>
    <time>2025-10-25T00:52:05Z</time>
    <extensions>
     <gpxtpx:TrackPointExtension>
      <gpxtpx:hr>165</gpxtpx:hr>
     </gpxtpx:TrackPointExtension>
    </extensions>
   </trkpt>
   <trkpt lat="27.6965420" lon="85.3280560">
    <ele>1292.0</ele>
    <time>2025-10-25T00:52:06Z</time>
    <extensions>
     <gpxtpx:TrackPointExtension>
      <gpxtpx:hr>165</gpxtpx:hr>
     </gpxtpx:TrackPointExtension>
    </extensions>
   </trkpt>
   <trkpt lat="27.6965670" lon="85.3280630">
    <ele>1292.0</ele>
    <time>2025-10-25T00:52:07Z</time>
    <extensions>
     <gpxtpx:TrackPointExtension>
      <gpxtpx:hr>165</gpxtpx:hr>
     </gpxtpx:TrackPointExtension>
    </extensions>
   </trkpt>
   <trkpt lat="27.6965920" lon="85.3280700">
    <ele>1292.0</ele>
    <time>2025-10-25T00:52:08Z</time>
    <extensions>
     <gpxtpx:TrackPointExtension>
      <gpxtpx:hr>165</gpxtpx:hr>
     </gpxtpx:TrackPointExtension>
    </extensions>
   </trkpt>
   <trkpt lat="27.6966160" lon="85.3280770">
    <ele>1292.0</ele>
    <time>2025-10-25T00:52:09Z</time>
    <extensions>
     <gpxtpx:TrackPointExtension>
      <gpxtpx:hr>165</gpxtpx:hr>
     </gpxtpx:TrackPointExtension>
    </extensions>
   </trkpt>
   <trkpt lat="27.6966400" lon="85.3280830">
    <ele>1292.0</ele>
    <time>2025-10-25T00:52:10Z</time>
    <extensions>
     <gpxtpx:TrackPointExtension>
      <gpxtpx:hr>165</gpxtpx:hr>
     </gpxtpx:TrackPointExtension>
    </extensions>
   </trkpt>
   <trkpt lat="27.6966630" lon="85.3280890">
    <ele>1292.0</ele>
    <time>2025-10-25T00:52:11Z</time>
    <extensions>
     <gpxtpx:TrackPointExtension>
      <gpxtpx:hr>165</gpxtpx:hr>
     </gpxtpx:TrackPointExtension>
    </extensions>
   </trkpt>
   <trkpt lat="27.6966860" lon="85.3280960">
    <ele>1292.0</ele>
    <time>2025-10-25T00:52:12Z</time>
    <extensions>
     <gpxtpx:TrackPointExtension>
      <gpxtpx:hr>165</gpxtpx:hr>
     </gpxtpx:TrackPointExtension>
    </extensions>
   </trkpt>
   <trkpt lat="27.6967100" lon="85.3281020">
    <ele>1292.0</ele>
    <time>2025-10-25T00:52:13Z</time>
    <extensions>
     <gpxtpx:TrackPointExtension>
      <gpxtpx:hr>165</gpxtpx:hr>
     </gpxtpx:TrackPointExtension>
    </extensions>
   </trkpt>
   <trkpt lat="27.6967340" lon="85.3281080">
    <ele>1292.0</ele>
    <time>2025-10-25T00:52:14Z</time>
    <extensions>
     <gpxtpx:TrackPointExtension>
      <gpxtpx:hr>165</gpxtpx:hr>
     </gpxtpx:TrackPointExtension>
    </extensions>
   </trkpt>
   <trkpt lat="27.6967580" lon="85.3281150">
    <ele>1292.0</ele>
    <time>2025-10-25T00:52:15Z</time>
    <extensions>
     <gpxtpx:TrackPointExtension>
      <gpxtpx:hr>165</gpxtpx:hr>
     </gpxtpx:TrackPointExtension>
    </extensions>
   </trkpt>
   <trkpt lat="27.6967810" lon="85.3281230">
    <ele>1292.0</ele>
    <time>2025-10-25T00:52:16Z</time>
    <extensions>
     <gpxtpx:TrackPointExtension>
      <gpxtpx:hr>165</gpxtpx:hr>
     </gpxtpx:TrackPointExtension>
    </extensions>
   </trkpt>
   <trkpt lat="27.6968040" lon="85.3281300">
    <ele>1292.0</ele>
    <time>2025-10-25T00:52:17Z</time>
    <extensions>
     <gpxtpx:TrackPointExtension>
      <gpxtpx:hr>165</gpxtpx:hr>
     </gpxtpx:TrackPointExtension>
    </extensions>
   </trkpt>
   <trkpt lat="27.6968280" lon="85.3281380">
    <ele>1292.0</ele>
    <time>2025-10-25T00:52:18Z</time>
    <extensions>
     <gpxtpx:TrackPointExtension>
      <gpxtpx:hr>165</gpxtpx:hr>
     </gpxtpx:TrackPointExtension>
    </extensions>
   </trkpt>
   <trkpt lat="27.6968510" lon="85.3281460">
    <ele>1292.0</ele>
    <time>2025-10-25T00:52:19Z</time>
    <extensions>
     <gpxtpx:TrackPointExtension>
      <gpxtpx:hr>165</gpxtpx:hr>
     </gpxtpx:TrackPointExtension>
    </extensions>
   </trkpt>
   <trkpt lat="27.6968750" lon="85.3281530">
    <ele>1292.0</ele>
    <time>2025-10-25T00:52:20Z</time>
    <extensions>
     <gpxtpx:TrackPointExtension>
      <gpxtpx:hr>165</gpxtpx:hr>
     </gpxtpx:TrackPointExtension>
    </extensions>
   </trkpt>
   <trkpt lat="27.6968980" lon="85.3281610">
    <ele>1292.0</ele>
    <time>2025-10-25T00:52:21Z</time>
    <extensions>
     <gpxtpx:TrackPointExtension>
      <gpxtpx:hr>165</gpxtpx:hr>
     </gpxtpx:TrackPointExtension>
    </extensions>
   </trkpt>
   <trkpt lat="27.6969220" lon="85.3281680">
    <ele>1292.0</ele>
    <time>2025-10-25T00:52:22Z</time>
    <extensions>
     <gpxtpx:TrackPointExtension>
      <gpxtpx:hr>165</gpxtpx:hr>
     </gpxtpx:TrackPointExtension>
    </extensions>
   </trkpt>
   <trkpt lat="27.6969470" lon="85.3281760">
    <ele>1292.0</ele>
    <time>2025-10-25T00:52:23Z</time>
    <extensions>
     <gpxtpx:TrackPointExtension>
      <gpxtpx:hr>165</gpxtpx:hr>
     </gpxtpx:TrackPointExtension>
    </extensions>
   </trkpt>
   <trkpt lat="27.6969720" lon="85.3281830">
    <ele>1292.0</ele>
    <time>2025-10-25T00:52:24Z</time>
    <extensions>
     <gpxtpx:TrackPointExtension>
      <gpxtpx:hr>165</gpxtpx:hr>
     </gpxtpx:TrackPointExtension>
    </extensions>
   </trkpt>
   <trkpt lat="27.6969970" lon="85.3281900">
    <ele>1292.2</ele>
    <time>2025-10-25T00:52:25Z</time>
    <extensions>
     <gpxtpx:TrackPointExtension>
      <gpxtpx:hr>165</gpxtpx:hr>
     </gpxtpx:TrackPointExtension>
    </extensions>
   </trkpt>
   <trkpt lat="27.6970210" lon="85.3281960">
    <ele>1292.2</ele>
    <time>2025-10-25T00:52:26Z</time>
    <extensions>
     <gpxtpx:TrackPointExtension>
      <gpxtpx:hr>165</gpxtpx:hr>
     </gpxtpx:TrackPointExtension>
    </extensions>
   </trkpt>
   <trkpt lat="27.6970450" lon="85.3282030">
    <ele>1292.2</ele>
    <time>2025-10-25T00:52:27Z</time>
    <extensions>
     <gpxtpx:TrackPointExtension>
      <gpxtpx:hr>165</gpxtpx:hr>
     </gpxtpx:TrackPointExtension>
    </extensions>
   </trkpt>
   <trkpt lat="27.6970690" lon="85.3282100">
    <ele>1292.2</ele>
    <time>2025-10-25T00:52:28Z</time>
    <extensions>
     <gpxtpx:TrackPointExtension>
      <gpxtpx:hr>165</gpxtpx:hr>
     </gpxtpx:TrackPointExtension>
    </extensions>
   </trkpt>
   <trkpt lat="27.6970920" lon="85.3282170">
    <ele>1292.2</ele>
    <time>2025-10-25T00:52:29Z</time>
    <extensions>
     <gpxtpx:TrackPointExtension>
      <gpxtpx:hr>165</gpxtpx:hr>
     </gpxtpx:TrackPointExtension>
    </extensions>
   </trkpt>
   <trkpt lat="27.6971160" lon="85.3282240">
    <ele>1292.2</ele>
    <time>2025-10-25T00:52:30Z</time>
    <extensions>
     <gpxtpx:TrackPointExtension>
      <gpxtpx:hr>165</gpxtpx:hr>
     </gpxtpx:TrackPointExtension>
    </extensions>
   </trkpt>
   <trkpt lat="27.6971390" lon="85.3282300">
    <ele>1292.2</ele>
    <time>2025-10-25T00:52:31Z</time>
    <extensions>
     <gpxtpx:TrackPointExtension>
      <gpxtpx:hr>165</gpxtpx:hr>
     </gpxtpx:TrackPointExtension>
    </extensions>
   </trkpt>
   <trkpt lat="27.6971630" lon="85.3282370">
    <ele>1292.2</ele>
    <time>2025-10-25T00:52:32Z</time>
    <extensions>
     <gpxtpx:TrackPointExtension>
      <gpxtpx:hr>165</gpxtpx:hr>
     </gpxtpx:TrackPointExtension>
    </extensions>
   </trkpt>
   <trkpt lat="27.6971870" lon="85.3282430">
    <ele>1292.2</ele>
    <time>2025-10-25T00:52:33Z</time>
    <extensions>
     <gpxtpx:TrackPointExtension>
      <gpxtpx:hr>165</gpxtpx:hr>
     </gpxtpx:TrackPointExtension>
    </extensions>
   </trkpt>
   <trkpt lat="27.6972120" lon="85.3282490">
    <ele>1292.2</ele>
    <time>2025-10-25T00:52:34Z</time>
    <extensions>
     <gpxtpx:TrackPointExtension>
      <gpxtpx:hr>165</gpxtpx:hr>
     </gpxtpx:TrackPointExtension>
    </extensions>
   </trkpt>
   <trkpt lat="27.6972370" lon="85.3282550">
    <ele>1292.2</ele>
    <time>2025-10-25T00:52:35Z</time>
    <extensions>
     <gpxtpx:TrackPointExtension>
      <gpxtpx:hr>165</gpxtpx:hr>
     </gpxtpx:TrackPointExtension>
    </extensions>
   </trkpt>
   <trkpt lat="27.6972610" lon="85.3282620">
    <ele>1292.2</ele>
    <time>2025-10-25T00:52:36Z</time>
    <extensions>
     <gpxtpx:TrackPointExtension>
      <gpxtpx:hr>165</gpxtpx:hr>
     </gpxtpx:TrackPointExtension>
    </extensions>
   </trkpt>
   <trkpt lat="27.6972860" lon="85.3282690">
    <ele>1292.2</ele>
    <time>2025-10-25T00:52:37Z</time>
    <extensions>
     <gpxtpx:TrackPointExtension>
      <gpxtpx:hr>165</gpxtpx:hr>
     </gpxtpx:TrackPointExtension>
    </extensions>
   </trkpt>
   <trkpt lat="27.6973110" lon="85.3282760">
    <ele>1292.2</ele>
    <time>2025-10-25T00:52:38Z</time>
    <extensions>
     <gpxtpx:TrackPointExtension>
      <gpxtpx:hr>165</gpxtpx:hr>
     </gpxtpx:TrackPointExtension>
    </extensions>
   </trkpt>
   <trkpt lat="27.6973360" lon="85.3282840">
    <ele>1292.2</ele>
    <time>2025-10-25T00:52:39Z</time>
    <extensions>
     <gpxtpx:TrackPointExtension>
      <gpxtpx:hr>165</gpxtpx:hr>
     </gpxtpx:TrackPointExtension>
    </extensions>
   </trkpt>
   <trkpt lat="27.6973590" lon="85.3282920">
    <ele>1292.2</ele>
    <time>2025-10-25T00:52:40Z</time>
    <extensions>
     <gpxtpx:TrackPointExtension>
      <gpxtpx:hr>165</gpxtpx:hr>
     </gpxtpx:TrackPointExtension>
    </extensions>
   </trkpt>
   <trkpt lat="27.6973820" lon="85.3282990">
    <ele>1292.2</ele>
    <time>2025-10-25T00:52:41Z</time>
    <extensions>
     <gpxtpx:TrackPointExtension>
      <gpxtpx:hr>165</gpxtpx:hr>
     </gpxtpx:TrackPointExtension>
    </extensions>
   </trkpt>
   <trkpt lat="27.6974040" lon="85.3283070">
    <ele>1292.2</ele>
    <time>2025-10-25T00:52:42Z</time>
    <extensions>
     <gpxtpx:TrackPointExtension>
      <gpxtpx:hr>165</gpxtpx:hr>
     </gpxtpx:TrackPointExtension>
    </extensions>
   </trkpt>
   <trkpt lat="27.6974270" lon="85.3283150">
    <ele>1292.2</ele>
    <time>2025-10-25T00:52:43Z</time>
    <extensions>
     <gpxtpx:TrackPointExtension>
      <gpxtpx:hr>165</gpxtpx:hr>
     </gpxtpx:TrackPointExtension>
    </extensions>
   </trkpt>
   <trkpt lat="27.6974490" lon="85.3283220">
    <ele>1292.2</ele>
    <time>2025-10-25T00:52:44Z</time>
    <extensions>
     <gpxtpx:TrackPointExtension>
      <gpxtpx:hr>165</gpxtpx:hr>
     </gpxtpx:TrackPointExtension>
    </extensions>
   </trkpt>
   <trkpt lat="27.6974720" lon="85.3283300">
    <ele>1292.2</ele>
    <time>2025-10-25T00:52:45Z</time>
    <extensions>
     <gpxtpx:TrackPointExtension>
      <gpxtpx:hr>165</gpxtpx:hr>
     </gpxtpx:TrackPointExtension>
    </extensions>
   </trkpt>
   <trkpt lat="27.6974950" lon="85.3283380">
    <ele>1292.2</ele>
    <time>2025-10-25T00:52:46Z</time>
    <extensions>
     <gpxtpx:TrackPointExtension>
      <gpxtpx:hr>165</gpxtpx:hr>
     </gpxtpx:TrackPointExtension>
    </extensions>
   </trkpt>
   <trkpt lat="27.6975180" lon="85.3283460">
    <ele>1292.2</ele>
    <time>2025-10-25T00:52:47Z</time>
    <extensions>
     <gpxtpx:TrackPointExtension>
      <gpxtpx:hr>165</gpxtpx:hr>
     </gpxtpx:TrackPointExtension>
    </extensions>
   </trkpt>
   <trkpt lat="27.6975410" lon="85.3283530">
    <ele>1292.2</ele>
    <time>2025-10-25T00:52:48Z</time>
    <extensions>
     <gpxtpx:TrackPointExtension>
      <gpxtpx:hr>165</gpxtpx:hr>
     </gpxtpx:TrackPointExtension>
    </extensions>
   </trkpt>
   <trkpt lat="27.6975640" lon="85.3283600">
    <ele>1292.2</ele>
    <time>2025-10-25T00:52:49Z</time>
    <extensions>
     <gpxtpx:TrackPointExtension>
      <gpxtpx:hr>165</gpxtpx:hr>
     </gpxtpx:TrackPointExtension>
    </extensions>
   </trkpt>
   <trkpt lat="27.6975880" lon="85.3283670">
    <ele>1292.2</ele>
    <time>2025-10-25T00:52:50Z</time>
    <extensions>
     <gpxtpx:TrackPointExtension>
      <gpxtpx:hr>165</gpxtpx:hr>
     </gpxtpx:TrackPointExtension>
    </extensions>
   </trkpt>
   <trkpt lat="27.6976120" lon="85.3283740">
    <ele>1292.2</ele>
    <time>2025-10-25T00:52:51Z</time>
    <extensions>
     <gpxtpx:TrackPointExtension>
      <gpxtpx:hr>165</gpxtpx:hr>
     </gpxtpx:TrackPointExtension>
    </extensions>
   </trkpt>
   <trkpt lat="27.6976350" lon="85.3283810">
    <ele>1292.2</ele>
    <time>2025-10-25T00:52:52Z</time>
    <extensions>
     <gpxtpx:TrackPointExtension>
      <gpxtpx:hr>165</gpxtpx:hr>
     </gpxtpx:TrackPointExtension>
    </extensions>
   </trkpt>
   <trkpt lat="27.6976590" lon="85.3283880">
    <ele>1292.2</ele>
    <time>2025-10-25T00:52:53Z</time>
    <extensions>
     <gpxtpx:TrackPointExtension>
      <gpxtpx:hr>165</gpxtpx:hr>
     </gpxtpx:TrackPointExtension>
    </extensions>
   </trkpt>
   <trkpt lat="27.6976830" lon="85.3283960">
    <ele>1292.2</ele>
    <time>2025-10-25T00:52:54Z</time>
    <extensions>
     <gpxtpx:TrackPointExtension>
      <gpxtpx:hr>165</gpxtpx:hr>
     </gpxtpx:TrackPointExtension>
    </extensions>
   </trkpt>
   <trkpt lat="27.6977070" lon="85.3284030">
    <ele>1292.2</ele>
    <time>2025-10-25T00:52:55Z</time>
    <extensions>
     <gpxtpx:TrackPointExtension>
      <gpxtpx:hr>165</gpxtpx:hr>
     </gpxtpx:TrackPointExtension>
    </extensions>
   </trkpt>
   <trkpt lat="27.6977310" lon="85.3284110">
    <ele>1292.2</ele>
    <time>2025-10-25T00:52:56Z</time>
    <extensions>
     <gpxtpx:TrackPointExtension>
      <gpxtpx:hr>165</gpxtpx:hr>
     </gpxtpx:TrackPointExtension>
    </extensions>
   </trkpt>
   <trkpt lat="27.6977550" lon="85.3284190">
    <ele>1292.4</ele>
    <time>2025-10-25T00:52:57Z</time>
    <extensions>
     <gpxtpx:TrackPointExtension>
      <gpxtpx:hr>165</gpxtpx:hr>
     </gpxtpx:TrackPointExtension>
    </extensions>
   </trkpt>
   <trkpt lat="27.6977780" lon="85.3284280">
    <ele>1292.4</ele>
    <time>2025-10-25T00:52:58Z</time>
    <extensions>
     <gpxtpx:TrackPointExtension>
      <gpxtpx:hr>165</gpxtpx:hr>
     </gpxtpx:TrackPointExtension>
    </extensions>
   </trkpt>
   <trkpt lat="27.6978020" lon="85.3284360">
    <ele>1292.4</ele>
    <time>2025-10-25T00:52:59Z</time>
    <extensions>
     <gpxtpx:TrackPointExtension>
      <gpxtpx:hr>165</gpxtpx:hr>
     </gpxtpx:TrackPointExtension>
    </extensions>
   </trkpt>
   <trkpt lat="27.6978270" lon="85.3284440">
    <ele>1292.4</ele>
    <time>2025-10-25T00:53:00Z</time>
    <extensions>
     <gpxtpx:TrackPointExtension>
      <gpxtpx:hr>165</gpxtpx:hr>
     </gpxtpx:TrackPointExtension>
    </extensions>
   </trkpt>
   <trkpt lat="27.6978510" lon="85.3284510">
    <ele>1292.4</ele>
    <time>2025-10-25T00:53:01Z</time>
    <extensions>
     <gpxtpx:TrackPointExtension>
      <gpxtpx:hr>165</gpxtpx:hr>
     </gpxtpx:TrackPointExtension>
    </extensions>
   </trkpt>
   <trkpt lat="27.6978760" lon="85.3284590">
    <ele>1292.4</ele>
    <time>2025-10-25T00:53:02Z</time>
    <extensions>
     <gpxtpx:TrackPointExtension>
      <gpxtpx:hr>165</gpxtpx:hr>
     </gpxtpx:TrackPointExtension>
    </extensions>
   </trkpt>
   <trkpt lat="27.6979020" lon="85.3284670">
    <ele>1292.4</ele>
    <time>2025-10-25T00:53:03Z</time>
    <extensions>
     <gpxtpx:TrackPointExtension>
      <gpxtpx:hr>165</gpxtpx:hr>
     </gpxtpx:TrackPointExtension>
    </extensions>
   </trkpt>
   <trkpt lat="27.6979270" lon="85.3284740">
    <ele>1292.4</ele>
    <time>2025-10-25T00:53:04Z</time>
    <extensions>
     <gpxtpx:TrackPointExtension>
      <gpxtpx:hr>165</gpxtpx:hr>
     </gpxtpx:TrackPointExtension>
    </extensions>
   </trkpt>
   <trkpt lat="27.6979520" lon="85.3284800">
    <ele>1292.6</ele>
    <time>2025-10-25T00:53:05Z</time>
    <extensions>
     <gpxtpx:TrackPointExtension>
      <gpxtpx:hr>165</gpxtpx:hr>
     </gpxtpx:TrackPointExtension>
    </extensions>
   </trkpt>
   <trkpt lat="27.6979770" lon="85.3284870">
    <ele>1292.6</ele>
    <time>2025-10-25T00:53:06Z</time>
    <extensions>
     <gpxtpx:TrackPointExtension>
      <gpxtpx:hr>165</gpxtpx:hr>
     </gpxtpx:TrackPointExtension>
    </extensions>
   </trkpt>
   <trkpt lat="27.6980010" lon="85.3284940">
    <ele>1292.6</ele>
    <time>2025-10-25T00:53:07Z</time>
    <extensions>
     <gpxtpx:TrackPointExtension>
      <gpxtpx:hr>165</gpxtpx:hr>
     </gpxtpx:TrackPointExtension>
    </extensions>
   </trkpt>
   <trkpt lat="27.6980250" lon="85.3285000">
    <ele>1292.6</ele>
    <time>2025-10-25T00:53:08Z</time>
    <extensions>
     <gpxtpx:TrackPointExtension>
      <gpxtpx:hr>165</gpxtpx:hr>
     </gpxtpx:TrackPointExtension>
    </extensions>
   </trkpt>
   <trkpt lat="27.6980480" lon="85.3285070">
    <ele>1292.6</ele>
    <time>2025-10-25T00:53:09Z</time>
    <extensions>
     <gpxtpx:TrackPointExtension>
      <gpxtpx:hr>165</gpxtpx:hr>
     </gpxtpx:TrackPointExtension>
    </extensions>
   </trkpt>
   <trkpt lat="27.6980710" lon="85.3285140">
    <ele>1292.6</ele>
    <time>2025-10-25T00:53:10Z</time>
    <extensions>
     <gpxtpx:TrackPointExtension>
      <gpxtpx:hr>165</gpxtpx:hr>
     </gpxtpx:TrackPointExtension>
    </extensions>
   </trkpt>
   <trkpt lat="27.6980950" lon="85.3285210">
    <ele>1292.6</ele>
    <time>2025-10-25T00:53:11Z</time>
    <extensions>
     <gpxtpx:TrackPointExtension>
      <gpxtpx:hr>165</gpxtpx:hr>
     </gpxtpx:TrackPointExtension>
    </extensions>
   </trkpt>
   <trkpt lat="27.6981180" lon="85.3285290">
    <ele>1292.6</ele>
    <time>2025-10-25T00:53:12Z</time>
    <extensions>
     <gpxtpx:TrackPointExtension>
      <gpxtpx:hr>165</gpxtpx:hr>
     </gpxtpx:TrackPointExtension>
    </extensions>
   </trkpt>
   <trkpt lat="27.6981420" lon="85.3285360">
    <ele>1292.6</ele>
    <time>2025-10-25T00:53:13Z</time>
    <extensions>
     <gpxtpx:TrackPointExtension>
      <gpxtpx:hr>165</gpxtpx:hr>
     </gpxtpx:TrackPointExtension>
    </extensions>
   </trkpt>
   <trkpt lat="27.6981650" lon="85.3285430">
    <ele>1292.6</ele>
    <time>2025-10-25T00:53:14Z</time>
    <extensions>
     <gpxtpx:TrackPointExtension>
      <gpxtpx:hr>165</gpxtpx:hr>
     </gpxtpx:TrackPointExtension>
    </extensions>
   </trkpt>
   <trkpt lat="27.6981890" lon="85.3285500">
    <ele>1292.6</ele>
    <time>2025-10-25T00:53:15Z</time>
    <extensions>
     <gpxtpx:TrackPointExtension>
      <gpxtpx:hr>165</gpxtpx:hr>
     </gpxtpx:TrackPointExtension>
    </extensions>
   </trkpt>
   <trkpt lat="27.6982130" lon="85.3285560">
    <ele>1292.6</ele>
    <time>2025-10-25T00:53:16Z</time>
    <extensions>
     <gpxtpx:TrackPointExtension>
      <gpxtpx:hr>165</gpxtpx:hr>
     </gpxtpx:TrackPointExtension>
    </extensions>
   </trkpt>
   <trkpt lat="27.6982370" lon="85.3285630">
    <ele>1292.6</ele>
    <time>2025-10-25T00:53:17Z</time>
    <extensions>
     <gpxtpx:TrackPointExtension>
      <gpxtpx:hr>165</gpxtpx:hr>
     </gpxtpx:TrackPointExtension>
    </extensions>
   </trkpt>
   <trkpt lat="27.6982610" lon="85.3285690">
    <ele>1292.8</ele>
    <time>2025-10-25T00:53:18Z</time>
    <extensions>
     <gpxtpx:TrackPointExtension>
      <gpxtpx:hr>165</gpxtpx:hr>
     </gpxtpx:TrackPointExtension>
    </extensions>
   </trkpt>
   <trkpt lat="27.6982850" lon="85.3285760">
    <ele>1292.8</ele>
    <time>2025-10-25T00:53:19Z</time>
    <extensions>
     <gpxtpx:TrackPointExtension>
      <gpxtpx:hr>165</gpxtpx:hr>
     </gpxtpx:TrackPointExtension>
    </extensions>
   </trkpt>
   <trkpt lat="27.6983080" lon="85.3285820">
    <ele>1292.8</ele>
    <time>2025-10-25T00:53:20Z</time>
    <extensions>
     <gpxtpx:TrackPointExtension>
      <gpxtpx:hr>165</gpxtpx:hr>
     </gpxtpx:TrackPointExtension>
    </extensions>
   </trkpt>
   <trkpt lat="27.6983320" lon="85.3285890">
    <ele>1292.8</ele>
    <time>2025-10-25T00:53:21Z</time>
    <extensions>
     <gpxtpx:TrackPointExtension>
      <gpxtpx:hr>165</gpxtpx:hr>
     </gpxtpx:TrackPointExtension>
    </extensions>
   </trkpt>
   <trkpt lat="27.6983570" lon="85.3285960">
    <ele>1292.8</ele>
    <time>2025-10-25T00:53:22Z</time>
    <extensions>
     <gpxtpx:TrackPointExtension>
      <gpxtpx:hr>165</gpxtpx:hr>
     </gpxtpx:TrackPointExtension>
    </extensions>
   </trkpt>
   <trkpt lat="27.6983810" lon="85.3286030">
    <ele>1292.8</ele>
    <time>2025-10-25T00:53:23Z</time>
    <extensions>
     <gpxtpx:TrackPointExtension>
      <gpxtpx:hr>165</gpxtpx:hr>
     </gpxtpx:TrackPointExtension>
    </extensions>
   </trkpt>
   <trkpt lat="27.6984060" lon="85.3286100">
    <ele>1293.0</ele>
    <time>2025-10-25T00:53:24Z</time>
    <extensions>
     <gpxtpx:TrackPointExtension>
      <gpxtpx:hr>165</gpxtpx:hr>
     </gpxtpx:TrackPointExtension>
    </extensions>
   </trkpt>
   <trkpt lat="27.6984310" lon="85.3286170">
    <ele>1293.0</ele>
    <time>2025-10-25T00:53:25Z</time>
    <extensions>
     <gpxtpx:TrackPointExtension>
      <gpxtpx:hr>165</gpxtpx:hr>
     </gpxtpx:TrackPointExtension>
    </extensions>
   </trkpt>
   <trkpt lat="27.6984560" lon="85.3286240">
    <ele>1293.0</ele>
    <time>2025-10-25T00:53:26Z</time>
    <extensions>
     <gpxtpx:TrackPointExtension>
      <gpxtpx:hr>165</gpxtpx:hr>
     </gpxtpx:TrackPointExtension>
    </extensions>
   </trkpt>
   <trkpt lat="27.6984810" lon="85.3286320">
    <ele>1293.0</ele>
    <time>2025-10-25T00:53:27Z</time>
    <extensions>
     <gpxtpx:TrackPointExtension>
      <gpxtpx:hr>165</gpxtpx:hr>
     </gpxtpx:TrackPointExtension>
    </extensions>
   </trkpt>
   <trkpt lat="27.6985060" lon="85.3286390">
    <ele>1293.0</ele>
    <time>2025-10-25T00:53:28Z</time>
    <extensions>
     <gpxtpx:TrackPointExtension>
      <gpxtpx:hr>165</gpxtpx:hr>
     </gpxtpx:TrackPointExtension>
    </extensions>
   </trkpt>
   <trkpt lat="27.6985310" lon="85.3286470">
    <ele>1293.0</ele>
    <time>2025-10-25T00:53:29Z</time>
    <extensions>
     <gpxtpx:TrackPointExtension>
      <gpxtpx:hr>165</gpxtpx:hr>
     </gpxtpx:TrackPointExtension>
    </extensions>
   </trkpt>
   <trkpt lat="27.6985560" lon="85.3286550">
    <ele>1293.0</ele>
    <time>2025-10-25T00:53:30Z</time>
    <extensions>
     <gpxtpx:TrackPointExtension>
      <gpxtpx:hr>165</gpxtpx:hr>
     </gpxtpx:TrackPointExtension>
    </extensions>
   </trkpt>
   <trkpt lat="27.6985810" lon="85.3286630">
    <ele>1293.0</ele>
    <time>2025-10-25T00:53:31Z</time>
    <extensions>
     <gpxtpx:TrackPointExtension>
      <gpxtpx:hr>165</gpxtpx:hr>
     </gpxtpx:TrackPointExtension>
    </extensions>
   </trkpt>
   <trkpt lat="27.6986060" lon="85.3286710">
    <ele>1293.0</ele>
    <time>2025-10-25T00:53:32Z</time>
    <extensions>
     <gpxtpx:TrackPointExtension>
      <gpxtpx:hr>165</gpxtpx:hr>
     </gpxtpx:TrackPointExtension>
    </extensions>
   </trkpt>
   <trkpt lat="27.6986310" lon="85.3286810">
    <ele>1293.0</ele>
    <time>2025-10-25T00:53:33Z</time>
    <extensions>
     <gpxtpx:TrackPointExtension>
      <gpxtpx:hr>165</gpxtpx:hr>
     </gpxtpx:TrackPointExtension>
    </extensions>
   </trkpt>
   <trkpt lat="27.6986550" lon="85.3286900">
    <ele>1293.0</ele>
    <time>2025-10-25T00:53:34Z</time>
    <extensions>
     <gpxtpx:TrackPointExtension>
      <gpxtpx:hr>165</gpxtpx:hr>
     </gpxtpx:TrackPointExtension>
    </extensions>
   </trkpt>
   <trkpt lat="27.6986780" lon="85.3286990">
    <ele>1293.0</ele>
    <time>2025-10-25T00:53:35Z</time>
    <extensions>
     <gpxtpx:TrackPointExtension>
      <gpxtpx:hr>165</gpxtpx:hr>
     </gpxtpx:TrackPointExtension>
    </extensions>
   </trkpt>
   <trkpt lat="27.6987010" lon="85.3287080">
    <ele>1293.0</ele>
    <time>2025-10-25T00:53:36Z</time>
    <extensions>
     <gpxtpx:TrackPointExtension>
      <gpxtpx:hr>165</gpxtpx:hr>
     </gpxtpx:TrackPointExtension>
    </extensions>
   </trkpt>
   <trkpt lat="27.6987240" lon="85.3287170">
    <ele>1293.0</ele>
    <time>2025-10-25T00:53:37Z</time>
    <extensions>
     <gpxtpx:TrackPointExtension>
      <gpxtpx:hr>165</gpxtpx:hr>
     </gpxtpx:TrackPointExtension>
    </extensions>
   </trkpt>
   <trkpt lat="27.6987480" lon="85.3287260">
    <ele>1293.0</ele>
    <time>2025-10-25T00:53:38Z</time>
    <extensions>
     <gpxtpx:TrackPointExtension>
      <gpxtpx:hr>165</gpxtpx:hr>
     </gpxtpx:TrackPointExtension>
    </extensions>
   </trkpt>
   <trkpt lat="27.6987730" lon="85.3287340">
    <ele>1293.0</ele>
    <time>2025-10-25T00:53:39Z</time>
    <extensions>
     <gpxtpx:TrackPointExtension>
      <gpxtpx:hr>165</gpxtpx:hr>
     </gpxtpx:TrackPointExtension>
    </extensions>
   </trkpt>
   <trkpt lat="27.6987970" lon="85.3287410">
    <ele>1293.0</ele>
    <time>2025-10-25T00:53:40Z</time>
    <extensions>
     <gpxtpx:TrackPointExtension>
      <gpxtpx:hr>165</gpxtpx:hr>
     </gpxtpx:TrackPointExtension>
    </extensions>
   </trkpt>
   <trkpt lat="27.6988220" lon="85.3287470">
    <ele>1293.2</ele>
    <time>2025-10-25T00:53:41Z</time>
    <extensions>
     <gpxtpx:TrackPointExtension>
      <gpxtpx:hr>165</gpxtpx:hr>
     </gpxtpx:TrackPointExtension>
    </extensions>
   </trkpt>
   <trkpt lat="27.6988470" lon="85.3287540">
    <ele>1293.2</ele>
    <time>2025-10-25T00:53:42Z</time>
    <extensions>
     <gpxtpx:TrackPointExtension>
      <gpxtpx:hr>165</gpxtpx:hr>
     </gpxtpx:TrackPointExtension>
    </extensions>
   </trkpt>
   <trkpt lat="27.6988720" lon="85.3287600">
    <ele>1293.2</ele>
    <time>2025-10-25T00:53:43Z</time>
    <extensions>
     <gpxtpx:TrackPointExtension>
      <gpxtpx:hr>165</gpxtpx:hr>
     </gpxtpx:TrackPointExtension>
    </extensions>
   </trkpt>
   <trkpt lat="27.6988970" lon="85.3287670">
    <ele>1293.2</ele>
    <time>2025-10-25T00:53:44Z</time>
    <extensions>
     <gpxtpx:TrackPointExtension>
      <gpxtpx:hr>165</gpxtpx:hr>
     </gpxtpx:TrackPointExtension>
    </extensions>
   </trkpt>
   <trkpt lat="27.6989230" lon="85.3287740">
    <ele>1293.2</ele>
    <time>2025-10-25T00:53:45Z</time>
    <extensions>
     <gpxtpx:TrackPointExtension>
      <gpxtpx:hr>165</gpxtpx:hr>
     </gpxtpx:TrackPointExtension>
    </extensions>
   </trkpt>
   <trkpt lat="27.6989490" lon="85.3287810">
    <ele>1293.2</ele>
    <time>2025-10-25T00:53:46Z</time>
    <extensions>
     <gpxtpx:TrackPointExtension>
      <gpxtpx:hr>165</gpxtpx:hr>
     </gpxtpx:TrackPointExtension>
    </extensions>
   </trkpt>
   <trkpt lat="27.6989750" lon="85.3287880">
    <ele>1293.4</ele>
    <time>2025-10-25T00:53:47Z</time>
    <extensions>
     <gpxtpx:TrackPointExtension>
      <gpxtpx:hr>165</gpxtpx:hr>
     </gpxtpx:TrackPointExtension>
    </extensions>
   </trkpt>
   <trkpt lat="27.6990000" lon="85.3287950">
    <ele>1293.4</ele>
    <time>2025-10-25T00:53:48Z</time>
    <extensions>
     <gpxtpx:TrackPointExtension>
      <gpxtpx:hr>165</gpxtpx:hr>
     </gpxtpx:TrackPointExtension>
    </extensions>
   </trkpt>
   <trkpt lat="27.6990240" lon="85.3288020">
    <ele>1293.4</ele>
    <time>2025-10-25T00:53:49Z</time>
    <extensions>
     <gpxtpx:TrackPointExtension>
      <gpxtpx:hr>165</gpxtpx:hr>
     </gpxtpx:TrackPointExtension>
    </extensions>
   </trkpt>
   <trkpt lat="27.6990490" lon="85.3288090">
    <ele>1293.4</ele>
    <time>2025-10-25T00:53:50Z</time>
    <extensions>
     <gpxtpx:TrackPointExtension>
      <gpxtpx:hr>165</gpxtpx:hr>
     </gpxtpx:TrackPointExtension>
    </extensions>
   </trkpt>
   <trkpt lat="27.6990740" lon="85.3288160">
    <ele>1293.4</ele>
    <time>2025-10-25T00:53:51Z</time>
    <extensions>
     <gpxtpx:TrackPointExtension>
      <gpxtpx:hr>165</gpxtpx:hr>
     </gpxtpx:TrackPointExtension>
    </extensions>
   </trkpt>
   <trkpt lat="27.6990980" lon="85.3288220">
    <ele>1293.6</ele>
    <time>2025-10-25T00:53:52Z</time>
    <extensions>
     <gpxtpx:TrackPointExtension>
      <gpxtpx:hr>165</gpxtpx:hr>
     </gpxtpx:TrackPointExtension>
    </extensions>
   </trkpt>
   <trkpt lat="27.6991220" lon="85.3288270">
    <ele>1293.6</ele>
    <time>2025-10-25T00:53:53Z</time>
    <extensions>
     <gpxtpx:TrackPointExtension>
      <gpxtpx:hr>165</gpxtpx:hr>
     </gpxtpx:TrackPointExtension>
    </extensions>
   </trkpt>
   <trkpt lat="27.6991450" lon="85.3288330">
    <ele>1293.6</ele>
    <time>2025-10-25T00:53:54Z</time>
    <extensions>
     <gpxtpx:TrackPointExtension>
      <gpxtpx:hr>165</gpxtpx:hr>
     </gpxtpx:TrackPointExtension>
    </extensions>
   </trkpt>
   <trkpt lat="27.6991690" lon="85.3288380">
    <ele>1293.6</ele>
    <time>2025-10-25T00:53:55Z</time>
    <extensions>
     <gpxtpx:TrackPointExtension>
      <gpxtpx:hr>165</gpxtpx:hr>
     </gpxtpx:TrackPointExtension>
    </extensions>
   </trkpt>
   <trkpt lat="27.6991930" lon="85.3288420">
    <ele>1293.6</ele>
    <time>2025-10-25T00:53:56Z</time>
    <extensions>
     <gpxtpx:TrackPointExtension>
      <gpxtpx:hr>165</gpxtpx:hr>
     </gpxtpx:TrackPointExtension>
    </extensions>
   </trkpt>
   <trkpt lat="27.6992160" lon="85.3288450">
    <ele>1293.8</ele>
    <time>2025-10-25T00:53:57Z</time>
    <extensions>
     <gpxtpx:TrackPointExtension>
      <gpxtpx:hr>165</gpxtpx:hr>
     </gpxtpx:TrackPointExtension>
    </extensions>
   </trkpt>
   <trkpt lat="27.6992390" lon="85.3288470">
    <ele>1293.8</ele>
    <time>2025-10-25T00:53:58Z</time>
    <extensions>
     <gpxtpx:TrackPointExtension>
      <gpxtpx:hr>165</gpxtpx:hr>
     </gpxtpx:TrackPointExtension>
    </extensions>
   </trkpt>
   <trkpt lat="27.6992620" lon="85.3288450">
    <ele>1293.8</ele>
    <time>2025-10-25T00:53:59Z</time>
    <extensions>
     <gpxtpx:TrackPointExtension>
      <gpxtpx:hr>165</gpxtpx:hr>
     </gpxtpx:TrackPointExtension>
    </extensions>
   </trkpt>
   <trkpt lat="27.6992830" lon="85.3288410">
    <ele>1293.8</ele>
    <time>2025-10-25T00:54:00Z</time>
    <extensions>
     <gpxtpx:TrackPointExtension>
      <gpxtpx:hr>165</gpxtpx:hr>
     </gpxtpx:TrackPointExtension>
    </extensions>
   </trkpt>
   <trkpt lat="27.6993020" lon="85.3288320">
    <ele>1293.8</ele>
    <time>2025-10-25T00:54:01Z</time>
    <extensions>
     <gpxtpx:TrackPointExtension>
      <gpxtpx:hr>165</gpxtpx:hr>
     </gpxtpx:TrackPointExtension>
    </extensions>
   </trkpt>
   <trkpt lat="27.6993200" lon="85.3288190">
    <ele>1294.0</ele>
    <time>2025-10-25T00:54:02Z</time>
    <extensions>
     <gpxtpx:TrackPointExtension>
      <gpxtpx:hr>165</gpxtpx:hr>
     </gpxtpx:TrackPointExtension>
    </extensions>
   </trkpt>
   <trkpt lat="27.6993350" lon="85.3288030">
    <ele>1294.0</ele>
    <time>2025-10-25T00:54:03Z</time>
    <extensions>
     <gpxtpx:TrackPointExtension>
      <gpxtpx:hr>165</gpxtpx:hr>
     </gpxtpx:TrackPointExtension>
    </extensions>
   </trkpt>
   <trkpt lat="27.6993480" lon="85.3287830">
    <ele>1294.0</ele>
    <time>2025-10-25T00:54:04Z</time>
    <extensions>
     <gpxtpx:TrackPointExtension>
      <gpxtpx:hr>165</gpxtpx:hr>
     </gpxtpx:TrackPointExtension>
    </extensions>
   </trkpt>
   <trkpt lat="27.6993580" lon="85.3287600">
    <ele>1294.0</ele>
    <time>2025-10-25T00:54:05Z</time>
    <extensions>
     <gpxtpx:TrackPointExtension>
      <gpxtpx:hr>165</gpxtpx:hr>
     </gpxtpx:TrackPointExtension>
    </extensions>
   </trkpt>
   <trkpt lat="27.6993680" lon="85.3287360">
    <ele>1294.2</ele>
    <time>2025-10-25T00:54:06Z</time>
    <extensions>
     <gpxtpx:TrackPointExtension>
      <gpxtpx:hr>165</gpxtpx:hr>
     </gpxtpx:TrackPointExtension>
    </extensions>
   </trkpt>
   <trkpt lat="27.6993760" lon="85.3287100">
    <ele>1294.2</ele>
    <time>2025-10-25T00:54:07Z</time>
    <extensions>
     <gpxtpx:TrackPointExtension>
      <gpxtpx:hr>165</gpxtpx:hr>
     </gpxtpx:TrackPointExtension>
    </extensions>
   </trkpt>
   <trkpt lat="27.6993840" lon="85.3286840">
    <ele>1294.2</ele>
    <time>2025-10-25T00:54:08Z</time>
    <extensions>
     <gpxtpx:TrackPointExtension>
      <gpxtpx:hr>165</gpxtpx:hr>
     </gpxtpx:TrackPointExtension>
    </extensions>
   </trkpt>
   <trkpt lat="27.6993910" lon="85.3286580">
    <ele>1294.4</ele>
    <time>2025-10-25T00:54:09Z</time>
    <extensions>
     <gpxtpx:TrackPointExtension>
      <gpxtpx:hr>165</gpxtpx:hr>
     </gpxtpx:TrackPointExtension>
    </extensions>
   </trkpt>
   <trkpt lat="27.6993980" lon="85.3286320">
    <ele>1294.4</ele>
    <time>2025-10-25T00:54:10Z</time>
    <extensions>
     <gpxtpx:TrackPointExtension>
      <gpxtpx:hr>165</gpxtpx:hr>
     </gpxtpx:TrackPointExtension>
    </extensions>
   </trkpt>
   <trkpt lat="27.6994040" lon="85.3286060">
    <ele>1294.4</ele>
    <time>2025-10-25T00:54:11Z</time>
    <extensions>
     <gpxtpx:TrackPointExtension>
      <gpxtpx:hr>165</gpxtpx:hr>
     </gpxtpx:TrackPointExtension>
    </extensions>
   </trkpt>
   <trkpt lat="27.6994100" lon="85.3285790">
    <ele>1294.4</ele>
    <time>2025-10-25T00:54:12Z</time>
    <extensions>
     <gpxtpx:TrackPointExtension>
      <gpxtpx:hr>165</gpxtpx:hr>
     </gpxtpx:TrackPointExtension>
    </extensions>
   </trkpt>
   <trkpt lat="27.6994170" lon="85.3285530">
    <ele>1294.6</ele>
    <time>2025-10-25T00:54:13Z</time>
    <extensions>
     <gpxtpx:TrackPointExtension>
      <gpxtpx:hr>165</gpxtpx:hr>
     </gpxtpx:TrackPointExtension>
    </extensions>
   </trkpt>
   <trkpt lat="27.6994230" lon="85.3285270">
    <ele>1294.6</ele>
    <time>2025-10-25T00:54:14Z</time>
    <extensions>
     <gpxtpx:TrackPointExtension>
      <gpxtpx:hr>165</gpxtpx:hr>
     </gpxtpx:TrackPointExtension>
    </extensions>
   </trkpt>
   <trkpt lat="27.6994310" lon="85.3285010">
    <ele>1294.6</ele>
    <time>2025-10-25T00:54:15Z</time>
    <extensions>
     <gpxtpx:TrackPointExtension>
      <gpxtpx:hr>165</gpxtpx:hr>
     </gpxtpx:TrackPointExtension>
    </extensions>
   </trkpt>
   <trkpt lat="27.6994380" lon="85.3284740">
    <ele>1294.6</ele>
    <time>2025-10-25T00:54:16Z</time>
    <extensions>
     <gpxtpx:TrackPointExtension>
      <gpxtpx:hr>165</gpxtpx:hr>
     </gpxtpx:TrackPointExtension>
    </extensions>
   </trkpt>
   <trkpt lat="27.6994460" lon="85.3284480">
    <ele>1294.6</ele>
    <time>2025-10-25T00:54:17Z</time>
    <extensions>
     <gpxtpx:TrackPointExtension>
      <gpxtpx:hr>165</gpxtpx:hr>
     </gpxtpx:TrackPointExtension>
    </extensions>
   </trkpt>
   <trkpt lat="27.6994540" lon="85.3284230">
    <ele>1294.6</ele>
    <time>2025-10-25T00:54:18Z</time>
    <extensions>
     <gpxtpx:TrackPointExtension>
      <gpxtpx:hr>165</gpxtpx:hr>
     </gpxtpx:TrackPointExtension>
    </extensions>
   </trkpt>
   <trkpt lat="27.6994620" lon="85.3283970">
    <ele>1294.6</ele>
    <time>2025-10-25T00:54:19Z</time>
    <extensions>
     <gpxtpx:TrackPointExtension>
      <gpxtpx:hr>165</gpxtpx:hr>
     </gpxtpx:TrackPointExtension>
    </extensions>
   </trkpt>
   <trkpt lat="27.6994690" lon="85.3283720">
    <ele>1294.6</ele>
    <time>2025-10-25T00:54:20Z</time>
    <extensions>
     <gpxtpx:TrackPointExtension>
      <gpxtpx:hr>165</gpxtpx:hr>
     </gpxtpx:TrackPointExtension>
    </extensions>
   </trkpt>
   <trkpt lat="27.6994770" lon="85.3283460">
    <ele>1294.6</ele>
    <time>2025-10-25T00:54:21Z</time>
    <extensions>
     <gpxtpx:TrackPointExtension>
      <gpxtpx:hr>165</gpxtpx:hr>
     </gpxtpx:TrackPointExtension>
    </extensions>
   </trkpt>
   <trkpt lat="27.6994840" lon="85.3283190">
    <ele>1294.6</ele>
    <time>2025-10-25T00:54:22Z</time>
    <extensions>
     <gpxtpx:TrackPointExtension>
      <gpxtpx:hr>165</gpxtpx:hr>
     </gpxtpx:TrackPointExtension>
    </extensions>
   </trkpt>
   <trkpt lat="27.6994910" lon="85.3282930">
    <ele>1294.6</ele>
    <time>2025-10-25T00:54:23Z</time>
    <extensions>
     <gpxtpx:TrackPointExtension>
      <gpxtpx:hr>165</gpxtpx:hr>
     </gpxtpx:TrackPointExtension>
    </extensions>
   </trkpt>
   <trkpt lat="27.6994980" lon="85.3282660">
    <ele>1294.6</ele>
    <time>2025-10-25T00:54:24Z</time>
    <extensions>
     <gpxtpx:TrackPointExtension>
      <gpxtpx:hr>165</gpxtpx:hr>
     </gpxtpx:TrackPointExtension>
    </extensions>
   </trkpt>
   <trkpt lat="27.6995050" lon="85.3282390">
    <ele>1294.6</ele>
    <time>2025-10-25T00:54:25Z</time>
    <extensions>
     <gpxtpx:TrackPointExtension>
      <gpxtpx:hr>165</gpxtpx:hr>
     </gpxtpx:TrackPointExtension>
    </extensions>
   </trkpt>
   <trkpt lat="27.6995110" lon="85.3282120">
    <ele>1294.6</ele>
    <time>2025-10-25T00:54:26Z</time>
    <extensions>
     <gpxtpx:TrackPointExtension>
      <gpxtpx:hr>165</gpxtpx:hr>
     </gpxtpx:TrackPointExtension>
    </extensions>
   </trkpt>
   <trkpt lat="27.6995170" lon="85.3281850">
    <ele>1294.6</ele>
    <time>2025-10-25T00:54:27Z</time>
    <extensions>
     <gpxtpx:TrackPointExtension>
      <gpxtpx:hr>165</gpxtpx:hr>
     </gpxtpx:TrackPointExtension>
    </extensions>
   </trkpt>
   <trkpt lat="27.6995230" lon="85.3281580">
    <ele>1294.6</ele>
    <time>2025-10-25T00:54:28Z</time>
    <extensions>
     <gpxtpx:TrackPointExtension>
      <gpxtpx:hr>165</gpxtpx:hr>
     </gpxtpx:TrackPointExtension>
    </extensions>
   </trkpt>
   <trkpt lat="27.6995280" lon="85.3281310">
    <ele>1294.6</ele>
    <time>2025-10-25T00:54:29Z</time>
    <extensions>
     <gpxtpx:TrackPointExtension>
      <gpxtpx:hr>165</gpxtpx:hr>
     </gpxtpx:TrackPointExtension>
    </extensions>
   </trkpt>
   <trkpt lat="27.6995340" lon="85.3281030">
    <ele>1294.6</ele>
    <time>2025-10-25T00:54:30Z</time>
    <extensions>
     <gpxtpx:TrackPointExtension>
      <gpxtpx:hr>165</gpxtpx:hr>
     </gpxtpx:TrackPointExtension>
    </extensions>
   </trkpt>
   <trkpt lat="27.6995400" lon="85.3280760">
    <ele>1294.6</ele>
    <time>2025-10-25T00:54:31Z</time>
    <extensions>
     <gpxtpx:TrackPointExtension>
      <gpxtpx:hr>165</gpxtpx:hr>
     </gpxtpx:TrackPointExtension>
    </extensions>
   </trkpt>
   <trkpt lat="27.6995460" lon="85.3280500">
    <ele>1294.6</ele>
    <time>2025-10-25T00:54:32Z</time>
    <extensions>
     <gpxtpx:TrackPointExtension>
      <gpxtpx:hr>165</gpxtpx:hr>
     </gpxtpx:TrackPointExtension>
    </extensions>
   </trkpt>
   <trkpt lat="27.6995530" lon="85.3280230">
    <ele>1294.6</ele>
    <time>2025-10-25T00:54:33Z</time>
    <extensions>
     <gpxtpx:TrackPointExtension>
      <gpxtpx:hr>165</gpxtpx:hr>
     </gpxtpx:TrackPointExtension>
    </extensions>
   </trkpt>
   <trkpt lat="27.6995590" lon="85.3279970">
    <ele>1294.6</ele>
    <time>2025-10-25T00:54:34Z</time>
    <extensions>
     <gpxtpx:TrackPointExtension>
      <gpxtpx:hr>165</gpxtpx:hr>
     </gpxtpx:TrackPointExtension>
    </extensions>
   </trkpt>
   <trkpt lat="27.6995660" lon="85.3279710">
    <ele>1294.6</ele>
    <time>2025-10-25T00:54:35Z</time>
    <extensions>
     <gpxtpx:TrackPointExtension>
      <gpxtpx:hr>165</gpxtpx:hr>
     </gpxtpx:TrackPointExtension>
    </extensions>
   </trkpt>
   <trkpt lat="27.6995720" lon="85.3279450">
    <ele>1294.6</ele>
    <time>2025-10-25T00:54:36Z</time>
    <extensions>
     <gpxtpx:TrackPointExtension>
      <gpxtpx:hr>165</gpxtpx:hr>
     </gpxtpx:TrackPointExtension>
    </extensions>
   </trkpt>
   <trkpt lat="27.6995790" lon="85.3279190">
    <ele>1294.6</ele>
    <time>2025-10-25T00:54:37Z</time>
    <extensions>
     <gpxtpx:TrackPointExtension>
      <gpxtpx:hr>165</gpxtpx:hr>
     </gpxtpx:TrackPointExtension>
    </extensions>
   </trkpt>
   <trkpt lat="27.6995850" lon="85.3278930">
    <ele>1294.6</ele>
    <time>2025-10-25T00:54:38Z</time>
    <extensions>
     <gpxtpx:TrackPointExtension>
      <gpxtpx:hr>165</gpxtpx:hr>
     </gpxtpx:TrackPointExtension>
    </extensions>
   </trkpt>
   <trkpt lat="27.6995910" lon="85.3278670">
    <ele>1294.6</ele>
    <time>2025-10-25T00:54:39Z</time>
    <extensions>
     <gpxtpx:TrackPointExtension>
      <gpxtpx:hr>165</gpxtpx:hr>
     </gpxtpx:TrackPointExtension>
    </extensions>
   </trkpt>
   <trkpt lat="27.6995960" lon="85.3278420">
    <ele>1294.6</ele>
    <time>2025-10-25T00:54:40Z</time>
    <extensions>
     <gpxtpx:TrackPointExtension>
      <gpxtpx:hr>165</gpxtpx:hr>
     </gpxtpx:TrackPointExtension>
    </extensions>
   </trkpt>
   <trkpt lat="27.6996010" lon="85.3278170">
    <ele>1294.6</ele>
    <time>2025-10-25T00:54:41Z</time>
    <extensions>
     <gpxtpx:TrackPointExtension>
      <gpxtpx:hr>165</gpxtpx:hr>
     </gpxtpx:TrackPointExtension>
    </extensions>
   </trkpt>
   <trkpt lat="27.6996050" lon="85.3277920">
    <ele>1294.6</ele>
    <time>2025-10-25T00:54:42Z</time>
    <extensions>
     <gpxtpx:TrackPointExtension>
      <gpxtpx:hr>165</gpxtpx:hr>
     </gpxtpx:TrackPointExtension>
    </extensions>
   </trkpt>
   <trkpt lat="27.6996100" lon="85.3277650">
    <ele>1294.6</ele>
    <time>2025-10-25T00:54:43Z</time>
    <extensions>
     <gpxtpx:TrackPointExtension>
      <gpxtpx:hr>165</gpxtpx:hr>
     </gpxtpx:TrackPointExtension>
    </extensions>
   </trkpt>
   <trkpt lat="27.6996150" lon="85.3277370">
    <ele>1294.6</ele>
    <time>2025-10-25T00:54:44Z</time>
    <extensions>
     <gpxtpx:TrackPointExtension>
      <gpxtpx:hr>165</gpxtpx:hr>
     </gpxtpx:TrackPointExtension>
    </extensions>
   </trkpt>
   <trkpt lat="27.6996200" lon="85.3277090">
    <ele>1294.6</ele>
    <time>2025-10-25T00:54:45Z</time>
    <extensions>
     <gpxtpx:TrackPointExtension>
      <gpxtpx:hr>165</gpxtpx:hr>
     </gpxtpx:TrackPointExtension>
    </extensions>
   </trkpt>
   <trkpt lat="27.6996250" lon="85.3276810">
    <ele>1294.6</ele>
    <time>2025-10-25T00:54:46Z</time>
    <extensions>
     <gpxtpx:TrackPointExtension>
      <gpxtpx:hr>165</gpxtpx:hr>
     </gpxtpx:TrackPointExtension>
    </extensions>
   </trkpt>
   <trkpt lat="27.6996310" lon="85.3276550">
    <ele>1294.6</ele>
    <time>2025-10-25T00:54:47Z</time>
    <extensions>
     <gpxtpx:TrackPointExtension>
      <gpxtpx:hr>165</gpxtpx:hr>
     </gpxtpx:TrackPointExtension>
    </extensions>
   </trkpt>
   <trkpt lat="27.6996360" lon="85.3276290">
    <ele>1294.6</ele>
    <time>2025-10-25T00:54:48Z</time>
    <extensions>
     <gpxtpx:TrackPointExtension>
      <gpxtpx:hr>165</gpxtpx:hr>
     </gpxtpx:TrackPointExtension>
    </extensions>
   </trkpt>
   <trkpt lat="27.6996420" lon="85.3276030">
    <ele>1294.6</ele>
    <time>2025-10-25T00:54:49Z</time>
    <extensions>
     <gpxtpx:TrackPointExtension>
      <gpxtpx:hr>165</gpxtpx:hr>
     </gpxtpx:TrackPointExtension>
    </extensions>
   </trkpt>
   <trkpt lat="27.6996480" lon="85.3275770">
    <ele>1294.6</ele>
    <time>2025-10-25T00:54:50Z</time>
    <extensions>
     <gpxtpx:TrackPointExtension>
      <gpxtpx:hr>165</gpxtpx:hr>
     </gpxtpx:TrackPointExtension>
    </extensions>
   </trkpt>
   <trkpt lat="27.6996530" lon="85.3275520">
    <ele>1294.6</ele>
    <time>2025-10-25T00:54:51Z</time>
    <extensions>
     <gpxtpx:TrackPointExtension>
      <gpxtpx:hr>165</gpxtpx:hr>
     </gpxtpx:TrackPointExtension>
    </extensions>
   </trkpt>
   <trkpt lat="27.6996590" lon="85.3275260">
    <ele>1294.6</ele>
    <time>2025-10-25T00:54:52Z</time>
    <extensions>
     <gpxtpx:TrackPointExtension>
      <gpxtpx:hr>165</gpxtpx:hr>
     </gpxtpx:TrackPointExtension>
    </extensions>
   </trkpt>
   <trkpt lat="27.6996660" lon="85.3275000">
    <ele>1294.6</ele>
    <time>2025-10-25T00:54:53Z</time>
    <extensions>
     <gpxtpx:TrackPointExtension>
      <gpxtpx:hr>165</gpxtpx:hr>
     </gpxtpx:TrackPointExtension>
    </extensions>
   </trkpt>
   <trkpt lat="27.6996720" lon="85.3274740">
    <ele>1294.8</ele>
    <time>2025-10-25T00:54:54Z</time>
    <extensions>
     <gpxtpx:TrackPointExtension>
      <gpxtpx:hr>165</gpxtpx:hr>
     </gpxtpx:TrackPointExtension>
    </extensions>
   </trkpt>
   <trkpt lat="27.6996780" lon="85.3274480">
    <ele>1294.8</ele>
    <time>2025-10-25T00:54:55Z</time>
    <extensions>
     <gpxtpx:TrackPointExtension>
      <gpxtpx:hr>165</gpxtpx:hr>
     </gpxtpx:TrackPointExtension>
    </extensions>
   </trkpt>
   <trkpt lat="27.6996850" lon="85.3274220">
    <ele>1294.8</ele>
    <time>2025-10-25T00:54:56Z</time>
    <extensions>
     <gpxtpx:TrackPointExtension>
      <gpxtpx:hr>165</gpxtpx:hr>
     </gpxtpx:TrackPointExtension>
    </extensions>
   </trkpt>
   <trkpt lat="27.6996920" lon="85.3273950">
    <ele>1294.8</ele>
    <time>2025-10-25T00:54:57Z</time>
    <extensions>
     <gpxtpx:TrackPointExtension>
      <gpxtpx:hr>165</gpxtpx:hr>
     </gpxtpx:TrackPointExtension>
    </extensions>
   </trkpt>
   <trkpt lat="27.6996990" lon="85.3273690">
    <ele>1294.8</ele>
    <time>2025-10-25T00:54:58Z</time>
    <extensions>
     <gpxtpx:TrackPointExtension>
      <gpxtpx:hr>165</gpxtpx:hr>
     </gpxtpx:TrackPointExtension>
    </extensions>
   </trkpt>
   <trkpt lat="27.6997060" lon="85.3273430">
    <ele>1294.8</ele>
    <time>2025-10-25T00:54:59Z</time>
    <extensions>
     <gpxtpx:TrackPointExtension>
      <gpxtpx:hr>165</gpxtpx:hr>
     </gpxtpx:TrackPointExtension>
    </extensions>
   </trkpt>
   <trkpt lat="27.6997120" lon="85.3273160">
    <ele>1295.0</ele>
    <time>2025-10-25T00:55:00Z</time>
    <extensions>
     <gpxtpx:TrackPointExtension>
      <gpxtpx:hr>165</gpxtpx:hr>
     </gpxtpx:TrackPointExtension>
    </extensions>
   </trkpt>
   <trkpt lat="27.6997190" lon="85.3272900">
    <ele>1295.0</ele>
    <time>2025-10-25T00:55:01Z</time>
    <extensions>
     <gpxtpx:TrackPointExtension>
      <gpxtpx:hr>165</gpxtpx:hr>
     </gpxtpx:TrackPointExtension>
    </extensions>
   </trkpt>
   <trkpt lat="27.6997260" lon="85.3272640">
    <ele>1295.0</ele>
    <time>2025-10-25T00:55:02Z</time>
    <extensions>
     <gpxtpx:TrackPointExtension>
      <gpxtpx:hr>165</gpxtpx:hr>
     </gpxtpx:TrackPointExtension>
    </extensions>
   </trkpt>
   <trkpt lat="27.6997330" lon="85.3272380">
    <ele>1295.0</ele>
    <time>2025-10-25T00:55:03Z</time>
    <extensions>
     <gpxtpx:TrackPointExtension>
      <gpxtpx:hr>165</gpxtpx:hr>
     </gpxtpx:TrackPointExtension>
    </extensions>
   </trkpt>
   <trkpt lat="27.6997400" lon="85.3272120">
    <ele>1295.0</ele>
    <time>2025-10-25T00:55:04Z</time>
    <extensions>
     <gpxtpx:TrackPointExtension>
      <gpxtpx:hr>165</gpxtpx:hr>
     </gpxtpx:TrackPointExtension>
    </extensions>
   </trkpt>
   <trkpt lat="27.6997470" lon="85.3271870">
    <ele>1295.0</ele>
    <time>2025-10-25T00:55:05Z</time>
    <extensions>
     <gpxtpx:TrackPointExtension>
      <gpxtpx:hr>165</gpxtpx:hr>
     </gpxtpx:TrackPointExtension>
    </extensions>
   </trkpt>
   <trkpt lat="27.6997530" lon="85.3271620">
    <ele>1295.0</ele>
    <time>2025-10-25T00:55:06Z</time>
    <extensions>
     <gpxtpx:TrackPointExtension>
      <gpxtpx:hr>165</gpxtpx:hr>
     </gpxtpx:TrackPointExtension>
    </extensions>
   </trkpt>
   <trkpt lat="27.6997600" lon="85.3271360">
    <ele>1295.0</ele>
    <time>2025-10-25T00:55:07Z</time>
    <extensions>
     <gpxtpx:TrackPointExtension>
      <gpxtpx:hr>165</gpxtpx:hr>
     </gpxtpx:TrackPointExtension>
    </extensions>
   </trkpt>
   <trkpt lat="27.6997660" lon="85.3271100">
    <ele>1295.0</ele>
    <time>2025-10-25T00:55:08Z</time>
    <extensions>
     <gpxtpx:TrackPointExtension>
      <gpxtpx:hr>165</gpxtpx:hr>
     </gpxtpx:TrackPointExtension>
    </extensions>
   </trkpt>
   <trkpt lat="27.6997720" lon="85.3270840">
    <ele>1295.0</ele>
    <time>2025-10-25T00:55:09Z</time>
    <extensions>
     <gpxtpx:TrackPointExtension>
      <gpxtpx:hr>165</gpxtpx:hr>
     </gpxtpx:TrackPointExtension>
    </extensions>
   </trkpt>
   <trkpt lat="27.6997780" lon="85.3270570">
    <ele>1295.0</ele>
    <time>2025-10-25T00:55:10Z</time>
    <extensions>
     <gpxtpx:TrackPointExtension>
      <gpxtpx:hr>165</gpxtpx:hr>
     </gpxtpx:TrackPointExtension>
    </extensions>
   </trkpt>
   <trkpt lat="27.6997850" lon="85.3270310">
    <ele>1295.0</ele>
    <time>2025-10-25T00:55:11Z</time>
    <extensions>
     <gpxtpx:TrackPointExtension>
      <gpxtpx:hr>165</gpxtpx:hr>
     </gpxtpx:TrackPointExtension>
    </extensions>
   </trkpt>
   <trkpt lat="27.6997910" lon="85.3270040">
    <ele>1295.0</ele>
    <time>2025-10-25T00:55:12Z</time>
    <extensions>
     <gpxtpx:TrackPointExtension>
      <gpxtpx:hr>165</gpxtpx:hr>
     </gpxtpx:TrackPointExtension>
    </extensions>
   </trkpt>
   <trkpt lat="27.6997970" lon="85.3269780">
    <ele>1295.0</ele>
    <time>2025-10-25T00:55:13Z</time>
    <extensions>
     <gpxtpx:TrackPointExtension>
      <gpxtpx:hr>165</gpxtpx:hr>
     </gpxtpx:TrackPointExtension>
    </extensions>
   </trkpt>
   <trkpt lat="27.6998030" lon="85.3269520">
    <ele>1295.2</ele>
    <time>2025-10-25T00:55:14Z</time>
    <extensions>
     <gpxtpx:TrackPointExtension>
      <gpxtpx:hr>165</gpxtpx:hr>
     </gpxtpx:TrackPointExtension>
    </extensions>
   </trkpt>
   <trkpt lat="27.6998100" lon="85.3269270">
    <ele>1295.2</ele>
    <time>2025-10-25T00:55:15Z</time>
    <extensions>
     <gpxtpx:TrackPointExtension>
      <gpxtpx:hr>165</gpxtpx:hr>
     </gpxtpx:TrackPointExtension>
    </extensions>
   </trkpt>
   <trkpt lat="27.6998160" lon="85.3269010">
    <ele>1295.2</ele>
    <time>2025-10-25T00:55:16Z</time>
    <extensions>
     <gpxtpx:TrackPointExtension>
      <gpxtpx:hr>165</gpxtpx:hr>
     </gpxtpx:TrackPointExtension>
    </extensions>
   </trkpt>
   <trkpt lat="27.6998230" lon="85.3268750">
    <ele>1295.2</ele>
    <time>2025-10-25T00:55:17Z</time>
    <extensions>
     <gpxtpx:TrackPointExtension>
      <gpxtpx:hr>165</gpxtpx:hr>
     </gpxtpx:TrackPointExtension>
    </extensions>
   </trkpt>
   <trkpt lat="27.6998300" lon="85.3268490">
    <ele>1295.4</ele>
    <time>2025-10-25T00:55:18Z</time>
    <extensions>
     <gpxtpx:TrackPointExtension>
      <gpxtpx:hr>165</gpxtpx:hr>
     </gpxtpx:TrackPointExtension>
    </extensions>
   </trkpt>
   <trkpt lat="27.6998370" lon="85.3268230">
    <ele>1295.4</ele>
    <time>2025-10-25T00:55:19Z</time>
    <extensions>
     <gpxtpx:TrackPointExtension>
      <gpxtpx:hr>165</gpxtpx:hr>
     </gpxtpx:TrackPointExtension>
    </extensions>
   </trkpt>
   <trkpt lat="27.6998440" lon="85.3267970">
    <ele>1295.6</ele>
    <time>2025-10-25T00:55:20Z</time>
    <extensions>
     <gpxtpx:TrackPointExtension>
      <gpxtpx:hr>165</gpxtpx:hr>
     </gpxtpx:TrackPointExtension>
    </extensions>
   </trkpt>
   <trkpt lat="27.6998500" lon="85.3267730">
    <ele>1295.6</ele>
    <time>2025-10-25T00:55:21Z</time>
    <extensions>
     <gpxtpx:TrackPointExtension>
      <gpxtpx:hr>165</gpxtpx:hr>
     </gpxtpx:TrackPointExtension>
    </extensions>
   </trkpt>
   <trkpt lat="27.6998570" lon="85.3267490">
    <ele>1295.8</ele>
    <time>2025-10-25T00:55:22Z</time>
    <extensions>
     <gpxtpx:TrackPointExtension>
      <gpxtpx:hr>165</gpxtpx:hr>
     </gpxtpx:TrackPointExtension>
    </extensions>
   </trkpt>
   <trkpt lat="27.6998640" lon="85.3267260">
    <ele>1295.8</ele>
    <time>2025-10-25T00:55:23Z</time>
    <extensions>
     <gpxtpx:TrackPointExtension>
      <gpxtpx:hr>165</gpxtpx:hr>
     </gpxtpx:TrackPointExtension>
    </extensions>
   </trkpt>
   <trkpt lat="27.6998700" lon="85.3267020">
    <ele>1296.0</ele>
    <time>2025-10-25T00:55:24Z</time>
    <extensions>
     <gpxtpx:TrackPointExtension>
      <gpxtpx:hr>165</gpxtpx:hr>
     </gpxtpx:TrackPointExtension>
    </extensions>
   </trkpt>
   <trkpt lat="27.6998760" lon="85.3266770">
    <ele>1296.2</ele>
    <time>2025-10-25T00:55:25Z</time>
    <extensions>
     <gpxtpx:TrackPointExtension>
      <gpxtpx:hr>165</gpxtpx:hr>
     </gpxtpx:TrackPointExtension>
    </extensions>
   </trkpt>
   <trkpt lat="27.6998810" lon="85.3266520">
    <ele>1296.2</ele>
    <time>2025-10-25T00:55:26Z</time>
    <extensions>
     <gpxtpx:TrackPointExtension>
      <gpxtpx:hr>165</gpxtpx:hr>
     </gpxtpx:TrackPointExtension>
    </extensions>
   </trkpt>
   <trkpt lat="27.6998860" lon="85.3266270">
    <ele>1296.4</ele>
    <time>2025-10-25T00:55:27Z</time>
    <extensions>
     <gpxtpx:TrackPointExtension>
      <gpxtpx:hr>165</gpxtpx:hr>
     </gpxtpx:TrackPointExtension>
    </extensions>
   </trkpt>
   <trkpt lat="27.6998910" lon="85.3266010">
    <ele>1296.6</ele>
    <time>2025-10-25T00:55:28Z</time>
    <extensions>
     <gpxtpx:TrackPointExtension>
      <gpxtpx:hr>165</gpxtpx:hr>
     </gpxtpx:TrackPointExtension>
    </extensions>
   </trkpt>
   <trkpt lat="27.6998960" lon="85.3265750">
    <ele>1296.6</ele>
    <time>2025-10-25T00:55:29Z</time>
    <extensions>
     <gpxtpx:TrackPointExtension>
      <gpxtpx:hr>165</gpxtpx:hr>
     </gpxtpx:TrackPointExtension>
    </extensions>
   </trkpt>
   <trkpt lat="27.6999010" lon="85.3265490">
    <ele>1296.8</ele>
    <time>2025-10-25T00:55:30Z</time>
    <extensions>
     <gpxtpx:TrackPointExtension>
      <gpxtpx:hr>165</gpxtpx:hr>
     </gpxtpx:TrackPointExtension>
    </extensions>
   </trkpt>
   <trkpt lat="27.6999060" lon="85.3265230">
    <ele>1297.0</ele>
    <time>2025-10-25T00:55:31Z</time>
    <extensions>
     <gpxtpx:TrackPointExtension>
      <gpxtpx:hr>165</gpxtpx:hr>
     </gpxtpx:TrackPointExtension>
    </extensions>
   </trkpt>
   <trkpt lat="27.6999110" lon="85.3264980">
    <ele>1297.2</ele>
    <time>2025-10-25T00:55:32Z</time>
    <extensions>
     <gpxtpx:TrackPointExtension>
      <gpxtpx:hr>165</gpxtpx:hr>
     </gpxtpx:TrackPointExtension>
    </extensions>
   </trkpt>
   <trkpt lat="27.6999170" lon="85.3264720">
    <ele>1297.2</ele>
    <time>2025-10-25T00:55:33Z</time>
    <extensions>
     <gpxtpx:TrackPointExtension>
      <gpxtpx:hr>165</gpxtpx:hr>
     </gpxtpx:TrackPointExtension>
    </extensions>
   </trkpt>
   <trkpt lat="27.6999220" lon="85.3264470">
    <ele>1297.4</ele>
    <time>2025-10-25T00:55:34Z</time>
    <extensions>
     <gpxtpx:TrackPointExtension>
      <gpxtpx:hr>165</gpxtpx:hr>
     </gpxtpx:TrackPointExtension>
    </extensions>
   </trkpt>
   <trkpt lat="27.6999280" lon="85.3264220">
    <ele>1297.6</ele>
    <time>2025-10-25T00:55:35Z</time>
    <extensions>
     <gpxtpx:TrackPointExtension>
      <gpxtpx:hr>165</gpxtpx:hr>
     </gpxtpx:TrackPointExtension>
    </extensions>
   </trkpt>
   <trkpt lat="27.6999340" lon="85.3263970">
    <ele>1297.8</ele>
    <time>2025-10-25T00:55:36Z</time>
    <extensions>
     <gpxtpx:TrackPointExtension>
      <gpxtpx:hr>165</gpxtpx:hr>
     </gpxtpx:TrackPointExtension>
    </extensions>
   </trkpt>
   <trkpt lat="27.6999390" lon="85.3263720">
    <ele>1298.0</ele>
    <time>2025-10-25T00:55:37Z</time>
    <extensions>
     <gpxtpx:TrackPointExtension>
      <gpxtpx:hr>165</gpxtpx:hr>
     </gpxtpx:TrackPointExtension>
    </extensions>
   </trkpt>
   <trkpt lat="27.6999450" lon="85.3263460">
    <ele>1298.2</ele>
    <time>2025-10-25T00:55:38Z</time>
    <extensions>
     <gpxtpx:TrackPointExtension>
      <gpxtpx:hr>165</gpxtpx:hr>
     </gpxtpx:TrackPointExtension>
    </extensions>
   </trkpt>
   <trkpt lat="27.6999510" lon="85.3263210">
    <ele>1298.4</ele>
    <time>2025-10-25T00:55:39Z</time>
    <extensions>
     <gpxtpx:TrackPointExtension>
      <gpxtpx:hr>165</gpxtpx:hr>
     </gpxtpx:TrackPointExtension>
    </extensions>
   </trkpt>
   <trkpt lat="27.6999560" lon="85.3262950">
    <ele>1298.6</ele>
    <time>2025-10-25T00:55:40Z</time>
    <extensions>
     <gpxtpx:TrackPointExtension>
      <gpxtpx:hr>165</gpxtpx:hr>
     </gpxtpx:TrackPointExtension>
    </extensions>
   </trkpt>
   <trkpt lat="27.6999620" lon="85.3262700">
    <ele>1298.6</ele>
    <time>2025-10-25T00:55:41Z</time>
    <extensions>
     <gpxtpx:TrackPointExtension>
      <gpxtpx:hr>165</gpxtpx:hr>
     </gpxtpx:TrackPointExtension>
    </extensions>
   </trkpt>
   <trkpt lat="27.6999680" lon="85.3262460">
    <ele>1298.8</ele>
    <time>2025-10-25T00:55:42Z</time>
    <extensions>
     <gpxtpx:TrackPointExtension>
      <gpxtpx:hr>165</gpxtpx:hr>
     </gpxtpx:TrackPointExtension>
    </extensions>
   </trkpt>
   <trkpt lat="27.6999740" lon="85.3262210">
    <ele>1299.0</ele>
    <time>2025-10-25T00:55:43Z</time>
    <extensions>
     <gpxtpx:TrackPointExtension>
      <gpxtpx:hr>165</gpxtpx:hr>
     </gpxtpx:TrackPointExtension>
    </extensions>
   </trkpt>
   <trkpt lat="27.6999810" lon="85.3261970">
    <ele>1299.0</ele>
    <time>2025-10-25T00:55:44Z</time>
    <extensions>
     <gpxtpx:TrackPointExtension>
      <gpxtpx:hr>165</gpxtpx:hr>
     </gpxtpx:TrackPointExtension>
    </extensions>
   </trkpt>
   <trkpt lat="27.6999880" lon="85.3261710">
    <ele>1299.2</ele>
    <time>2025-10-25T00:55:45Z</time>
    <extensions>
     <gpxtpx:TrackPointExtension>
      <gpxtpx:hr>165</gpxtpx:hr>
     </gpxtpx:TrackPointExtension>
    </extensions>
   </trkpt>
   <trkpt lat="27.6999950" lon="85.3261460">
    <ele>1299.2</ele>
    <time>2025-10-25T00:55:46Z</time>
    <extensions>
     <gpxtpx:TrackPointExtension>
      <gpxtpx:hr>165</gpxtpx:hr>
     </gpxtpx:TrackPointExtension>
    </extensions>
   </trkpt>
   <trkpt lat="27.7000030" lon="85.3261200">
    <ele>1299.4</ele>
    <time>2025-10-25T00:55:47Z</time>
    <extensions>
     <gpxtpx:TrackPointExtension>
      <gpxtpx:hr>165</gpxtpx:hr>
     </gpxtpx:TrackPointExtension>
    </extensions>
   </trkpt>
   <trkpt lat="27.7000100" lon="85.3260940">
    <ele>1299.4</ele>
    <time>2025-10-25T00:55:48Z</time>
    <extensions>
     <gpxtpx:TrackPointExtension>
      <gpxtpx:hr>165</gpxtpx:hr>
     </gpxtpx:TrackPointExtension>
    </extensions>
   </trkpt>
   <trkpt lat="27.7000180" lon="85.3260680">
    <ele>1299.6</ele>
    <time>2025-10-25T00:55:49Z</time>
    <extensions>
     <gpxtpx:TrackPointExtension>
      <gpxtpx:hr>165</gpxtpx:hr>
     </gpxtpx:TrackPointExtension>
    </extensions>
   </trkpt>
   <trkpt lat="27.7000250" lon="85.3260420">
    <ele>1299.6</ele>
    <time>2025-10-25T00:55:50Z</time>
    <extensions>
     <gpxtpx:TrackPointExtension>
      <gpxtpx:hr>165</gpxtpx:hr>
     </gpxtpx:TrackPointExtension>
    </extensions>
   </trkpt>
   <trkpt lat="27.7000320" lon="85.3260160">
    <ele>1299.6</ele>
    <time>2025-10-25T00:55:51Z</time>
    <extensions>
     <gpxtpx:TrackPointExtension>
      <gpxtpx:hr>165</gpxtpx:hr>
     </gpxtpx:TrackPointExtension>
    </extensions>
   </trkpt>
   <trkpt lat="27.7000390" lon="85.3259900">
    <ele>1299.8</ele>
    <time>2025-10-25T00:55:52Z</time>
    <extensions>
     <gpxtpx:TrackPointExtension>
      <gpxtpx:hr>165</gpxtpx:hr>
     </gpxtpx:TrackPointExtension>
    </extensions>
   </trkpt>
   <trkpt lat="27.7000450" lon="85.3259630">
    <ele>1299.8</ele>
    <time>2025-10-25T00:55:53Z</time>
    <extensions>
     <gpxtpx:TrackPointExtension>
      <gpxtpx:hr>165</gpxtpx:hr>
     </gpxtpx:TrackPointExtension>
    </extensions>
   </trkpt>
   <trkpt lat="27.7000490" lon="85.3259360">
    <ele>1299.8</ele>
    <time>2025-10-25T00:55:54Z</time>
    <extensions>
     <gpxtpx:TrackPointExtension>
      <gpxtpx:hr>165</gpxtpx:hr>
     </gpxtpx:TrackPointExtension>
    </extensions>
   </trkpt>
   <trkpt lat="27.7000530" lon="85.3259090">
    <ele>1299.8</ele>
    <time>2025-10-25T00:55:55Z</time>
    <extensions>
     <gpxtpx:TrackPointExtension>
      <gpxtpx:hr>165</gpxtpx:hr>
     </gpxtpx:TrackPointExtension>
    </extensions>
   </trkpt>
   <trkpt lat="27.7000560" lon="85.3258820">
    <ele>1299.8</ele>
    <time>2025-10-25T00:55:56Z</time>
    <extensions>
     <gpxtpx:TrackPointExtension>
      <gpxtpx:hr>165</gpxtpx:hr>
     </gpxtpx:TrackPointExtension>
    </extensions>
   </trkpt>
   <trkpt lat="27.7000590" lon="85.3258550">
    <ele>1299.8</ele>
    <time>2025-10-25T00:55:57Z</time>
    <extensions>
     <gpxtpx:TrackPointExtension>
      <gpxtpx:hr>165</gpxtpx:hr>
     </gpxtpx:TrackPointExtension>
    </extensions>
   </trkpt>
   <trkpt lat="27.7000610" lon="85.3258280">
    <ele>1300.0</ele>
    <time>2025-10-25T00:55:58Z</time>
    <extensions>
     <gpxtpx:TrackPointExtension>
      <gpxtpx:hr>165</gpxtpx:hr>
     </gpxtpx:TrackPointExtension>
    </extensions>
   </trkpt>
   <trkpt lat="27.7000630" lon="85.3258010">
    <ele>1300.0</ele>
    <time>2025-10-25T00:55:59Z</time>
    <extensions>
     <gpxtpx:TrackPointExtension>
      <gpxtpx:hr>165</gpxtpx:hr>
     </gpxtpx:TrackPointExtension>
    </extensions>
   </trkpt>
   <trkpt lat="27.7000650" lon="85.3257740">
    <ele>1300.0</ele>
    <time>2025-10-25T00:56:00Z</time>
    <extensions>
     <gpxtpx:TrackPointExtension>
      <gpxtpx:hr>165</gpxtpx:hr>
     </gpxtpx:TrackPointExtension>
    </extensions>
   </trkpt>
   <trkpt lat="27.7000670" lon="85.3257470">
    <ele>1299.8</ele>
    <time>2025-10-25T00:56:01Z</time>
    <extensions>
     <gpxtpx:TrackPointExtension>
      <gpxtpx:hr>165</gpxtpx:hr>
     </gpxtpx:TrackPointExtension>
    </extensions>
   </trkpt>
   <trkpt lat="27.7000690" lon="85.3257190">
    <ele>1299.8</ele>
    <time>2025-10-25T00:56:02Z</time>
    <extensions>
     <gpxtpx:TrackPointExtension>
      <gpxtpx:hr>165</gpxtpx:hr>
     </gpxtpx:TrackPointExtension>
    </extensions>
   </trkpt>
   <trkpt lat="27.7000700" lon="85.3256910">
    <ele>1299.8</ele>
    <time>2025-10-25T00:56:03Z</time>
    <extensions>
     <gpxtpx:TrackPointExtension>
      <gpxtpx:hr>165</gpxtpx:hr>
     </gpxtpx:TrackPointExtension>
    </extensions>
   </trkpt>
   <trkpt lat="27.7000710" lon="85.3256630">
    <ele>1299.8</ele>
    <time>2025-10-25T00:56:04Z</time>
    <extensions>
     <gpxtpx:TrackPointExtension>
      <gpxtpx:hr>165</gpxtpx:hr>
     </gpxtpx:TrackPointExtension>
    </extensions>
   </trkpt>
   <trkpt lat="27.7000720" lon="85.3256350">
    <ele>1299.8</ele>
    <time>2025-10-25T00:56:05Z</time>
    <extensions>
     <gpxtpx:TrackPointExtension>
      <gpxtpx:hr>165</gpxtpx:hr>
     </gpxtpx:TrackPointExtension>
    </extensions>
   </trkpt>
   <trkpt lat="27.7000730" lon="85.3256070">
    <ele>1299.6</ele>
    <time>2025-10-25T00:56:06Z</time>
    <extensions>
     <gpxtpx:TrackPointExtension>
      <gpxtpx:hr>165</gpxtpx:hr>
     </gpxtpx:TrackPointExtension>
    </extensions>
   </trkpt>
   <trkpt lat="27.7000750" lon="85.3255800">
    <ele>1299.6</ele>
    <time>2025-10-25T00:56:07Z</time>
    <extensions>
     <gpxtpx:TrackPointExtension>
      <gpxtpx:hr>165</gpxtpx:hr>
     </gpxtpx:TrackPointExtension>
    </extensions>
   </trkpt>
   <trkpt lat="27.7000760" lon="85.3255520">
    <ele>1299.6</ele>
    <time>2025-10-25T00:56:08Z</time>
    <extensions>
     <gpxtpx:TrackPointExtension>
      <gpxtpx:hr>165</gpxtpx:hr>
     </gpxtpx:TrackPointExtension>
    </extensions>
   </trkpt>
   <trkpt lat="27.7000780" lon="85.3255230">
    <ele>1299.4</ele>
    <time>2025-10-25T00:56:09Z</time>
    <extensions>
     <gpxtpx:TrackPointExtension>
      <gpxtpx:hr>165</gpxtpx:hr>
     </gpxtpx:TrackPointExtension>
    </extensions>
   </trkpt>
   <trkpt lat="27.7000800" lon="85.3254950">
    <ele>1299.4</ele>
    <time>2025-10-25T00:56:10Z</time>
    <extensions>
     <gpxtpx:TrackPointExtension>
      <gpxtpx:hr>165</gpxtpx:hr>
     </gpxtpx:TrackPointExtension>
    </extensions>
   </trkpt>
   <trkpt lat="27.7000820" lon="85.3254660">
    <ele>1299.2</ele>
    <time>2025-10-25T00:56:11Z</time>
    <extensions>
     <gpxtpx:TrackPointExtension>
      <gpxtpx:hr>165</gpxtpx:hr>
     </gpxtpx:TrackPointExtension>
    </extensions>
   </trkpt>
   <trkpt lat="27.7000890" lon="85.3254090">
    <ele>1299.0</ele>
    <time>2025-10-25T00:56:12Z</time>
    <extensions>
     <gpxtpx:TrackPointExtension>
      <gpxtpx:hr>165</gpxtpx:hr>
     </gpxtpx:TrackPointExtension>
    </extensions>
   </trkpt>
   <trkpt lat="27.7000930" lon="85.3253800">
    <ele>1298.8</ele>
    <time>2025-10-25T00:56:13Z</time>
    <extensions>
     <gpxtpx:TrackPointExtension>
      <gpxtpx:hr>165</gpxtpx:hr>
     </gpxtpx:TrackPointExtension>
    </extensions>
   </trkpt>
   <trkpt lat="27.7000970" lon="85.3253510">
    <ele>1298.8</ele>
    <time>2025-10-25T00:56:14Z</time>
    <extensions>
     <gpxtpx:TrackPointExtension>
      <gpxtpx:hr>165</gpxtpx:hr>
     </gpxtpx:TrackPointExtension>
    </extensions>
   </trkpt>
   <trkpt lat="27.7001010" lon="85.3253220">
    <ele>1298.6</ele>
    <time>2025-10-25T00:56:15Z</time>
    <extensions>
     <gpxtpx:TrackPointExtension>
      <gpxtpx:hr>165</gpxtpx:hr>
     </gpxtpx:TrackPointExtension>
    </extensions>
   </trkpt>
   <trkpt lat="27.7001060" lon="85.3252920">
    <ele>1298.4</ele>
    <time>2025-10-25T00:56:16Z</time>
    <extensions>
     <gpxtpx:TrackPointExtension>
      <gpxtpx:hr>165</gpxtpx:hr>
     </gpxtpx:TrackPointExtension>
    </extensions>
   </trkpt>
   <trkpt lat="27.7001100" lon="85.3252630">
    <ele>1298.4</ele>
    <time>2025-10-25T00:56:17Z</time>
    <extensions>
     <gpxtpx:TrackPointExtension>
      <gpxtpx:hr>165</gpxtpx:hr>
     </gpxtpx:TrackPointExtension>
    </extensions>
   </trkpt>
   <trkpt lat="27.7001150" lon="85.3252340">
    <ele>1298.2</ele>
    <time>2025-10-25T00:56:18Z</time>
    <extensions>
     <gpxtpx:TrackPointExtension>
      <gpxtpx:hr>165</gpxtpx:hr>
     </gpxtpx:TrackPointExtension>
    </extensions>
   </trkpt>
   <trkpt lat="27.7001190" lon="85.3252050">
    <ele>1298.0</ele>
    <time>2025-10-25T00:56:19Z</time>
    <extensions>
     <gpxtpx:TrackPointExtension>
      <gpxtpx:hr>165</gpxtpx:hr>
     </gpxtpx:TrackPointExtension>
    </extensions>
   </trkpt>
   <trkpt lat="27.7001230" lon="85.3251750">
    <ele>1298.0</ele>
    <time>2025-10-25T00:56:20Z</time>
    <extensions>
     <gpxtpx:TrackPointExtension>
      <gpxtpx:hr>165</gpxtpx:hr>
     </gpxtpx:TrackPointExtension>
    </extensions>
   </trkpt>
   <trkpt lat="27.7001270" lon="85.3251460">
    <ele>1297.8</ele>
    <time>2025-10-25T00:56:21Z</time>
    <extensions>
     <gpxtpx:TrackPointExtension>
      <gpxtpx:hr>165</gpxtpx:hr>
     </gpxtpx:TrackPointExtension>
    </extensions>
   </trkpt>
   <trkpt lat="27.7001310" lon="85.3251160">
    <ele>1297.6</ele>
    <time>2025-10-25T00:56:22Z</time>
    <extensions>
     <gpxtpx:TrackPointExtension>
      <gpxtpx:hr>165</gpxtpx:hr>
     </gpxtpx:TrackPointExtension>
    </extensions>
   </trkpt>
   <trkpt lat="27.7001340" lon="85.3250860">
    <ele>1297.6</ele>
    <time>2025-10-25T00:56:23Z</time>
    <extensions>
     <gpxtpx:TrackPointExtension>
      <gpxtpx:hr>165</gpxtpx:hr>
     </gpxtpx:TrackPointExtension>
    </extensions>
   </trkpt>
   <trkpt lat="27.7001380" lon="85.3250560">
    <ele>1297.4</ele>
    <time>2025-10-25T00:56:24Z</time>
    <extensions>
     <gpxtpx:TrackPointExtension>
      <gpxtpx:hr>165</gpxtpx:hr>
     </gpxtpx:TrackPointExtension>
    </extensions>
   </trkpt>
   <trkpt lat="27.7001420" lon="85.3250260">
    <ele>1297.4</ele>
    <time>2025-10-25T00:56:25Z</time>
    <extensions>
     <gpxtpx:TrackPointExtension>
      <gpxtpx:hr>165</gpxtpx:hr>
     </gpxtpx:TrackPointExtension>
    </extensions>
   </trkpt>
   <trkpt lat="27.7001460" lon="85.3249970">
    <ele>1297.2</ele>
    <time>2025-10-25T00:56:26Z</time>
    <extensions>
     <gpxtpx:TrackPointExtension>
      <gpxtpx:hr>165</gpxtpx:hr>
     </gpxtpx:TrackPointExtension>
    </extensions>
   </trkpt>
   <trkpt lat="27.7001510" lon="85.3249670">
    <ele>1297.2</ele>
    <time>2025-10-25T00:56:27Z</time>
    <extensions>
     <gpxtpx:TrackPointExtension>
      <gpxtpx:hr>165</gpxtpx:hr>
     </gpxtpx:TrackPointExtension>
    </extensions>
   </trkpt>
   <trkpt lat="27.7001560" lon="85.3249380">
    <ele>1297.0</ele>
    <time>2025-10-25T00:56:28Z</time>
    <extensions>
     <gpxtpx:TrackPointExtension>
      <gpxtpx:hr>165</gpxtpx:hr>
     </gpxtpx:TrackPointExtension>
    </extensions>
   </trkpt>
   <trkpt lat="27.7001610" lon="85.3249070">
    <ele>1297.0</ele>
    <time>2025-10-25T00:56:29Z</time>
    <extensions>
     <gpxtpx:TrackPointExtension>
      <gpxtpx:hr>165</gpxtpx:hr>
     </gpxtpx:TrackPointExtension>
    </extensions>
   </trkpt>
   <trkpt lat="27.7001660" lon="85.3248770">
    <ele>1297.0</ele>
    <time>2025-10-25T00:56:30Z</time>
    <extensions>
     <gpxtpx:TrackPointExtension>
      <gpxtpx:hr>165</gpxtpx:hr>
     </gpxtpx:TrackPointExtension>
    </extensions>
   </trkpt>
   <trkpt lat="27.7001710" lon="85.3248470">
    <ele>1296.8</ele>
    <time>2025-10-25T00:56:31Z</time>
    <extensions>
     <gpxtpx:TrackPointExtension>
      <gpxtpx:hr>165</gpxtpx:hr>
     </gpxtpx:TrackPointExtension>
    </extensions>
   </trkpt>
   <trkpt lat="27.7001770" lon="85.3248160">
    <ele>1296.8</ele>
    <time>2025-10-25T00:56:32Z</time>
    <extensions>
     <gpxtpx:TrackPointExtension>
      <gpxtpx:hr>165</gpxtpx:hr>
     </gpxtpx:TrackPointExtension>
    </extensions>
   </trkpt>
   <trkpt lat="27.7001820" lon="85.3247860">
    <ele>1296.8</ele>
    <time>2025-10-25T00:56:33Z</time>
    <extensions>
     <gpxtpx:TrackPointExtension>
      <gpxtpx:hr>165</gpxtpx:hr>
     </gpxtpx:TrackPointExtension>
    </extensions>
   </trkpt>
   <trkpt lat="27.7001870" lon="85.3247550">
    <ele>1296.8</ele>
    <time>2025-10-25T00:56:34Z</time>
    <extensions>
     <gpxtpx:TrackPointExtension>
      <gpxtpx:hr>165</gpxtpx:hr>
     </gpxtpx:TrackPointExtension>
    </extensions>
   </trkpt>
   <trkpt lat="27.7001930" lon="85.3247250">
    <ele>1296.6</ele>
    <time>2025-10-25T00:56:35Z</time>
    <extensions>
     <gpxtpx:TrackPointExtension>
      <gpxtpx:hr>165</gpxtpx:hr>
     </gpxtpx:TrackPointExtension>
    </extensions>
   </trkpt>
   <trkpt lat="27.7002000" lon="85.3246940">
    <ele>1296.6</ele>
    <time>2025-10-25T00:56:36Z</time>
    <extensions>
     <gpxtpx:TrackPointExtension>
      <gpxtpx:hr>165</gpxtpx:hr>
     </gpxtpx:TrackPointExtension>
    </extensions>
   </trkpt>
   <trkpt lat="27.7002070" lon="85.3246640">
    <ele>1296.6</ele>
    <time>2025-10-25T00:56:37Z</time>
    <extensions>
     <gpxtpx:TrackPointExtension>
      <gpxtpx:hr>165</gpxtpx:hr>
     </gpxtpx:TrackPointExtension>
    </extensions>
   </trkpt>
   <trkpt lat="27.7002140" lon="85.3246340">
    <ele>1296.6</ele>
    <time>2025-10-25T00:56:38Z</time>
    <extensions>
     <gpxtpx:TrackPointExtension>
      <gpxtpx:hr>165</gpxtpx:hr>
     </gpxtpx:TrackPointExtension>
    </extensions>
   </trkpt>
   <trkpt lat="27.7002210" lon="85.3246040">
    <ele>1296.4</ele>
    <time>2025-10-25T00:56:39Z</time>
    <extensions>
     <gpxtpx:TrackPointExtension>
      <gpxtpx:hr>165</gpxtpx:hr>
     </gpxtpx:TrackPointExtension>
    </extensions>
   </trkpt>
   <trkpt lat="27.7002290" lon="85.3245740">
    <ele>1296.4</ele>
    <time>2025-10-25T00:56:40Z</time>
    <extensions>
     <gpxtpx:TrackPointExtension>
      <gpxtpx:hr>165</gpxtpx:hr>
     </gpxtpx:TrackPointExtension>
    </extensions>
   </trkpt>
   <trkpt lat="27.7002370" lon="85.3245440">
    <ele>1296.4</ele>
    <time>2025-10-25T00:56:41Z</time>
    <extensions>
     <gpxtpx:TrackPointExtension>
      <gpxtpx:hr>165</gpxtpx:hr>
     </gpxtpx:TrackPointExtension>
    </extensions>
   </trkpt>
   <trkpt lat="27.7002450" lon="85.3245150">
    <ele>1296.2</ele>
    <time>2025-10-25T00:56:42Z</time>
    <extensions>
     <gpxtpx:TrackPointExtension>
      <gpxtpx:hr>165</gpxtpx:hr>
     </gpxtpx:TrackPointExtension>
    </extensions>
   </trkpt>
   <trkpt lat="27.7002530" lon="85.3244850">
    <ele>1296.2</ele>
    <time>2025-10-25T00:56:43Z</time>
    <extensions>
     <gpxtpx:TrackPointExtension>
      <gpxtpx:hr>165</gpxtpx:hr>
     </gpxtpx:TrackPointExtension>
    </extensions>
   </trkpt>
   <trkpt lat="27.7002610" lon="85.3244550">
    <ele>1296.0</ele>
    <time>2025-10-25T00:56:44Z</time>
    <extensions>
     <gpxtpx:TrackPointExtension>
      <gpxtpx:hr>165</gpxtpx:hr>
     </gpxtpx:TrackPointExtension>
    </extensions>
   </trkpt>
   <trkpt lat="27.7002680" lon="85.3244240">
    <ele>1296.0</ele>
    <time>2025-10-25T00:56:45Z</time>
    <extensions>
     <gpxtpx:TrackPointExtension>
      <gpxtpx:hr>165</gpxtpx:hr>
     </gpxtpx:TrackPointExtension>
    </extensions>
   </trkpt>
   <trkpt lat="27.7002760" lon="85.3243940">
    <ele>1295.8</ele>
    <time>2025-10-25T00:56:46Z</time>
    <extensions>
     <gpxtpx:TrackPointExtension>
      <gpxtpx:hr>165</gpxtpx:hr>
     </gpxtpx:TrackPointExtension>
    </extensions>
   </trkpt>
   <trkpt lat="27.7002830" lon="85.3243640">
    <ele>1295.8</ele>
    <time>2025-10-25T00:56:47Z</time>
    <extensions>
     <gpxtpx:TrackPointExtension>
      <gpxtpx:hr>165</gpxtpx:hr>
     </gpxtpx:TrackPointExtension>
    </extensions>
   </trkpt>
   <trkpt lat="27.7002910" lon="85.3243340">
    <ele>1295.6</ele>
    <time>2025-10-25T00:56:48Z</time>
    <extensions>
     <gpxtpx:TrackPointExtension>
      <gpxtpx:hr>165</gpxtpx:hr>
     </gpxtpx:TrackPointExtension>
    </extensions>
   </trkpt>
   <trkpt lat="27.7003000" lon="85.3243050">
    <ele>1295.4</ele>
    <time>2025-10-25T00:56:49Z</time>
    <extensions>
     <gpxtpx:TrackPointExtension>
      <gpxtpx:hr>165</gpxtpx:hr>
     </gpxtpx:TrackPointExtension>
    </extensions>
   </trkpt>
   <trkpt lat="27.7003090" lon="85.3242750">
    <ele>1295.2</ele>
    <time>2025-10-25T00:56:50Z</time>
    <extensions>
     <gpxtpx:TrackPointExtension>
      <gpxtpx:hr>165</gpxtpx:hr>
     </gpxtpx:TrackPointExtension>
    </extensions>
   </trkpt>
   <trkpt lat="27.7003200" lon="85.3242460">
    <ele>1295.0</ele>
    <time>2025-10-25T00:56:51Z</time>
    <extensions>
     <gpxtpx:TrackPointExtension>
      <gpxtpx:hr>165</gpxtpx:hr>
     </gpxtpx:TrackPointExtension>
    </extensions>
   </trkpt>
   <trkpt lat="27.7003310" lon="85.3242170">
    <ele>1294.8</ele>
    <time>2025-10-25T00:56:52Z</time>
    <extensions>
     <gpxtpx:TrackPointExtension>
      <gpxtpx:hr>165</gpxtpx:hr>
     </gpxtpx:TrackPointExtension>
    </extensions>
   </trkpt>
   <trkpt lat="27.7003430" lon="85.3241890">
    <ele>1294.6</ele>
    <time>2025-10-25T00:56:53Z</time>
    <extensions>
     <gpxtpx:TrackPointExtension>
      <gpxtpx:hr>165</gpxtpx:hr>
     </gpxtpx:TrackPointExtension>
    </extensions>
   </trkpt>
   <trkpt lat="27.7003560" lon="85.3241620">
    <ele>1294.4</ele>
    <time>2025-10-25T00:56:54Z</time>
    <extensions>
     <gpxtpx:TrackPointExtension>
      <gpxtpx:hr>165</gpxtpx:hr>
     </gpxtpx:TrackPointExtension>
    </extensions>
   </trkpt>
   <trkpt lat="27.7003690" lon="85.3241360">
    <ele>1294.2</ele>
    <time>2025-10-25T00:56:55Z</time>
    <extensions>
     <gpxtpx:TrackPointExtension>
      <gpxtpx:hr>165</gpxtpx:hr>
     </gpxtpx:TrackPointExtension>
    </extensions>
   </trkpt>
   <trkpt lat="27.7003830" lon="85.3241110">
    <ele>1294.0</ele>
    <time>2025-10-25T00:56:56Z</time>
    <extensions>
     <gpxtpx:TrackPointExtension>
      <gpxtpx:hr>165</gpxtpx:hr>
     </gpxtpx:TrackPointExtension>
    </extensions>
   </trkpt>
   <trkpt lat="27.7003970" lon="85.3240870">
    <ele>1293.6</ele>
    <time>2025-10-25T00:56:57Z</time>
    <extensions>
     <gpxtpx:TrackPointExtension>
      <gpxtpx:hr>165</gpxtpx:hr>
     </gpxtpx:TrackPointExtension>
    </extensions>
   </trkpt>
   <trkpt lat="27.7004120" lon="85.3240630">
    <ele>1293.4</ele>
    <time>2025-10-25T00:56:58Z</time>
    <extensions>
     <gpxtpx:TrackPointExtension>
      <gpxtpx:hr>165</gpxtpx:hr>
     </gpxtpx:TrackPointExtension>
    </extensions>
   </trkpt>
   <trkpt lat="27.7004260" lon="85.3240390">
    <ele>1293.2</ele>
    <time>2025-10-25T00:56:59Z</time>
    <extensions>
     <gpxtpx:TrackPointExtension>
      <gpxtpx:hr>165</gpxtpx:hr>
     </gpxtpx:TrackPointExtension>
    </extensions>
   </trkpt>
   <trkpt lat="27.7004410" lon="85.3240160">
    <ele>1293.0</ele>
    <time>2025-10-25T00:57:00Z</time>
    <extensions>
     <gpxtpx:TrackPointExtension>
      <gpxtpx:hr>165</gpxtpx:hr>
     </gpxtpx:TrackPointExtension>
    </extensions>
   </trkpt>
   <trkpt lat="27.7004560" lon="85.3239920">
    <ele>1292.8</ele>
    <time>2025-10-25T00:57:01Z</time>
    <extensions>
     <gpxtpx:TrackPointExtension>
      <gpxtpx:hr>165</gpxtpx:hr>
     </gpxtpx:TrackPointExtension>
    </extensions>
   </trkpt>
   <trkpt lat="27.7004710" lon="85.3239690">
    <ele>1292.8</ele>
    <time>2025-10-25T00:57:02Z</time>
    <extensions>
     <gpxtpx:TrackPointExtension>
      <gpxtpx:hr>165</gpxtpx:hr>
     </gpxtpx:TrackPointExtension>
    </extensions>
   </trkpt>
   <trkpt lat="27.7004860" lon="85.3239450">
    <ele>1292.6</ele>
    <time>2025-10-25T00:57:03Z</time>
    <extensions>
     <gpxtpx:TrackPointExtension>
      <gpxtpx:hr>165</gpxtpx:hr>
     </gpxtpx:TrackPointExtension>
    </extensions>
   </trkpt>
   <trkpt lat="27.7005000" lon="85.3239210">
    <ele>1292.4</ele>
    <time>2025-10-25T00:57:04Z</time>
    <extensions>
     <gpxtpx:TrackPointExtension>
      <gpxtpx:hr>165</gpxtpx:hr>
     </gpxtpx:TrackPointExtension>
    </extensions>
   </trkpt>
   <trkpt lat="27.7005150" lon="85.3238970">
    <ele>1292.2</ele>
    <time>2025-10-25T00:57:05Z</time>
    <extensions>
     <gpxtpx:TrackPointExtension>
      <gpxtpx:hr>165</gpxtpx:hr>
     </gpxtpx:TrackPointExtension>
    </extensions>
   </trkpt>
   <trkpt lat="27.7005290" lon="85.3238730">
    <ele>1292.2</ele>
    <time>2025-10-25T00:57:06Z</time>
    <extensions>
     <gpxtpx:TrackPointExtension>
      <gpxtpx:hr>165</gpxtpx:hr>
     </gpxtpx:TrackPointExtension>
    </extensions>
   </trkpt>
   <trkpt lat="27.7005430" lon="85.3238490">
    <ele>1292.0</ele>
    <time>2025-10-25T00:57:07Z</time>
    <extensions>
     <gpxtpx:TrackPointExtension>
      <gpxtpx:hr>165</gpxtpx:hr>
     </gpxtpx:TrackPointExtension>
    </extensions>
   </trkpt>
   <trkpt lat="27.7005570" lon="85.3238240">
    <ele>1291.8</ele>
    <time>2025-10-25T00:57:08Z</time>
    <extensions>
     <gpxtpx:TrackPointExtension>
      <gpxtpx:hr>165</gpxtpx:hr>
     </gpxtpx:TrackPointExtension>
    </extensions>
   </trkpt>
   <trkpt lat="27.7005710" lon="85.3237990">
    <ele>1291.8</ele>
    <time>2025-10-25T00:57:09Z</time>
    <extensions>
     <gpxtpx:TrackPointExtension>
      <gpxtpx:hr>165</gpxtpx:hr>
     </gpxtpx:TrackPointExtension>
    </extensions>
   </trkpt>
   <trkpt lat="27.7005840" lon="85.3237730">
    <ele>1291.6</ele>
    <time>2025-10-25T00:57:10Z</time>
    <extensions>
     <gpxtpx:TrackPointExtension>
      <gpxtpx:hr>165</gpxtpx:hr>
     </gpxtpx:TrackPointExtension>
    </extensions>
   </trkpt>
   <trkpt lat="27.7005960" lon="85.3237470">
    <ele>1291.6</ele>
    <time>2025-10-25T00:57:11Z</time>
    <extensions>
     <gpxtpx:TrackPointExtension>
      <gpxtpx:hr>165</gpxtpx:hr>
     </gpxtpx:TrackPointExtension>
    </extensions>
   </trkpt>
   <trkpt lat="27.7006080" lon="85.3237200">
    <ele>1291.4</ele>
    <time>2025-10-25T00:57:12Z</time>
    <extensions>
     <gpxtpx:TrackPointExtension>
      <gpxtpx:hr>165</gpxtpx:hr>
     </gpxtpx:TrackPointExtension>
    </extensions>
   </trkpt>
   <trkpt lat="27.7006200" lon="85.3236930">
    <ele>1291.2</ele>
    <time>2025-10-25T00:57:13Z</time>
    <extensions>
     <gpxtpx:TrackPointExtension>
      <gpxtpx:hr>165</gpxtpx:hr>
     </gpxtpx:TrackPointExtension>
    </extensions>
   </trkpt>
   <trkpt lat="27.7006300" lon="85.3236670">
    <ele>1291.2</ele>
    <time>2025-10-25T00:57:14Z</time>
    <extensions>
     <gpxtpx:TrackPointExtension>
      <gpxtpx:hr>165</gpxtpx:hr>
     </gpxtpx:TrackPointExtension>
    </extensions>
   </trkpt>
   <trkpt lat="27.7006400" lon="85.3236400">
    <ele>1291.0</ele>
    <time>2025-10-25T00:57:15Z</time>
    <extensions>
     <gpxtpx:TrackPointExtension>
      <gpxtpx:hr>165</gpxtpx:hr>
     </gpxtpx:TrackPointExtension>
    </extensions>
   </trkpt>
   <trkpt lat="27.7006490" lon="85.3236140">
    <ele>1291.0</ele>
    <time>2025-10-25T00:57:16Z</time>
    <extensions>
     <gpxtpx:TrackPointExtension>
      <gpxtpx:hr>165</gpxtpx:hr>
     </gpxtpx:TrackPointExtension>
    </extensions>
   </trkpt>
   <trkpt lat="27.7006590" lon="85.3235880">
    <ele>1290.8</ele>
    <time>2025-10-25T00:57:17Z</time>
    <extensions>
     <gpxtpx:TrackPointExtension>
      <gpxtpx:hr>165</gpxtpx:hr>
     </gpxtpx:TrackPointExtension>
    </extensions>
   </trkpt>
   <trkpt lat="27.7006680" lon="85.3235630">
    <ele>1290.8</ele>
    <time>2025-10-25T00:57:18Z</time>
    <extensions>
     <gpxtpx:TrackPointExtension>
      <gpxtpx:hr>165</gpxtpx:hr>
     </gpxtpx:TrackPointExtension>
    </extensions>
   </trkpt>
   <trkpt lat="27.7006780" lon="85.3235390">
    <ele>1290.8</ele>
    <time>2025-10-25T00:57:19Z</time>
    <extensions>
     <gpxtpx:TrackPointExtension>
      <gpxtpx:hr>165</gpxtpx:hr>
     </gpxtpx:TrackPointExtension>
    </extensions>
   </trkpt>
   <trkpt lat="27.7006870" lon="85.3235150">
    <ele>1290.8</ele>
    <time>2025-10-25T00:57:20Z</time>
    <extensions>
     <gpxtpx:TrackPointExtension>
      <gpxtpx:hr>165</gpxtpx:hr>
     </gpxtpx:TrackPointExtension>
    </extensions>
   </trkpt>
   <trkpt lat="27.7006970" lon="85.3234880">
    <ele>1290.6</ele>
    <time>2025-10-25T00:57:21Z</time>
    <extensions>
     <gpxtpx:TrackPointExtension>
      <gpxtpx:hr>165</gpxtpx:hr>
     </gpxtpx:TrackPointExtension>
    </extensions>
   </trkpt>
   <trkpt lat="27.7007060" lon="85.3234600">
    <ele>1290.6</ele>
    <time>2025-10-25T00:57:22Z</time>
    <extensions>
     <gpxtpx:TrackPointExtension>
      <gpxtpx:hr>165</gpxtpx:hr>
     </gpxtpx:TrackPointExtension>
    </extensions>
   </trkpt>
   <trkpt lat="27.7007150" lon="85.3234310">
    <ele>1290.6</ele>
    <time>2025-10-25T00:57:23Z</time>
    <extensions>
     <gpxtpx:TrackPointExtension>
      <gpxtpx:hr>165</gpxtpx:hr>
     </gpxtpx:TrackPointExtension>
    </extensions>
   </trkpt>
   <trkpt lat="27.7007240" lon="85.3234020">
    <ele>1290.6</ele>
    <time>2025-10-25T00:57:24Z</time>
    <extensions>
     <gpxtpx:TrackPointExtension>
      <gpxtpx:hr>165</gpxtpx:hr>
     </gpxtpx:TrackPointExtension>
    </extensions>
   </trkpt>
   <trkpt lat="27.7007320" lon="85.3233740">
    <ele>1290.6</ele>
    <time>2025-10-25T00:57:25Z</time>
    <extensions>
     <gpxtpx:TrackPointExtension>
      <gpxtpx:hr>165</gpxtpx:hr>
     </gpxtpx:TrackPointExtension>
    </extensions>
   </trkpt>
   <trkpt lat="27.7007390" lon="85.3233460">
    <ele>1290.6</ele>
    <time>2025-10-25T00:57:26Z</time>
    <extensions>
     <gpxtpx:TrackPointExtension>
      <gpxtpx:hr>165</gpxtpx:hr>
     </gpxtpx:TrackPointExtension>
    </extensions>
   </trkpt>
   <trkpt lat="27.7007470" lon="85.3233190">
    <ele>1290.6</ele>
    <time>2025-10-25T00:57:27Z</time>
    <extensions>
     <gpxtpx:TrackPointExtension>
      <gpxtpx:hr>165</gpxtpx:hr>
     </gpxtpx:TrackPointExtension>
    </extensions>
   </trkpt>
   <trkpt lat="27.7007540" lon="85.3232930">
    <ele>1290.6</ele>
    <time>2025-10-25T00:57:28Z</time>
    <extensions>
     <gpxtpx:TrackPointExtension>
      <gpxtpx:hr>165</gpxtpx:hr>
     </gpxtpx:TrackPointExtension>
    </extensions>
   </trkpt>
   <trkpt lat="27.7007620" lon="85.3232660">
    <ele>1290.6</ele>
    <time>2025-10-25T00:57:29Z</time>
    <extensions>
     <gpxtpx:TrackPointExtension>
      <gpxtpx:hr>165</gpxtpx:hr>
     </gpxtpx:TrackPointExtension>
    </extensions>
   </trkpt>
   <trkpt lat="27.7007690" lon="85.3232390">
    <ele>1290.6</ele>
    <time>2025-10-25T00:57:30Z</time>
    <extensions>
     <gpxtpx:TrackPointExtension>
      <gpxtpx:hr>165</gpxtpx:hr>
     </gpxtpx:TrackPointExtension>
    </extensions>
   </trkpt>
   <trkpt lat="27.7007750" lon="85.3232130">
    <ele>1290.6</ele>
    <time>2025-10-25T00:57:31Z</time>
    <extensions>
     <gpxtpx:TrackPointExtension>
      <gpxtpx:hr>165</gpxtpx:hr>
     </gpxtpx:TrackPointExtension>
    </extensions>
   </trkpt>
   <trkpt lat="27.7007810" lon="85.3231860">
    <ele>1290.6</ele>
    <time>2025-10-25T00:57:32Z</time>
    <extensions>
     <gpxtpx:TrackPointExtension>
      <gpxtpx:hr>165</gpxtpx:hr>
     </gpxtpx:TrackPointExtension>
    </extensions>
   </trkpt>
   <trkpt lat="27.7007860" lon="85.3231600">
    <ele>1290.6</ele>
    <time>2025-10-25T00:57:33Z</time>
    <extensions>
     <gpxtpx:TrackPointExtension>
      <gpxtpx:hr>165</gpxtpx:hr>
     </gpxtpx:TrackPointExtension>
    </extensions>
   </trkpt>
   <trkpt lat="27.7007920" lon="85.3231320">
    <ele>1290.6</ele>
    <time>2025-10-25T00:57:34Z</time>
    <extensions>
     <gpxtpx:TrackPointExtension>
      <gpxtpx:hr>165</gpxtpx:hr>
     </gpxtpx:TrackPointExtension>
    </extensions>
   </trkpt>
   <trkpt lat="27.7007980" lon="85.3231040">
    <ele>1290.6</ele>
    <time>2025-10-25T00:57:35Z</time>
    <extensions>
     <gpxtpx:TrackPointExtension>
      <gpxtpx:hr>165</gpxtpx:hr>
     </gpxtpx:TrackPointExtension>
    </extensions>
   </trkpt>
   <trkpt lat="27.7008040" lon="85.3230750">
    <ele>1290.6</ele>
    <time>2025-10-25T00:57:36Z</time>
    <extensions>
     <gpxtpx:TrackPointExtension>
      <gpxtpx:hr>165</gpxtpx:hr>
     </gpxtpx:TrackPointExtension>
    </extensions>
   </trkpt>
   <trkpt lat="27.7008100" lon="85.3230470">
    <ele>1290.6</ele>
    <time>2025-10-25T00:57:37Z</time>
    <extensions>
     <gpxtpx:TrackPointExtension>
      <gpxtpx:hr>165</gpxtpx:hr>
     </gpxtpx:TrackPointExtension>
    </extensions>
   </trkpt>
   <trkpt lat="27.7008170" lon="85.3230180">
    <ele>1290.6</ele>
    <time>2025-10-25T00:57:38Z</time>
    <extensions>
     <gpxtpx:TrackPointExtension>
      <gpxtpx:hr>165</gpxtpx:hr>
     </gpxtpx:TrackPointExtension>
    </extensions>
   </trkpt>
   <trkpt lat="27.7008230" lon="85.3229900">
    <ele>1290.6</ele>
    <time>2025-10-25T00:57:39Z</time>
    <extensions>
     <gpxtpx:TrackPointExtension>
      <gpxtpx:hr>165</gpxtpx:hr>
     </gpxtpx:TrackPointExtension>
    </extensions>
   </trkpt>
   <trkpt lat="27.7008300" lon="85.3229630">
    <ele>1290.6</ele>
    <time>2025-10-25T00:57:40Z</time>
    <extensions>
     <gpxtpx:TrackPointExtension>
      <gpxtpx:hr>165</gpxtpx:hr>
     </gpxtpx:TrackPointExtension>
    </extensions>
   </trkpt>
   <trkpt lat="27.7008370" lon="85.3229360">
    <ele>1290.8</ele>
    <time>2025-10-25T00:57:41Z</time>
    <extensions>
     <gpxtpx:TrackPointExtension>
      <gpxtpx:hr>165</gpxtpx:hr>
     </gpxtpx:TrackPointExtension>
    </extensions>
   </trkpt>
   <trkpt lat="27.7008440" lon="85.3229090">
    <ele>1290.8</ele>
    <time>2025-10-25T00:57:42Z</time>
    <extensions>
     <gpxtpx:TrackPointExtension>
      <gpxtpx:hr>165</gpxtpx:hr>
     </gpxtpx:TrackPointExtension>
    </extensions>
   </trkpt>
   <trkpt lat="27.7008510" lon="85.3228830">
    <ele>1290.8</ele>
    <time>2025-10-25T00:57:43Z</time>
    <extensions>
     <gpxtpx:TrackPointExtension>
      <gpxtpx:hr>165</gpxtpx:hr>
     </gpxtpx:TrackPointExtension>
    </extensions>
   </trkpt>
   <trkpt lat="27.7008580" lon="85.3228560">
    <ele>1290.8</ele>
    <time>2025-10-25T00:57:44Z</time>
    <extensions>
     <gpxtpx:TrackPointExtension>
      <gpxtpx:hr>165</gpxtpx:hr>
     </gpxtpx:TrackPointExtension>
    </extensions>
   </trkpt>
   <trkpt lat="27.7008650" lon="85.3228280">
    <ele>1290.8</ele>
    <time>2025-10-25T00:57:45Z</time>
    <extensions>
     <gpxtpx:TrackPointExtension>
      <gpxtpx:hr>165</gpxtpx:hr>
     </gpxtpx:TrackPointExtension>
    </extensions>
   </trkpt>
   <trkpt lat="27.7008720" lon="85.3228000">
    <ele>1290.8</ele>
    <time>2025-10-25T00:57:46Z</time>
    <extensions>
     <gpxtpx:TrackPointExtension>
      <gpxtpx:hr>165</gpxtpx:hr>
     </gpxtpx:TrackPointExtension>
    </extensions>
   </trkpt>
   <trkpt lat="27.7008780" lon="85.3227730">
    <ele>1290.8</ele>
    <time>2025-10-25T00:57:47Z</time>
    <extensions>
     <gpxtpx:TrackPointExtension>
      <gpxtpx:hr>165</gpxtpx:hr>
     </gpxtpx:TrackPointExtension>
    </extensions>
   </trkpt>
   <trkpt lat="27.7008850" lon="85.3227460">
    <ele>1290.8</ele>
    <time>2025-10-25T00:57:48Z</time>
    <extensions>
     <gpxtpx:TrackPointExtension>
      <gpxtpx:hr>165</gpxtpx:hr>
     </gpxtpx:TrackPointExtension>
    </extensions>
   </trkpt>
   <trkpt lat="27.7008910" lon="85.3227190">
    <ele>1290.8</ele>
    <time>2025-10-25T00:57:49Z</time>
    <extensions>
     <gpxtpx:TrackPointExtension>
      <gpxtpx:hr>165</gpxtpx:hr>
     </gpxtpx:TrackPointExtension>
    </extensions>
   </trkpt>
   <trkpt lat="27.7008980" lon="85.3226910">
    <ele>1290.8</ele>
    <time>2025-10-25T00:57:50Z</time>
    <extensions>
     <gpxtpx:TrackPointExtension>
      <gpxtpx:hr>165</gpxtpx:hr>
     </gpxtpx:TrackPointExtension>
    </extensions>
   </trkpt>
   <trkpt lat="27.7009050" lon="85.3226640">
    <ele>1290.8</ele>
    <time>2025-10-25T00:57:51Z</time>
    <extensions>
     <gpxtpx:TrackPointExtension>
      <gpxtpx:hr>165</gpxtpx:hr>
     </gpxtpx:TrackPointExtension>
    </extensions>
   </trkpt>
   <trkpt lat="27.7009120" lon="85.3226350">
    <ele>1290.8</ele>
    <time>2025-10-25T00:57:52Z</time>
    <extensions>
     <gpxtpx:TrackPointExtension>
      <gpxtpx:hr>165</gpxtpx:hr>
     </gpxtpx:TrackPointExtension>
    </extensions>
   </trkpt>
   <trkpt lat="27.7009200" lon="85.3226070">
    <ele>1290.8</ele>
    <time>2025-10-25T00:57:53Z</time>
    <extensions>
     <gpxtpx:TrackPointExtension>
      <gpxtpx:hr>165</gpxtpx:hr>
     </gpxtpx:TrackPointExtension>
    </extensions>
   </trkpt>
   <trkpt lat="27.7009270" lon="85.3225780">
    <ele>1290.8</ele>
    <time>2025-10-25T00:57:54Z</time>
    <extensions>
     <gpxtpx:TrackPointExtension>
      <gpxtpx:hr>165</gpxtpx:hr>
     </gpxtpx:TrackPointExtension>
    </extensions>
   </trkpt>
   <trkpt lat="27.7009350" lon="85.3225490">
    <ele>1290.8</ele>
    <time>2025-10-25T00:57:55Z</time>
    <extensions>
     <gpxtpx:TrackPointExtension>
      <gpxtpx:hr>165</gpxtpx:hr>
     </gpxtpx:TrackPointExtension>
    </extensions>
   </trkpt>
   <trkpt lat="27.7009440" lon="85.3225200">
    <ele>1290.8</ele>
    <time>2025-10-25T00:57:56Z</time>
    <extensions>
     <gpxtpx:TrackPointExtension>
      <gpxtpx:hr>165</gpxtpx:hr>
     </gpxtpx:TrackPointExtension>
    </extensions>
   </trkpt>
   <trkpt lat="27.7009520" lon="85.3224910">
    <ele>1290.6</ele>
    <time>2025-10-25T00:57:57Z</time>
    <extensions>
     <gpxtpx:TrackPointExtension>
      <gpxtpx:hr>165</gpxtpx:hr>
     </gpxtpx:TrackPointExtension>
    </extensions>
   </trkpt>
   <trkpt lat="27.7009610" lon="85.3224630">
    <ele>1290.6</ele>
    <time>2025-10-25T00:57:58Z</time>
    <extensions>
     <gpxtpx:TrackPointExtension>
      <gpxtpx:hr>165</gpxtpx:hr>
     </gpxtpx:TrackPointExtension>
    </extensions>
   </trkpt>
   <trkpt lat="27.7009690" lon="85.3224360">
    <ele>1290.6</ele>
    <time>2025-10-25T00:57:59Z</time>
    <extensions>
     <gpxtpx:TrackPointExtension>
      <gpxtpx:hr>165</gpxtpx:hr>
     </gpxtpx:TrackPointExtension>
    </extensions>
   </trkpt>
   <trkpt lat="27.7009780" lon="85.3224090">
    <ele>1290.6</ele>
    <time>2025-10-25T00:58:00Z</time>
    <extensions>
     <gpxtpx:TrackPointExtension>
      <gpxtpx:hr>165</gpxtpx:hr>
     </gpxtpx:TrackPointExtension>
    </extensions>
   </trkpt>
   <trkpt lat="27.7009870" lon="85.3223830">
    <ele>1290.6</ele>
    <time>2025-10-25T00:58:01Z</time>
    <extensions>
     <gpxtpx:TrackPointExtension>
      <gpxtpx:hr>165</gpxtpx:hr>
     </gpxtpx:TrackPointExtension>
    </extensions>
   </trkpt>
   <trkpt lat="27.7009960" lon="85.3223570">
    <ele>1290.6</ele>
    <time>2025-10-25T00:58:02Z</time>
    <extensions>
     <gpxtpx:TrackPointExtension>
      <gpxtpx:hr>165</gpxtpx:hr>
     </gpxtpx:TrackPointExtension>
    </extensions>
   </trkpt>
   <trkpt lat="27.7010060" lon="85.3223320">
    <ele>1290.6</ele>
    <time>2025-10-25T00:58:03Z</time>
    <extensions>
     <gpxtpx:TrackPointExtension>
      <gpxtpx:hr>165</gpxtpx:hr>
     </gpxtpx:TrackPointExtension>
    </extensions>
   </trkpt>
   <trkpt lat="27.7010150" lon="85.3223080">
    <ele>1290.6</ele>
    <time>2025-10-25T00:58:04Z</time>
    <extensions>
     <gpxtpx:TrackPointExtension>
      <gpxtpx:hr>165</gpxtpx:hr>
     </gpxtpx:TrackPointExtension>
    </extensions>
   </trkpt>
   <trkpt lat="27.7010260" lon="85.3222850">
    <ele>1290.6</ele>
    <time>2025-10-25T00:58:05Z</time>
    <extensions>
     <gpxtpx:TrackPointExtension>
      <gpxtpx:hr>165</gpxtpx:hr>
     </gpxtpx:TrackPointExtension>
    </extensions>
   </trkpt>
   <trkpt lat="27.7010370" lon="85.3222620">
    <ele>1290.6</ele>
    <time>2025-10-25T00:58:06Z</time>
    <extensions>
     <gpxtpx:TrackPointExtension>
      <gpxtpx:hr>165</gpxtpx:hr>
     </gpxtpx:TrackPointExtension>
    </extensions>
   </trkpt>
   <trkpt lat="27.7010480" lon="85.3222410">
    <ele>1290.6</ele>
    <time>2025-10-25T00:58:07Z</time>
    <extensions>
     <gpxtpx:TrackPointExtension>
      <gpxtpx:hr>165</gpxtpx:hr>
     </gpxtpx:TrackPointExtension>
    </extensions>
   </trkpt>
   <trkpt lat="27.7010610" lon="85.3222210">
    <ele>1290.6</ele>
    <time>2025-10-25T00:58:08Z</time>
    <extensions>
     <gpxtpx:TrackPointExtension>
      <gpxtpx:hr>165</gpxtpx:hr>
     </gpxtpx:TrackPointExtension>
    </extensions>
   </trkpt>
   <trkpt lat="27.7010750" lon="85.3222030">
    <ele>1290.4</ele>
    <time>2025-10-25T00:58:09Z</time>
    <extensions>
     <gpxtpx:TrackPointExtension>
      <gpxtpx:hr>165</gpxtpx:hr>
     </gpxtpx:TrackPointExtension>
    </extensions>
   </trkpt>
   <trkpt lat="27.7010910" lon="85.3221860">
    <ele>1290.4</ele>
    <time>2025-10-25T00:58:10Z</time>
    <extensions>
     <gpxtpx:TrackPointExtension>
      <gpxtpx:hr>165</gpxtpx:hr>
     </gpxtpx:TrackPointExtension>
    </extensions>
   </trkpt>
   <trkpt lat="27.7011090" lon="85.3221720">
    <ele>1290.4</ele>
    <time>2025-10-25T00:58:11Z</time>
    <extensions>
     <gpxtpx:TrackPointExtension>
      <gpxtpx:hr>165</gpxtpx:hr>
     </gpxtpx:TrackPointExtension>
    </extensions>
   </trkpt>
   <trkpt lat="27.7011310" lon="85.3221620">
    <ele>1290.4</ele>
    <time>2025-10-25T00:58:12Z</time>
    <extensions>
     <gpxtpx:TrackPointExtension>
      <gpxtpx:hr>165</gpxtpx:hr>
     </gpxtpx:TrackPointExtension>
    </extensions>
   </trkpt>
   <trkpt lat="27.7011540" lon="85.3221560">
    <ele>1290.4</ele>
    <time>2025-10-25T00:58:13Z</time>
    <extensions>
     <gpxtpx:TrackPointExtension>
      <gpxtpx:hr>165</gpxtpx:hr>
     </gpxtpx:TrackPointExtension>
    </extensions>
   </trkpt>
   <trkpt lat="27.7011790" lon="85.3221550">
    <ele>1290.4</ele>
    <time>2025-10-25T00:58:14Z</time>
    <extensions>
     <gpxtpx:TrackPointExtension>
      <gpxtpx:hr>165</gpxtpx:hr>
     </gpxtpx:TrackPointExtension>
    </extensions>
   </trkpt>
   <trkpt lat="27.7012050" lon="85.3221550">
    <ele>1290.2</ele>
    <time>2025-10-25T00:58:15Z</time>
    <extensions>
     <gpxtpx:TrackPointExtension>
      <gpxtpx:hr>165</gpxtpx:hr>
     </gpxtpx:TrackPointExtension>
    </extensions>
   </trkpt>
   <trkpt lat="27.7012300" lon="85.3221580">
    <ele>1290.2</ele>
    <time>2025-10-25T00:58:16Z</time>
    <extensions>
     <gpxtpx:TrackPointExtension>
      <gpxtpx:hr>165</gpxtpx:hr>
     </gpxtpx:TrackPointExtension>
    </extensions>
   </trkpt>
   <trkpt lat="27.7012550" lon="85.3221610">
    <ele>1290.2</ele>
    <time>2025-10-25T00:58:17Z</time>
    <extensions>
     <gpxtpx:TrackPointExtension>
      <gpxtpx:hr>165</gpxtpx:hr>
     </gpxtpx:TrackPointExtension>
    </extensions>
   </trkpt>
   <trkpt lat="27.7012800" lon="85.3221630">
    <ele>1290.2</ele>
    <time>2025-10-25T00:58:18Z</time>
    <extensions>
     <gpxtpx:TrackPointExtension>
      <gpxtpx:hr>165</gpxtpx:hr>
     </gpxtpx:TrackPointExtension>
    </extensions>
   </trkpt>
   <trkpt lat="27.7013050" lon="85.3221660">
    <ele>1290.2</ele>
    <time>2025-10-25T00:58:19Z</time>
    <extensions>
     <gpxtpx:TrackPointExtension>
      <gpxtpx:hr>165</gpxtpx:hr>
     </gpxtpx:TrackPointExtension>
    </extensions>
   </trkpt>
   <trkpt lat="27.7013300" lon="85.3221700">
    <ele>1290.2</ele>
    <time>2025-10-25T00:58:20Z</time>
    <extensions>
     <gpxtpx:TrackPointExtension>
      <gpxtpx:hr>165</gpxtpx:hr>
     </gpxtpx:TrackPointExtension>
    </extensions>
   </trkpt>
   <trkpt lat="27.7013530" lon="85.3221730">
    <ele>1290.2</ele>
    <time>2025-10-25T00:58:21Z</time>
    <extensions>
     <gpxtpx:TrackPointExtension>
      <gpxtpx:hr>165</gpxtpx:hr>
     </gpxtpx:TrackPointExtension>
    </extensions>
   </trkpt>
   <trkpt lat="27.7013770" lon="85.3221770">
    <ele>1290.2</ele>
    <time>2025-10-25T00:58:22Z</time>
    <extensions>
     <gpxtpx:TrackPointExtension>
      <gpxtpx:hr>165</gpxtpx:hr>
     </gpxtpx:TrackPointExtension>
    </extensions>
   </trkpt>
   <trkpt lat="27.7014010" lon="85.3221800">
    <ele>1290.2</ele>
    <time>2025-10-25T00:58:23Z</time>
    <extensions>
     <gpxtpx:TrackPointExtension>
      <gpxtpx:hr>165</gpxtpx:hr>
     </gpxtpx:TrackPointExtension>
    </extensions>
   </trkpt>
   <trkpt lat="27.7014250" lon="85.3221840">
    <ele>1290.2</ele>
    <time>2025-10-25T00:58:24Z</time>
    <extensions>
     <gpxtpx:TrackPointExtension>
      <gpxtpx:hr>165</gpxtpx:hr>
     </gpxtpx:TrackPointExtension>
    </extensions>
   </trkpt>
   <trkpt lat="27.7014490" lon="85.3221870">
    <ele>1290.2</ele>
    <time>2025-10-25T00:58:25Z</time>
    <extensions>
     <gpxtpx:TrackPointExtension>
      <gpxtpx:hr>165</gpxtpx:hr>
     </gpxtpx:TrackPointExtension>
    </extensions>
   </trkpt>
   <trkpt lat="27.7014730" lon="85.3221910">
    <ele>1290.2</ele>
    <time>2025-10-25T00:58:26Z</time>
    <extensions>
     <gpxtpx:TrackPointExtension>
      <gpxtpx:hr>165</gpxtpx:hr>
     </gpxtpx:TrackPointExtension>
    </extensions>
   </trkpt>
   <trkpt lat="27.7014960" lon="85.3221940">
    <ele>1290.2</ele>
    <time>2025-10-25T00:58:27Z</time>
    <extensions>
     <gpxtpx:TrackPointExtension>
      <gpxtpx:hr>165</gpxtpx:hr>
     </gpxtpx:TrackPointExtension>
    </extensions>
   </trkpt>
   <trkpt lat="27.7015200" lon="85.3221970">
    <ele>1290.2</ele>
    <time>2025-10-25T00:58:28Z</time>
    <extensions>
     <gpxtpx:TrackPointExtension>
      <gpxtpx:hr>165</gpxtpx:hr>
     </gpxtpx:TrackPointExtension>
    </extensions>
   </trkpt>
   <trkpt lat="27.7015440" lon="85.3222000">
    <ele>1290.2</ele>
    <time>2025-10-25T00:58:29Z</time>
    <extensions>
     <gpxtpx:TrackPointExtension>
      <gpxtpx:hr>165</gpxtpx:hr>
     </gpxtpx:TrackPointExtension>
    </extensions>
   </trkpt>
   <trkpt lat="27.7015680" lon="85.3222030">
    <ele>1290.2</ele>
    <time>2025-10-25T00:58:30Z</time>
    <extensions>
     <gpxtpx:TrackPointExtension>
      <gpxtpx:hr>165</gpxtpx:hr>
     </gpxtpx:TrackPointExtension>
    </extensions>
   </trkpt>
   <trkpt lat="27.7015930" lon="85.3222070">
    <ele>1290.2</ele>
    <time>2025-10-25T00:58:31Z</time>
    <extensions>
     <gpxtpx:TrackPointExtension>
      <gpxtpx:hr>165</gpxtpx:hr>
     </gpxtpx:TrackPointExtension>
    </extensions>
   </trkpt>
   <trkpt lat="27.7016180" lon="85.3222110">
    <ele>1290.2</ele>
    <time>2025-10-25T00:58:32Z</time>
    <extensions>
     <gpxtpx:TrackPointExtension>
      <gpxtpx:hr>165</gpxtpx:hr>
     </gpxtpx:TrackPointExtension>
    </extensions>
   </trkpt>
   <trkpt lat="27.7016430" lon="85.3222140">
    <ele>1290.2</ele>
    <time>2025-10-25T00:58:33Z</time>
    <extensions>
     <gpxtpx:TrackPointExtension>
      <gpxtpx:hr>165</gpxtpx:hr>
     </gpxtpx:TrackPointExtension>
    </extensions>
   </trkpt>
   <trkpt lat="27.7016680" lon="85.3222180">
    <ele>1290.2</ele>
    <time>2025-10-25T00:58:34Z</time>
    <extensions>
     <gpxtpx:TrackPointExtension>
      <gpxtpx:hr>165</gpxtpx:hr>
     </gpxtpx:TrackPointExtension>
    </extensions>
   </trkpt>
   <trkpt lat="27.7016930" lon="85.3222210">
    <ele>1290.2</ele>
    <time>2025-10-25T00:58:35Z</time>
    <extensions>
     <gpxtpx:TrackPointExtension>
      <gpxtpx:hr>165</gpxtpx:hr>
     </gpxtpx:TrackPointExtension>
    </extensions>
   </trkpt>
   <trkpt lat="27.7017170" lon="85.3222240">
    <ele>1290.2</ele>
    <time>2025-10-25T00:58:36Z</time>
    <extensions>
     <gpxtpx:TrackPointExtension>
      <gpxtpx:hr>165</gpxtpx:hr>
     </gpxtpx:TrackPointExtension>
    </extensions>
   </trkpt>
   <trkpt lat="27.7017420" lon="85.3222280">
    <ele>1290.2</ele>
    <time>2025-10-25T00:58:37Z</time>
    <extensions>
     <gpxtpx:TrackPointExtension>
      <gpxtpx:hr>165</gpxtpx:hr>
     </gpxtpx:TrackPointExtension>
    </extensions>
   </trkpt>
   <trkpt lat="27.7017660" lon="85.3222300">
    <ele>1290.2</ele>
    <time>2025-10-25T00:58:38Z</time>
    <extensions>
     <gpxtpx:TrackPointExtension>
      <gpxtpx:hr>165</gpxtpx:hr>
     </gpxtpx:TrackPointExtension>
    </extensions>
   </trkpt>
   <trkpt lat="27.7017910" lon="85.3222330">
    <ele>1290.2</ele>
    <time>2025-10-25T00:58:39Z</time>
    <extensions>
     <gpxtpx:TrackPointExtension>
      <gpxtpx:hr>165</gpxtpx:hr>
     </gpxtpx:TrackPointExtension>
    </extensions>
   </trkpt>
   <trkpt lat="27.7018150" lon="85.3222360">
    <ele>1290.0</ele>
    <time>2025-10-25T00:58:40Z</time>
    <extensions>
     <gpxtpx:TrackPointExtension>
      <gpxtpx:hr>165</gpxtpx:hr>
     </gpxtpx:TrackPointExtension>
    </extensions>
   </trkpt>
   <trkpt lat="27.7018380" lon="85.3222400">
    <ele>1290.0</ele>
    <time>2025-10-25T00:58:41Z</time>
    <extensions>
     <gpxtpx:TrackPointExtension>
      <gpxtpx:hr>165</gpxtpx:hr>
     </gpxtpx:TrackPointExtension>
    </extensions>
   </trkpt>
   <trkpt lat="27.7018620" lon="85.3222430">
    <ele>1290.0</ele>
    <time>2025-10-25T00:58:42Z</time>
    <extensions>
     <gpxtpx:TrackPointExtension>
      <gpxtpx:hr>165</gpxtpx:hr>
     </gpxtpx:TrackPointExtension>
    </extensions>
   </trkpt>
   <trkpt lat="27.7018860" lon="85.3222470">
    <ele>1290.0</ele>
    <time>2025-10-25T00:58:43Z</time>
    <extensions>
     <gpxtpx:TrackPointExtension>
      <gpxtpx:hr>165</gpxtpx:hr>
     </gpxtpx:TrackPointExtension>
    </extensions>
   </trkpt>
   <trkpt lat="27.7019100" lon="85.3222500">
    <ele>1290.0</ele>
    <time>2025-10-25T00:58:44Z</time>
    <extensions>
     <gpxtpx:TrackPointExtension>
      <gpxtpx:hr>165</gpxtpx:hr>
     </gpxtpx:TrackPointExtension>
    </extensions>
   </trkpt>
   <trkpt lat="27.7019360" lon="85.3222540">
    <ele>1290.0</ele>
    <time>2025-10-25T00:58:45Z</time>
    <extensions>
     <gpxtpx:TrackPointExtension>
      <gpxtpx:hr>165</gpxtpx:hr>
     </gpxtpx:TrackPointExtension>
    </extensions>
   </trkpt>
   <trkpt lat="27.7019610" lon="85.3222570">
    <ele>1290.0</ele>
    <time>2025-10-25T00:58:46Z</time>
    <extensions>
     <gpxtpx:TrackPointExtension>
      <gpxtpx:hr>165</gpxtpx:hr>
     </gpxtpx:TrackPointExtension>
    </extensions>
   </trkpt>
   <trkpt lat="27.7019860" lon="85.3222620">
    <ele>1290.0</ele>
    <time>2025-10-25T00:58:47Z</time>
    <extensions>
     <gpxtpx:TrackPointExtension>
      <gpxtpx:hr>165</gpxtpx:hr>
     </gpxtpx:TrackPointExtension>
    </extensions>
   </trkpt>
   <trkpt lat="27.7020110" lon="85.3222660">
    <ele>1290.0</ele>
    <time>2025-10-25T00:58:48Z</time>
    <extensions>
     <gpxtpx:TrackPointExtension>
      <gpxtpx:hr>165</gpxtpx:hr>
     </gpxtpx:TrackPointExtension>
    </extensions>
   </trkpt>
   <trkpt lat="27.7020350" lon="85.3222710">
    <ele>1290.0</ele>
    <time>2025-10-25T00:58:49Z</time>
    <extensions>
     <gpxtpx:TrackPointExtension>
      <gpxtpx:hr>165</gpxtpx:hr>
     </gpxtpx:TrackPointExtension>
    </extensions>
   </trkpt>
   <trkpt lat="27.7020590" lon="85.3222750">
    <ele>1290.0</ele>
    <time>2025-10-25T00:58:50Z</time>
    <extensions>
     <gpxtpx:TrackPointExtension>
      <gpxtpx:hr>165</gpxtpx:hr>
     </gpxtpx:TrackPointExtension>
    </extensions>
   </trkpt>
   <trkpt lat="27.7020830" lon="85.3222790">
    <ele>1290.0</ele>
    <time>2025-10-25T00:58:51Z</time>
    <extensions>
     <gpxtpx:TrackPointExtension>
      <gpxtpx:hr>165</gpxtpx:hr>
     </gpxtpx:TrackPointExtension>
    </extensions>
   </trkpt>
   <trkpt lat="27.7021080" lon="85.3222830">
    <ele>1290.0</ele>
    <time>2025-10-25T00:58:52Z</time>
    <extensions>
     <gpxtpx:TrackPointExtension>
      <gpxtpx:hr>165</gpxtpx:hr>
     </gpxtpx:TrackPointExtension>
    </extensions>
   </trkpt>
   <trkpt lat="27.7021320" lon="85.3222860">
    <ele>1290.0</ele>
    <time>2025-10-25T00:58:53Z</time>
    <extensions>
     <gpxtpx:TrackPointExtension>
      <gpxtpx:hr>165</gpxtpx:hr>
     </gpxtpx:TrackPointExtension>
    </extensions>
   </trkpt>
   <trkpt lat="27.7021570" lon="85.3222890">
    <ele>1290.0</ele>
    <time>2025-10-25T00:58:54Z</time>
    <extensions>
     <gpxtpx:TrackPointExtension>
      <gpxtpx:hr>165</gpxtpx:hr>
     </gpxtpx:TrackPointExtension>
    </extensions>
   </trkpt>
   <trkpt lat="27.7021820" lon="85.3222920">
    <ele>1290.0</ele>
    <time>2025-10-25T00:58:55Z</time>
    <extensions>
     <gpxtpx:TrackPointExtension>
      <gpxtpx:hr>165</gpxtpx:hr>
     </gpxtpx:TrackPointExtension>
    </extensions>
   </trkpt>
   <trkpt lat="27.7022060" lon="85.3222940">
    <ele>1290.0</ele>
    <time>2025-10-25T00:58:56Z</time>
    <extensions>
     <gpxtpx:TrackPointExtension>
      <gpxtpx:hr>165</gpxtpx:hr>
     </gpxtpx:TrackPointExtension>
    </extensions>
   </trkpt>
   <trkpt lat="27.7022300" lon="85.3222970">
    <ele>1290.0</ele>
    <time>2025-10-25T00:58:57Z</time>
    <extensions>
     <gpxtpx:TrackPointExtension>
      <gpxtpx:hr>165</gpxtpx:hr>
     </gpxtpx:TrackPointExtension>
    </extensions>
   </trkpt>
   <trkpt lat="27.7022530" lon="85.3222990">
    <ele>1290.0</ele>
    <time>2025-10-25T00:58:58Z</time>
    <extensions>
     <gpxtpx:TrackPointExtension>
      <gpxtpx:hr>165</gpxtpx:hr>
     </gpxtpx:TrackPointExtension>
    </extensions>
   </trkpt>
   <trkpt lat="27.7022760" lon="85.3223030">
    <ele>1290.0</ele>
    <time>2025-10-25T00:58:59Z</time>
    <extensions>
     <gpxtpx:TrackPointExtension>
      <gpxtpx:hr>165</gpxtpx:hr>
     </gpxtpx:TrackPointExtension>
    </extensions>
   </trkpt>
   <trkpt lat="27.7023000" lon="85.3223060">
    <ele>1290.0</ele>
    <time>2025-10-25T00:59:00Z</time>
    <extensions>
     <gpxtpx:TrackPointExtension>
      <gpxtpx:hr>165</gpxtpx:hr>
     </gpxtpx:TrackPointExtension>
    </extensions>
   </trkpt>
   <trkpt lat="27.7023240" lon="85.3223100">
    <ele>1290.0</ele>
    <time>2025-10-25T00:59:01Z</time>
    <extensions>
     <gpxtpx:TrackPointExtension>
      <gpxtpx:hr>165</gpxtpx:hr>
     </gpxtpx:TrackPointExtension>
    </extensions>
   </trkpt>
   <trkpt lat="27.7023480" lon="85.3223140">
    <ele>1290.0</ele>
    <time>2025-10-25T00:59:02Z</time>
    <extensions>
     <gpxtpx:TrackPointExtension>
      <gpxtpx:hr>165</gpxtpx:hr>
     </gpxtpx:TrackPointExtension>
    </extensions>
   </trkpt>
   <trkpt lat="27.7023730" lon="85.3223180">
    <ele>1290.0</ele>
    <time>2025-10-25T00:59:03Z</time>
    <extensions>
     <gpxtpx:TrackPointExtension>
      <gpxtpx:hr>165</gpxtpx:hr>
     </gpxtpx:TrackPointExtension>
    </extensions>
   </trkpt>
   <trkpt lat="27.7023980" lon="85.3223230">
    <ele>1290.0</ele>
    <time>2025-10-25T00:59:04Z</time>
    <extensions>
     <gpxtpx:TrackPointExtension>
      <gpxtpx:hr>165</gpxtpx:hr>
     </gpxtpx:TrackPointExtension>
    </extensions>
   </trkpt>
   <trkpt lat="27.7024230" lon="85.3223270">
    <ele>1290.0</ele>
    <time>2025-10-25T00:59:05Z</time>
    <extensions>
     <gpxtpx:TrackPointExtension>
      <gpxtpx:hr>165</gpxtpx:hr>
     </gpxtpx:TrackPointExtension>
    </extensions>
   </trkpt>
   <trkpt lat="27.7024470" lon="85.3223310">
    <ele>1290.0</ele>
    <time>2025-10-25T00:59:06Z</time>
    <extensions>
     <gpxtpx:TrackPointExtension>
      <gpxtpx:hr>165</gpxtpx:hr>
     </gpxtpx:TrackPointExtension>
    </extensions>
   </trkpt>
   <trkpt lat="27.7024710" lon="85.3223350">
    <ele>1290.0</ele>
    <time>2025-10-25T00:59:07Z</time>
    <extensions>
     <gpxtpx:TrackPointExtension>
      <gpxtpx:hr>165</gpxtpx:hr>
     </gpxtpx:TrackPointExtension>
    </extensions>
   </trkpt>
   <trkpt lat="27.7024950" lon="85.3223370">
    <ele>1290.0</ele>
    <time>2025-10-25T00:59:08Z</time>
    <extensions>
     <gpxtpx:TrackPointExtension>
      <gpxtpx:hr>165</gpxtpx:hr>
     </gpxtpx:TrackPointExtension>
    </extensions>
   </trkpt>
   <trkpt lat="27.7025190" lon="85.3223400">
    <ele>1290.0</ele>
    <time>2025-10-25T00:59:09Z</time>
    <extensions>
     <gpxtpx:TrackPointExtension>
      <gpxtpx:hr>165</gpxtpx:hr>
     </gpxtpx:TrackPointExtension>
    </extensions>
   </trkpt>
   <trkpt lat="27.7025430" lon="85.3223420">
    <ele>1290.0</ele>
    <time>2025-10-25T00:59:10Z</time>
    <extensions>
     <gpxtpx:TrackPointExtension>
      <gpxtpx:hr>165</gpxtpx:hr>
     </gpxtpx:TrackPointExtension>
    </extensions>
   </trkpt>
   <trkpt lat="27.7025670" lon="85.3223430">
    <ele>1289.8</ele>
    <time>2025-10-25T00:59:11Z</time>
    <extensions>
     <gpxtpx:TrackPointExtension>
      <gpxtpx:hr>165</gpxtpx:hr>
     </gpxtpx:TrackPointExtension>
    </extensions>
   </trkpt>
   <trkpt lat="27.7025900" lon="85.3223440">
    <ele>1289.8</ele>
    <time>2025-10-25T00:59:12Z</time>
    <extensions>
     <gpxtpx:TrackPointExtension>
      <gpxtpx:hr>165</gpxtpx:hr>
     </gpxtpx:TrackPointExtension>
    </extensions>
   </trkpt>
   <trkpt lat="27.7026120" lon="85.3223450">
    <ele>1289.8</ele>
    <time>2025-10-25T00:59:13Z</time>
    <extensions>
     <gpxtpx:TrackPointExtension>
      <gpxtpx:hr>165</gpxtpx:hr>
     </gpxtpx:TrackPointExtension>
    </extensions>
   </trkpt>
   <trkpt lat="27.7026330" lon="85.3223460">
    <ele>1289.8</ele>
    <time>2025-10-25T00:59:14Z</time>
    <extensions>
     <gpxtpx:TrackPointExtension>
      <gpxtpx:hr>165</gpxtpx:hr>
     </gpxtpx:TrackPointExtension>
    </extensions>
   </trkpt>
   <trkpt lat="27.7026540" lon="85.3223470">
    <ele>1289.8</ele>
    <time>2025-10-25T00:59:15Z</time>
    <extensions>
     <gpxtpx:TrackPointExtension>
      <gpxtpx:hr>165</gpxtpx:hr>
     </gpxtpx:TrackPointExtension>
    </extensions>
   </trkpt>
   <trkpt lat="27.7026770" lon="85.3223490">
    <ele>1289.8</ele>
    <time>2025-10-25T00:59:16Z</time>
    <extensions>
     <gpxtpx:TrackPointExtension>
      <gpxtpx:hr>165</gpxtpx:hr>
     </gpxtpx:TrackPointExtension>
    </extensions>
   </trkpt>
   <trkpt lat="27.7027000" lon="85.3223500">
    <ele>1289.8</ele>
    <time>2025-10-25T00:59:17Z</time>
    <extensions>
     <gpxtpx:TrackPointExtension>
      <gpxtpx:hr>165</gpxtpx:hr>
     </gpxtpx:TrackPointExtension>
    </extensions>
   </trkpt>
   <trkpt lat="27.7027230" lon="85.3223520">
    <ele>1289.8</ele>
    <time>2025-10-25T00:59:18Z</time>
    <extensions>
     <gpxtpx:TrackPointExtension>
      <gpxtpx:hr>165</gpxtpx:hr>
     </gpxtpx:TrackPointExtension>
    </extensions>
   </trkpt>
   <trkpt lat="27.7027470" lon="85.3223540">
    <ele>1289.8</ele>
    <time>2025-10-25T00:59:19Z</time>
    <extensions>
     <gpxtpx:TrackPointExtension>
      <gpxtpx:hr>165</gpxtpx:hr>
     </gpxtpx:TrackPointExtension>
    </extensions>
   </trkpt>
   <trkpt lat="27.7027710" lon="85.3223570">
    <ele>1289.8</ele>
    <time>2025-10-25T00:59:20Z</time>
    <extensions>
     <gpxtpx:TrackPointExtension>
      <gpxtpx:hr>165</gpxtpx:hr>
     </gpxtpx:TrackPointExtension>
    </extensions>
   </trkpt>
   <trkpt lat="27.7027960" lon="85.3223610">
    <ele>1289.8</ele>
    <time>2025-10-25T00:59:21Z</time>
    <extensions>
     <gpxtpx:TrackPointExtension>
      <gpxtpx:hr>165</gpxtpx:hr>
     </gpxtpx:TrackPointExtension>
    </extensions>
   </trkpt>
   <trkpt lat="27.7028210" lon="85.3223640">
    <ele>1289.8</ele>
    <time>2025-10-25T00:59:22Z</time>
    <extensions>
     <gpxtpx:TrackPointExtension>
      <gpxtpx:hr>165</gpxtpx:hr>
     </gpxtpx:TrackPointExtension>
    </extensions>
   </trkpt>
   <trkpt lat="27.7028450" lon="85.3223680">
    <ele>1289.8</ele>
    <time>2025-10-25T00:59:23Z</time>
    <extensions>
     <gpxtpx:TrackPointExtension>
      <gpxtpx:hr>165</gpxtpx:hr>
     </gpxtpx:TrackPointExtension>
    </extensions>
   </trkpt>
   <trkpt lat="27.7028690" lon="85.3223720">
    <ele>1289.8</ele>
    <time>2025-10-25T00:59:24Z</time>
    <extensions>
     <gpxtpx:TrackPointExtension>
      <gpxtpx:hr>165</gpxtpx:hr>
     </gpxtpx:TrackPointExtension>
    </extensions>
   </trkpt>
   <trkpt lat="27.7028930" lon="85.3223760">
    <ele>1289.8</ele>
    <time>2025-10-25T00:59:25Z</time>
    <extensions>
     <gpxtpx:TrackPointExtension>
      <gpxtpx:hr>165</gpxtpx:hr>
     </gpxtpx:TrackPointExtension>
    </extensions>
   </trkpt>
   <trkpt lat="27.7029170" lon="85.3223800">
    <ele>1289.8</ele>
    <time>2025-10-25T00:59:26Z</time>
    <extensions>
     <gpxtpx:TrackPointExtension>
      <gpxtpx:hr>165</gpxtpx:hr>
     </gpxtpx:TrackPointExtension>
    </extensions>
   </trkpt>
   <trkpt lat="27.7029420" lon="85.3223850">
    <ele>1289.8</ele>
    <time>2025-10-25T00:59:27Z</time>
    <extensions>
     <gpxtpx:TrackPointExtension>
      <gpxtpx:hr>165</gpxtpx:hr>
     </gpxtpx:TrackPointExtension>
    </extensions>
   </trkpt>
   <trkpt lat="27.7029670" lon="85.3223900">
    <ele>1289.8</ele>
    <time>2025-10-25T00:59:28Z</time>
    <extensions>
     <gpxtpx:TrackPointExtension>
      <gpxtpx:hr>165</gpxtpx:hr>
     </gpxtpx:TrackPointExtension>
    </extensions>
   </trkpt>
   <trkpt lat="27.7029920" lon="85.3223950">
    <ele>1289.8</ele>
    <time>2025-10-25T00:59:29Z</time>
    <extensions>
     <gpxtpx:TrackPointExtension>
      <gpxtpx:hr>165</gpxtpx:hr>
     </gpxtpx:TrackPointExtension>
    </extensions>
   </trkpt>
   <trkpt lat="27.7030170" lon="85.3224010">
    <ele>1289.8</ele>
    <time>2025-10-25T00:59:30Z</time>
    <extensions>
     <gpxtpx:TrackPointExtension>
      <gpxtpx:hr>165</gpxtpx:hr>
     </gpxtpx:TrackPointExtension>
    </extensions>
   </trkpt>
   <trkpt lat="27.7030420" lon="85.3224060">
    <ele>1289.8</ele>
    <time>2025-10-25T00:59:31Z</time>
    <extensions>
     <gpxtpx:TrackPointExtension>
      <gpxtpx:hr>165</gpxtpx:hr>
     </gpxtpx:TrackPointExtension>
    </extensions>
   </trkpt>
   <trkpt lat="27.7030660" lon="85.3224110">
    <ele>1289.8</ele>
    <time>2025-10-25T00:59:32Z</time>
    <extensions>
     <gpxtpx:TrackPointExtension>
      <gpxtpx:hr>165</gpxtpx:hr>
     </gpxtpx:TrackPointExtension>
    </extensions>
   </trkpt>
   <trkpt lat="27.7030910" lon="85.3224170">
    <ele>1289.8</ele>
    <time>2025-10-25T00:59:33Z</time>
    <extensions>
     <gpxtpx:TrackPointExtension>
      <gpxtpx:hr>165</gpxtpx:hr>
     </gpxtpx:TrackPointExtension>
    </extensions>
   </trkpt>
   <trkpt lat="27.7031160" lon="85.3224220">
    <ele>1289.8</ele>
    <time>2025-10-25T00:59:34Z</time>
    <extensions>
     <gpxtpx:TrackPointExtension>
      <gpxtpx:hr>165</gpxtpx:hr>
     </gpxtpx:TrackPointExtension>
    </extensions>
   </trkpt>
   <trkpt lat="27.7031410" lon="85.3224280">
    <ele>1289.8</ele>
    <time>2025-10-25T00:59:35Z</time>
    <extensions>
     <gpxtpx:TrackPointExtension>
      <gpxtpx:hr>165</gpxtpx:hr>
     </gpxtpx:TrackPointExtension>
    </extensions>
   </trkpt>
   <trkpt lat="27.7031670" lon="85.3224340">
    <ele>1289.8</ele>
    <time>2025-10-25T00:59:36Z</time>
    <extensions>
     <gpxtpx:TrackPointExtension>
      <gpxtpx:hr>165</gpxtpx:hr>
     </gpxtpx:TrackPointExtension>
    </extensions>
   </trkpt>
   <trkpt lat="27.7031920" lon="85.3224410">
    <ele>1289.8</ele>
    <time>2025-10-25T00:59:37Z</time>
    <extensions>
     <gpxtpx:TrackPointExtension>
      <gpxtpx:hr>165</gpxtpx:hr>
     </gpxtpx:TrackPointExtension>
    </extensions>
   </trkpt>
   <trkpt lat="27.7032170" lon="85.3224470">
    <ele>1289.8</ele>
    <time>2025-10-25T00:59:38Z</time>
    <extensions>
     <gpxtpx:TrackPointExtension>
      <gpxtpx:hr>165</gpxtpx:hr>
     </gpxtpx:TrackPointExtension>
    </extensions>
   </trkpt>
   <trkpt lat="27.7032410" lon="85.3224540">
    <ele>1289.8</ele>
    <time>2025-10-25T00:59:39Z</time>
    <extensions>
     <gpxtpx:TrackPointExtension>
      <gpxtpx:hr>165</gpxtpx:hr>
     </gpxtpx:TrackPointExtension>
    </extensions>
   </trkpt>
   <trkpt lat="27.7032650" lon="85.3224590">
    <ele>1289.8</ele>
    <time>2025-10-25T00:59:40Z</time>
    <extensions>
     <gpxtpx:TrackPointExtension>
      <gpxtpx:hr>165</gpxtpx:hr>
     </gpxtpx:TrackPointExtension>
    </extensions>
   </trkpt>
   <trkpt lat="27.7032890" lon="85.3224650">
    <ele>1289.8</ele>
    <time>2025-10-25T00:59:41Z</time>
    <extensions>
     <gpxtpx:TrackPointExtension>
      <gpxtpx:hr>165</gpxtpx:hr>
     </gpxtpx:TrackPointExtension>
    </extensions>
   </trkpt>
   <trkpt lat="27.7033140" lon="85.3224710">
    <ele>1289.8</ele>
    <time>2025-10-25T00:59:42Z</time>
    <extensions>
     <gpxtpx:TrackPointExtension>
      <gpxtpx:hr>165</gpxtpx:hr>
     </gpxtpx:TrackPointExtension>
    </extensions>
   </trkpt>
   <trkpt lat="27.7033400" lon="85.3224760">
    <ele>1289.8</ele>
    <time>2025-10-25T00:59:43Z</time>
    <extensions>
     <gpxtpx:TrackPointExtension>
      <gpxtpx:hr>165</gpxtpx:hr>
     </gpxtpx:TrackPointExtension>
    </extensions>
   </trkpt>
   <trkpt lat="27.7033660" lon="85.3224810">
    <ele>1289.8</ele>
    <time>2025-10-25T00:59:44Z</time>
    <extensions>
     <gpxtpx:TrackPointExtension>
      <gpxtpx:hr>165</gpxtpx:hr>
     </gpxtpx:TrackPointExtension>
    </extensions>
   </trkpt>
   <trkpt lat="27.7033910" lon="85.3224850">
    <ele>1289.8</ele>
    <time>2025-10-25T00:59:45Z</time>
    <extensions>
     <gpxtpx:TrackPointExtension>
      <gpxtpx:hr>165</gpxtpx:hr>
     </gpxtpx:TrackPointExtension>
    </extensions>
   </trkpt>
   <trkpt lat="27.7034170" lon="85.3224900">
    <ele>1289.8</ele>
    <time>2025-10-25T00:59:46Z</time>
    <extensions>
     <gpxtpx:TrackPointExtension>
      <gpxtpx:hr>165</gpxtpx:hr>
     </gpxtpx:TrackPointExtension>
    </extensions>
   </trkpt>
   <trkpt lat="27.7034430" lon="85.3224940">
    <ele>1289.8</ele>
    <time>2025-10-25T00:59:47Z</time>
    <extensions>
     <gpxtpx:TrackPointExtension>
      <gpxtpx:hr>165</gpxtpx:hr>
     </gpxtpx:TrackPointExtension>
    </extensions>
   </trkpt>
   <trkpt lat="27.7034680" lon="85.3224970">
    <ele>1289.8</ele>
    <time>2025-10-25T00:59:48Z</time>
    <extensions>
     <gpxtpx:TrackPointExtension>
      <gpxtpx:hr>165</gpxtpx:hr>
     </gpxtpx:TrackPointExtension>
    </extensions>
   </trkpt>
   <trkpt lat="27.7034940" lon="85.3225000">
    <ele>1289.8</ele>
    <time>2025-10-25T00:59:49Z</time>
    <extensions>
     <gpxtpx:TrackPointExtension>
      <gpxtpx:hr>165</gpxtpx:hr>
     </gpxtpx:TrackPointExtension>
    </extensions>
   </trkpt>
   <trkpt lat="27.7035190" lon="85.3225030">
    <ele>1289.8</ele>
    <time>2025-10-25T00:59:50Z</time>
    <extensions>
     <gpxtpx:TrackPointExtension>
      <gpxtpx:hr>165</gpxtpx:hr>
     </gpxtpx:TrackPointExtension>
    </extensions>
   </trkpt>
   <trkpt lat="27.7035440" lon="85.3225060">
    <ele>1289.8</ele>
    <time>2025-10-25T00:59:51Z</time>
    <extensions>
     <gpxtpx:TrackPointExtension>
      <gpxtpx:hr>165</gpxtpx:hr>
     </gpxtpx:TrackPointExtension>
    </extensions>
   </trkpt>
   <trkpt lat="27.7035700" lon="85.3225080">
    <ele>1289.8</ele>
    <time>2025-10-25T00:59:52Z</time>
    <extensions>
     <gpxtpx:TrackPointExtension>
      <gpxtpx:hr>165</gpxtpx:hr>
     </gpxtpx:TrackPointExtension>
    </extensions>
   </trkpt>
   <trkpt lat="27.7035960" lon="85.3225110">
    <ele>1289.8</ele>
    <time>2025-10-25T00:59:53Z</time>
    <extensions>
     <gpxtpx:TrackPointExtension>
      <gpxtpx:hr>165</gpxtpx:hr>
     </gpxtpx:TrackPointExtension>
    </extensions>
   </trkpt>
   <trkpt lat="27.7036220" lon="85.3225140">
    <ele>1289.8</ele>
    <time>2025-10-25T00:59:54Z</time>
    <extensions>
     <gpxtpx:TrackPointExtension>
      <gpxtpx:hr>165</gpxtpx:hr>
     </gpxtpx:TrackPointExtension>
    </extensions>
   </trkpt>
   <trkpt lat="27.7036480" lon="85.3225180">
    <ele>1289.8</ele>
    <time>2025-10-25T00:59:55Z</time>
    <extensions>
     <gpxtpx:TrackPointExtension>
      <gpxtpx:hr>165</gpxtpx:hr>
     </gpxtpx:TrackPointExtension>
    </extensions>
   </trkpt>
   <trkpt lat="27.7036730" lon="85.3225220">
    <ele>1289.8</ele>
    <time>2025-10-25T00:59:56Z</time>
    <extensions>
     <gpxtpx:TrackPointExtension>
      <gpxtpx:hr>165</gpxtpx:hr>
     </gpxtpx:TrackPointExtension>
    </extensions>
   </trkpt>
   <trkpt lat="27.7036990" lon="85.3225260">
    <ele>1289.8</ele>
    <time>2025-10-25T00:59:57Z</time>
    <extensions>
     <gpxtpx:TrackPointExtension>
      <gpxtpx:hr>165</gpxtpx:hr>
     </gpxtpx:TrackPointExtension>
    </extensions>
   </trkpt>
   <trkpt lat="27.7037240" lon="85.3225300">
    <ele>1289.8</ele>
    <time>2025-10-25T00:59:58Z</time>
    <extensions>
     <gpxtpx:TrackPointExtension>
      <gpxtpx:hr>165</gpxtpx:hr>
     </gpxtpx:TrackPointExtension>
    </extensions>
   </trkpt>
   <trkpt lat="27.7037500" lon="85.3225340">
    <ele>1289.8</ele>
    <time>2025-10-25T00:59:59Z</time>
    <extensions>
     <gpxtpx:TrackPointExtension>
      <gpxtpx:hr>165</gpxtpx:hr>
     </gpxtpx:TrackPointExtension>
    </extensions>
   </trkpt>
   <trkpt lat="27.7037760" lon="85.3225380">
    <ele>1289.8</ele>
    <time>2025-10-25T01:00:00Z</time>
    <extensions>
     <gpxtpx:TrackPointExtension>
      <gpxtpx:hr>165</gpxtpx:hr>
     </gpxtpx:TrackPointExtension>
    </extensions>
   </trkpt>
   <trkpt lat="27.7038020" lon="85.3225420">
    <ele>1289.8</ele>
    <time>2025-10-25T01:00:01Z</time>
    <extensions>
     <gpxtpx:TrackPointExtension>
      <gpxtpx:hr>165</gpxtpx:hr>
     </gpxtpx:TrackPointExtension>
    </extensions>
   </trkpt>
   <trkpt lat="27.7038290" lon="85.3225460">
    <ele>1289.8</ele>
    <time>2025-10-25T01:00:02Z</time>
    <extensions>
     <gpxtpx:TrackPointExtension>
      <gpxtpx:hr>165</gpxtpx:hr>
     </gpxtpx:TrackPointExtension>
    </extensions>
   </trkpt>
   <trkpt lat="27.7038560" lon="85.3225500">
    <ele>1289.8</ele>
    <time>2025-10-25T01:00:03Z</time>
    <extensions>
     <gpxtpx:TrackPointExtension>
      <gpxtpx:hr>165</gpxtpx:hr>
     </gpxtpx:TrackPointExtension>
    </extensions>
   </trkpt>
   <trkpt lat="27.7038820" lon="85.3225530">
    <ele>1289.8</ele>
    <time>2025-10-25T01:00:04Z</time>
    <extensions>
     <gpxtpx:TrackPointExtension>
      <gpxtpx:hr>165</gpxtpx:hr>
     </gpxtpx:TrackPointExtension>
    </extensions>
   </trkpt>
   <trkpt lat="27.7039080" lon="85.3225570">
    <ele>1289.8</ele>
    <time>2025-10-25T01:00:05Z</time>
    <extensions>
     <gpxtpx:TrackPointExtension>
      <gpxtpx:hr>165</gpxtpx:hr>
     </gpxtpx:TrackPointExtension>
    </extensions>
   </trkpt>
   <trkpt lat="27.7039330" lon="85.3225610">
    <ele>1289.8</ele>
    <time>2025-10-25T01:00:06Z</time>
    <extensions>
     <gpxtpx:TrackPointExtension>
      <gpxtpx:hr>165</gpxtpx:hr>
     </gpxtpx:TrackPointExtension>
    </extensions>
   </trkpt>
   <trkpt lat="27.7039580" lon="85.3225650">
    <ele>1289.8</ele>
    <time>2025-10-25T01:00:07Z</time>
    <extensions>
     <gpxtpx:TrackPointExtension>
      <gpxtpx:hr>165</gpxtpx:hr>
     </gpxtpx:TrackPointExtension>
    </extensions>
   </trkpt>
   <trkpt lat="27.7039830" lon="85.3225690">
    <ele>1289.8</ele>
    <time>2025-10-25T01:00:08Z</time>
    <extensions>
     <gpxtpx:TrackPointExtension>
      <gpxtpx:hr>165</gpxtpx:hr>
     </gpxtpx:TrackPointExtension>
    </extensions>
   </trkpt>
   <trkpt lat="27.7040080" lon="85.3225730">
    <ele>1289.8</ele>
    <time>2025-10-25T01:00:09Z</time>
    <extensions>
     <gpxtpx:TrackPointExtension>
      <gpxtpx:hr>165</gpxtpx:hr>
     </gpxtpx:TrackPointExtension>
    </extensions>
   </trkpt>
   <trkpt lat="27.7040320" lon="85.3225780">
    <ele>1289.8</ele>
    <time>2025-10-25T01:00:10Z</time>
    <extensions>
     <gpxtpx:TrackPointExtension>
      <gpxtpx:hr>165</gpxtpx:hr>
     </gpxtpx:TrackPointExtension>
    </extensions>
   </trkpt>
   <trkpt lat="27.7040560" lon="85.3225820">
    <ele>1289.8</ele>
    <time>2025-10-25T01:00:11Z</time>
    <extensions>
     <gpxtpx:TrackPointExtension>
      <gpxtpx:hr>165</gpxtpx:hr>
     </gpxtpx:TrackPointExtension>
    </extensions>
   </trkpt>
   <trkpt lat="27.7040800" lon="85.3225860">
    <ele>1289.8</ele>
    <time>2025-10-25T01:00:12Z</time>
    <extensions>
     <gpxtpx:TrackPointExtension>
      <gpxtpx:hr>165</gpxtpx:hr>
     </gpxtpx:TrackPointExtension>
    </extensions>
   </trkpt>
   <trkpt lat="27.7041030" lon="85.3225910">
    <ele>1289.8</ele>
    <time>2025-10-25T01:00:13Z</time>
    <extensions>
     <gpxtpx:TrackPointExtension>
      <gpxtpx:hr>165</gpxtpx:hr>
     </gpxtpx:TrackPointExtension>
    </extensions>
   </trkpt>
   <trkpt lat="27.7041250" lon="85.3225950">
    <ele>1289.8</ele>
    <time>2025-10-25T01:00:14Z</time>
    <extensions>
     <gpxtpx:TrackPointExtension>
      <gpxtpx:hr>165</gpxtpx:hr>
     </gpxtpx:TrackPointExtension>
    </extensions>
   </trkpt>
   <trkpt lat="27.7041490" lon="85.3225980">
    <ele>1289.8</ele>
    <time>2025-10-25T01:00:15Z</time>
    <extensions>
     <gpxtpx:TrackPointExtension>
      <gpxtpx:hr>165</gpxtpx:hr>
     </gpxtpx:TrackPointExtension>
    </extensions>
   </trkpt>
   <trkpt lat="27.7041720" lon="85.3226020">
    <ele>1289.8</ele>
    <time>2025-10-25T01:00:16Z</time>
    <extensions>
     <gpxtpx:TrackPointExtension>
      <gpxtpx:hr>165</gpxtpx:hr>
     </gpxtpx:TrackPointExtension>
    </extensions>
   </trkpt>
   <trkpt lat="27.7041960" lon="85.3226050">
    <ele>1289.8</ele>
    <time>2025-10-25T01:00:17Z</time>
    <extensions>
     <gpxtpx:TrackPointExtension>
      <gpxtpx:hr>165</gpxtpx:hr>
     </gpxtpx:TrackPointExtension>
    </extensions>
   </trkpt>
   <trkpt lat="27.7042210" lon="85.3226080">
    <ele>1289.8</ele>
    <time>2025-10-25T01:00:18Z</time>
    <extensions>
     <gpxtpx:TrackPointExtension>
      <gpxtpx:hr>165</gpxtpx:hr>
     </gpxtpx:TrackPointExtension>
    </extensions>
   </trkpt>
   <trkpt lat="27.7042460" lon="85.3226120">
    <ele>1290.0</ele>
    <time>2025-10-25T01:00:19Z</time>
    <extensions>
     <gpxtpx:TrackPointExtension>
      <gpxtpx:hr>165</gpxtpx:hr>
     </gpxtpx:TrackPointExtension>
    </extensions>
   </trkpt>
   <trkpt lat="27.7042700" lon="85.3226150">
    <ele>1290.0</ele>
    <time>2025-10-25T01:00:20Z</time>
    <extensions>
     <gpxtpx:TrackPointExtension>
      <gpxtpx:hr>165</gpxtpx:hr>
     </gpxtpx:TrackPointExtension>
    </extensions>
   </trkpt>
   <trkpt lat="27.7042950" lon="85.3226190">
    <ele>1290.0</ele>
    <time>2025-10-25T01:00:21Z</time>
    <extensions>
     <gpxtpx:TrackPointExtension>
      <gpxtpx:hr>165</gpxtpx:hr>
     </gpxtpx:TrackPointExtension>
    </extensions>
   </trkpt>
   <trkpt lat="27.7043190" lon="85.3226230">
    <ele>1290.0</ele>
    <time>2025-10-25T01:00:22Z</time>
    <extensions>
     <gpxtpx:TrackPointExtension>
      <gpxtpx:hr>165</gpxtpx:hr>
     </gpxtpx:TrackPointExtension>
    </extensions>
   </trkpt>
   <trkpt lat="27.7043440" lon="85.3226270">
    <ele>1290.0</ele>
    <time>2025-10-25T01:00:23Z</time>
    <extensions>
     <gpxtpx:TrackPointExtension>
      <gpxtpx:hr>165</gpxtpx:hr>
     </gpxtpx:TrackPointExtension>
    </extensions>
   </trkpt>
   <trkpt lat="27.7043680" lon="85.3226300">
    <ele>1290.0</ele>
    <time>2025-10-25T01:00:24Z</time>
    <extensions>
     <gpxtpx:TrackPointExtension>
      <gpxtpx:hr>165</gpxtpx:hr>
     </gpxtpx:TrackPointExtension>
    </extensions>
   </trkpt>
   <trkpt lat="27.7043920" lon="85.3226340">
    <ele>1290.0</ele>
    <time>2025-10-25T01:00:25Z</time>
    <extensions>
     <gpxtpx:TrackPointExtension>
      <gpxtpx:hr>165</gpxtpx:hr>
     </gpxtpx:TrackPointExtension>
    </extensions>
   </trkpt>
   <trkpt lat="27.7044160" lon="85.3226390">
    <ele>1290.0</ele>
    <time>2025-10-25T01:00:26Z</time>
    <extensions>
     <gpxtpx:TrackPointExtension>
      <gpxtpx:hr>165</gpxtpx:hr>
     </gpxtpx:TrackPointExtension>
    </extensions>
   </trkpt>
   <trkpt lat="27.7044400" lon="85.3226430">
    <ele>1290.0</ele>
    <time>2025-10-25T01:00:27Z</time>
    <extensions>
     <gpxtpx:TrackPointExtension>
      <gpxtpx:hr>165</gpxtpx:hr>
     </gpxtpx:TrackPointExtension>
    </extensions>
   </trkpt>
   <trkpt lat="27.7044640" lon="85.3226470">
    <ele>1290.0</ele>
    <time>2025-10-25T01:00:28Z</time>
    <extensions>
     <gpxtpx:TrackPointExtension>
      <gpxtpx:hr>165</gpxtpx:hr>
     </gpxtpx:TrackPointExtension>
    </extensions>
   </trkpt>
   <trkpt lat="27.7044880" lon="85.3226520">
    <ele>1290.0</ele>
    <time>2025-10-25T01:00:29Z</time>
    <extensions>
     <gpxtpx:TrackPointExtension>
      <gpxtpx:hr>165</gpxtpx:hr>
     </gpxtpx:TrackPointExtension>
    </extensions>
   </trkpt>
   <trkpt lat="27.7045130" lon="85.3226570">
    <ele>1290.0</ele>
    <time>2025-10-25T01:00:30Z</time>
    <extensions>
     <gpxtpx:TrackPointExtension>
      <gpxtpx:hr>165</gpxtpx:hr>
     </gpxtpx:TrackPointExtension>
    </extensions>
   </trkpt>
   <trkpt lat="27.7045370" lon="85.3226620">
    <ele>1290.0</ele>
    <time>2025-10-25T01:00:31Z</time>
    <extensions>
     <gpxtpx:TrackPointExtension>
      <gpxtpx:hr>165</gpxtpx:hr>
     </gpxtpx:TrackPointExtension>
    </extensions>
   </trkpt>
   <trkpt lat="27.7045620" lon="85.3226670">
    <ele>1290.2</ele>
    <time>2025-10-25T01:00:32Z</time>
    <extensions>
     <gpxtpx:TrackPointExtension>
      <gpxtpx:hr>165</gpxtpx:hr>
     </gpxtpx:TrackPointExtension>
    </extensions>
   </trkpt>
   <trkpt lat="27.7045860" lon="85.3226720">
    <ele>1290.2</ele>
    <time>2025-10-25T01:00:33Z</time>
    <extensions>
     <gpxtpx:TrackPointExtension>
      <gpxtpx:hr>165</gpxtpx:hr>
     </gpxtpx:TrackPointExtension>
    </extensions>
   </trkpt>
   <trkpt lat="27.7046100" lon="85.3226770">
    <ele>1290.2</ele>
    <time>2025-10-25T01:00:34Z</time>
    <extensions>
     <gpxtpx:TrackPointExtension>
      <gpxtpx:hr>165</gpxtpx:hr>
     </gpxtpx:TrackPointExtension>
    </extensions>
   </trkpt>
   <trkpt lat="27.7046350" lon="85.3226820">
    <ele>1290.2</ele>
    <time>2025-10-25T01:00:35Z</time>
    <extensions>
     <gpxtpx:TrackPointExtension>
      <gpxtpx:hr>165</gpxtpx:hr>
     </gpxtpx:TrackPointExtension>
    </extensions>
   </trkpt>
   <trkpt lat="27.7046590" lon="85.3226860">
    <ele>1290.2</ele>
    <time>2025-10-25T01:00:36Z</time>
    <extensions>
     <gpxtpx:TrackPointExtension>
      <gpxtpx:hr>165</gpxtpx:hr>
     </gpxtpx:TrackPointExtension>
    </extensions>
   </trkpt>
   <trkpt lat="27.7046840" lon="85.3226900">
    <ele>1290.2</ele>
    <time>2025-10-25T01:00:37Z</time>
    <extensions>
     <gpxtpx:TrackPointExtension>
      <gpxtpx:hr>165</gpxtpx:hr>
     </gpxtpx:TrackPointExtension>
    </extensions>
   </trkpt>
   <trkpt lat="27.7047080" lon="85.3226940">
    <ele>1290.2</ele>
    <time>2025-10-25T01:00:38Z</time>
    <extensions>
     <gpxtpx:TrackPointExtension>
      <gpxtpx:hr>165</gpxtpx:hr>
     </gpxtpx:TrackPointExtension>
    </extensions>
   </trkpt>
   <trkpt lat="27.7047320" lon="85.3226970">
    <ele>1290.2</ele>
    <time>2025-10-25T01:00:39Z</time>
    <extensions>
     <gpxtpx:TrackPointExtension>
      <gpxtpx:hr>165</gpxtpx:hr>
     </gpxtpx:TrackPointExtension>
    </extensions>
   </trkpt>
   <trkpt lat="27.7047570" lon="85.3227000">
    <ele>1290.2</ele>
    <time>2025-10-25T01:00:40Z</time>
    <extensions>
     <gpxtpx:TrackPointExtension>
      <gpxtpx:hr>165</gpxtpx:hr>
     </gpxtpx:TrackPointExtension>
    </extensions>
   </trkpt>
   <trkpt lat="27.7047820" lon="85.3227040">
    <ele>1290.4</ele>
    <time>2025-10-25T01:00:41Z</time>
    <extensions>
     <gpxtpx:TrackPointExtension>
      <gpxtpx:hr>165</gpxtpx:hr>
     </gpxtpx:TrackPointExtension>
    </extensions>
   </trkpt>
   <trkpt lat="27.7048060" lon="85.3227080">
    <ele>1290.4</ele>
    <time>2025-10-25T01:00:42Z</time>
    <extensions>
     <gpxtpx:TrackPointExtension>
      <gpxtpx:hr>165</gpxtpx:hr>
     </gpxtpx:TrackPointExtension>
    </extensions>
   </trkpt>
   <trkpt lat="27.7048310" lon="85.3227130">
    <ele>1290.4</ele>
    <time>2025-10-25T01:00:43Z</time>
    <extensions>
     <gpxtpx:TrackPointExtension>
      <gpxtpx:hr>165</gpxtpx:hr>
     </gpxtpx:TrackPointExtension>
    </extensions>
   </trkpt>
   <trkpt lat="27.7048560" lon="85.3227170">
    <ele>1290.4</ele>
    <time>2025-10-25T01:00:44Z</time>
    <extensions>
     <gpxtpx:TrackPointExtension>
      <gpxtpx:hr>165</gpxtpx:hr>
     </gpxtpx:TrackPointExtension>
    </extensions>
   </trkpt>
   <trkpt lat="27.7048810" lon="85.3227220">
    <ele>1290.4</ele>
    <time>2025-10-25T01:00:45Z</time>
    <extensions>
     <gpxtpx:TrackPointExtension>
      <gpxtpx:hr>165</gpxtpx:hr>
     </gpxtpx:TrackPointExtension>
    </extensions>
   </trkpt>
   <trkpt lat="27.7049050" lon="85.3227270">
    <ele>1290.4</ele>
    <time>2025-10-25T01:00:46Z</time>
    <extensions>
     <gpxtpx:TrackPointExtension>
      <gpxtpx:hr>165</gpxtpx:hr>
     </gpxtpx:TrackPointExtension>
    </extensions>
   </trkpt>
   <trkpt lat="27.7049300" lon="85.3227320">
    <ele>1290.4</ele>
    <time>2025-10-25T01:00:47Z</time>
    <extensions>
     <gpxtpx:TrackPointExtension>
      <gpxtpx:hr>165</gpxtpx:hr>
     </gpxtpx:TrackPointExtension>
    </extensions>
   </trkpt>
   <trkpt lat="27.7049550" lon="85.3227360">
    <ele>1290.4</ele>
    <time>2025-10-25T01:00:48Z</time>
    <extensions>
     <gpxtpx:TrackPointExtension>
      <gpxtpx:hr>165</gpxtpx:hr>
     </gpxtpx:TrackPointExtension>
    </extensions>
   </trkpt>
   <trkpt lat="27.7049800" lon="85.3227400">
    <ele>1290.4</ele>
    <time>2025-10-25T01:00:49Z</time>
    <extensions>
     <gpxtpx:TrackPointExtension>
      <gpxtpx:hr>165</gpxtpx:hr>
     </gpxtpx:TrackPointExtension>
    </extensions>
   </trkpt>
   <trkpt lat="27.7050050" lon="85.3227440">
    <ele>1290.6</ele>
    <time>2025-10-25T01:00:50Z</time>
    <extensions>
     <gpxtpx:TrackPointExtension>
      <gpxtpx:hr>165</gpxtpx:hr>
     </gpxtpx:TrackPointExtension>
    </extensions>
   </trkpt>
   <trkpt lat="27.7050300" lon="85.3227470">
    <ele>1290.6</ele>
    <time>2025-10-25T01:00:51Z</time>
    <extensions>
     <gpxtpx:TrackPointExtension>
      <gpxtpx:hr>165</gpxtpx:hr>
     </gpxtpx:TrackPointExtension>
    </extensions>
   </trkpt>
   <trkpt lat="27.7050550" lon="85.3227490">
    <ele>1290.6</ele>
    <time>2025-10-25T01:00:52Z</time>
    <extensions>
     <gpxtpx:TrackPointExtension>
      <gpxtpx:hr>165</gpxtpx:hr>
     </gpxtpx:TrackPointExtension>
    </extensions>
   </trkpt>
   <trkpt lat="27.7050790" lon="85.3227510">
    <ele>1290.6</ele>
    <time>2025-10-25T01:00:53Z</time>
    <extensions>
     <gpxtpx:TrackPointExtension>
      <gpxtpx:hr>165</gpxtpx:hr>
     </gpxtpx:TrackPointExtension>
    </extensions>
   </trkpt>
   <trkpt lat="27.7051040" lon="85.3227530">
    <ele>1290.6</ele>
    <time>2025-10-25T01:00:54Z</time>
    <extensions>
     <gpxtpx:TrackPointExtension>
      <gpxtpx:hr>165</gpxtpx:hr>
     </gpxtpx:TrackPointExtension>
    </extensions>
   </trkpt>
   <trkpt lat="27.7051290" lon="85.3227540">
    <ele>1290.6</ele>
    <time>2025-10-25T01:00:55Z</time>
    <extensions>
     <gpxtpx:TrackPointExtension>
      <gpxtpx:hr>165</gpxtpx:hr>
     </gpxtpx:TrackPointExtension>
    </extensions>
   </trkpt>
   <trkpt lat="27.7051530" lon="85.3227560">
    <ele>1290.8</ele>
    <time>2025-10-25T01:00:56Z</time>
    <extensions>
     <gpxtpx:TrackPointExtension>
      <gpxtpx:hr>165</gpxtpx:hr>
     </gpxtpx:TrackPointExtension>
    </extensions>
   </trkpt>
   <trkpt lat="27.7051770" lon="85.3227580">
    <ele>1290.8</ele>
    <time>2025-10-25T01:00:57Z</time>
    <extensions>
     <gpxtpx:TrackPointExtension>
      <gpxtpx:hr>165</gpxtpx:hr>
     </gpxtpx:TrackPointExtension>
    </extensions>
   </trkpt>
   <trkpt lat="27.7052010" lon="85.3227600">
    <ele>1290.8</ele>
    <time>2025-10-25T01:00:58Z</time>
    <extensions>
     <gpxtpx:TrackPointExtension>
      <gpxtpx:hr>165</gpxtpx:hr>
     </gpxtpx:TrackPointExtension>
    </extensions>
   </trkpt>
   <trkpt lat="27.7052260" lon="85.3227630">
    <ele>1290.8</ele>
    <time>2025-10-25T01:00:59Z</time>
    <extensions>
     <gpxtpx:TrackPointExtension>
      <gpxtpx:hr>165</gpxtpx:hr>
     </gpxtpx:TrackPointExtension>
    </extensions>
   </trkpt>
   <trkpt lat="27.7052510" lon="85.3227670">
    <ele>1290.8</ele>
    <time>2025-10-25T01:01:00Z</time>
    <extensions>
     <gpxtpx:TrackPointExtension>
      <gpxtpx:hr>165</gpxtpx:hr>
     </gpxtpx:TrackPointExtension>
    </extensions>
   </trkpt>
   <trkpt lat="27.7052760" lon="85.3227700">
    <ele>1290.8</ele>
    <time>2025-10-25T01:01:01Z</time>
    <extensions>
     <gpxtpx:TrackPointExtension>
      <gpxtpx:hr>165</gpxtpx:hr>
     </gpxtpx:TrackPointExtension>
    </extensions>
   </trkpt>
   <trkpt lat="27.7053020" lon="85.3227740">
    <ele>1291.0</ele>
    <time>2025-10-25T01:01:02Z</time>
    <extensions>
     <gpxtpx:TrackPointExtension>
      <gpxtpx:hr>165</gpxtpx:hr>
     </gpxtpx:TrackPointExtension>
    </extensions>
   </trkpt>
   <trkpt lat="27.7053270" lon="85.3227770">
    <ele>1291.0</ele>
    <time>2025-10-25T01:01:03Z</time>
    <extensions>
     <gpxtpx:TrackPointExtension>
      <gpxtpx:hr>165</gpxtpx:hr>
     </gpxtpx:TrackPointExtension>
    </extensions>
   </trkpt>
   <trkpt lat="27.7053510" lon="85.3227810">
    <ele>1291.0</ele>
    <time>2025-10-25T01:01:04Z</time>
    <extensions>
     <gpxtpx:TrackPointExtension>
      <gpxtpx:hr>165</gpxtpx:hr>
     </gpxtpx:TrackPointExtension>
    </extensions>
   </trkpt>
   <trkpt lat="27.7053760" lon="85.3227840">
    <ele>1291.0</ele>
    <time>2025-10-25T01:01:05Z</time>
    <extensions>
     <gpxtpx:TrackPointExtension>
      <gpxtpx:hr>165</gpxtpx:hr>
     </gpxtpx:TrackPointExtension>
    </extensions>
   </trkpt>
   <trkpt lat="27.7054000" lon="85.3227870">
    <ele>1291.0</ele>
    <time>2025-10-25T01:01:06Z</time>
    <extensions>
     <gpxtpx:TrackPointExtension>
      <gpxtpx:hr>165</gpxtpx:hr>
     </gpxtpx:TrackPointExtension>
    </extensions>
   </trkpt>
   <trkpt lat="27.7054240" lon="85.3227900">
    <ele>1291.0</ele>
    <time>2025-10-25T01:01:07Z</time>
    <extensions>
     <gpxtpx:TrackPointExtension>
      <gpxtpx:hr>165</gpxtpx:hr>
     </gpxtpx:TrackPointExtension>
    </extensions>
   </trkpt>
   <trkpt lat="27.7054480" lon="85.3227920">
    <ele>1291.2</ele>
    <time>2025-10-25T01:01:08Z</time>
    <extensions>
     <gpxtpx:TrackPointExtension>
      <gpxtpx:hr>165</gpxtpx:hr>
     </gpxtpx:TrackPointExtension>
    </extensions>
   </trkpt>
   <trkpt lat="27.7054730" lon="85.3227940">
    <ele>1291.2</ele>
    <time>2025-10-25T01:01:09Z</time>
    <extensions>
     <gpxtpx:TrackPointExtension>
      <gpxtpx:hr>165</gpxtpx:hr>
     </gpxtpx:TrackPointExtension>
    </extensions>
   </trkpt>
   <trkpt lat="27.7054980" lon="85.3227970">
    <ele>1291.2</ele>
    <time>2025-10-25T01:01:10Z</time>
    <extensions>
     <gpxtpx:TrackPointExtension>
      <gpxtpx:hr>165</gpxtpx:hr>
     </gpxtpx:TrackPointExtension>
    </extensions>
   </trkpt>
   <trkpt lat="27.7055220" lon="85.3227990">
    <ele>1291.2</ele>
    <time>2025-10-25T01:01:11Z</time>
    <extensions>
     <gpxtpx:TrackPointExtension>
      <gpxtpx:hr>165</gpxtpx:hr>
     </gpxtpx:TrackPointExtension>
    </extensions>
   </trkpt>
   <trkpt lat="27.7055460" lon="85.3228010">
    <ele>1291.2</ele>
    <time>2025-10-25T01:01:12Z</time>
    <extensions>
     <gpxtpx:TrackPointExtension>
      <gpxtpx:hr>165</gpxtpx:hr>
     </gpxtpx:TrackPointExtension>
    </extensions>
   </trkpt>
   <trkpt lat="27.7055700" lon="85.3228030">
    <ele>1291.2</ele>
    <time>2025-10-25T01:01:13Z</time>
    <extensions>
     <gpxtpx:TrackPointExtension>
      <gpxtpx:hr>165</gpxtpx:hr>
     </gpxtpx:TrackPointExtension>
    </extensions>
   </trkpt>
   <trkpt lat="27.7055940" lon="85.3228050">
    <ele>1291.4</ele>
    <time>2025-10-25T01:01:14Z</time>
    <extensions>
     <gpxtpx:TrackPointExtension>
      <gpxtpx:hr>165</gpxtpx:hr>
     </gpxtpx:TrackPointExtension>
    </extensions>
   </trkpt>
   <trkpt lat="27.7056180" lon="85.3228070">
    <ele>1291.4</ele>
    <time>2025-10-25T01:01:15Z</time>
    <extensions>
     <gpxtpx:TrackPointExtension>
      <gpxtpx:hr>165</gpxtpx:hr>
     </gpxtpx:TrackPointExtension>
    </extensions>
   </trkpt>
   <trkpt lat="27.7056420" lon="85.3228100">
    <ele>1291.4</ele>
    <time>2025-10-25T01:01:16Z</time>
    <extensions>
     <gpxtpx:TrackPointExtension>
      <gpxtpx:hr>165</gpxtpx:hr>
     </gpxtpx:TrackPointExtension>
    </extensions>
   </trkpt>
   <trkpt lat="27.7056650" lon="85.3228120">
    <ele>1291.4</ele>
    <time>2025-10-25T01:01:17Z</time>
    <extensions>
     <gpxtpx:TrackPointExtension>
      <gpxtpx:hr>165</gpxtpx:hr>
     </gpxtpx:TrackPointExtension>
    </extensions>
   </trkpt>
   <trkpt lat="27.7056880" lon="85.3228150">
    <ele>1291.6</ele>
    <time>2025-10-25T01:01:18Z</time>
    <extensions>
     <gpxtpx:TrackPointExtension>
      <gpxtpx:hr>165</gpxtpx:hr>
     </gpxtpx:TrackPointExtension>
    </extensions>
   </trkpt>
   <trkpt lat="27.7057110" lon="85.3228170">
    <ele>1291.6</ele>
    <time>2025-10-25T01:01:19Z</time>
    <extensions>
     <gpxtpx:TrackPointExtension>
      <gpxtpx:hr>165</gpxtpx:hr>
     </gpxtpx:TrackPointExtension>
    </extensions>
   </trkpt>
   <trkpt lat="27.7057340" lon="85.3228200">
    <ele>1291.6</ele>
    <time>2025-10-25T01:01:20Z</time>
    <extensions>
     <gpxtpx:TrackPointExtension>
      <gpxtpx:hr>165</gpxtpx:hr>
     </gpxtpx:TrackPointExtension>
    </extensions>
   </trkpt>
   <trkpt lat="27.7057560" lon="85.3228210">
    <ele>1291.6</ele>
    <time>2025-10-25T01:01:21Z</time>
    <extensions>
     <gpxtpx:TrackPointExtension>
      <gpxtpx:hr>165</gpxtpx:hr>
     </gpxtpx:TrackPointExtension>
    </extensions>
   </trkpt>
   <trkpt lat="27.7057790" lon="85.3228220">
    <ele>1291.6</ele>
    <time>2025-10-25T01:01:22Z</time>
    <extensions>
     <gpxtpx:TrackPointExtension>
      <gpxtpx:hr>165</gpxtpx:hr>
     </gpxtpx:TrackPointExtension>
    </extensions>
   </trkpt>
   <trkpt lat="27.7058020" lon="85.3228220">
    <ele>1291.8</ele>
    <time>2025-10-25T01:01:23Z</time>
    <extensions>
     <gpxtpx:TrackPointExtension>
      <gpxtpx:hr>165</gpxtpx:hr>
     </gpxtpx:TrackPointExtension>
    </extensions>
   </trkpt>
   <trkpt lat="27.7058260" lon="85.3228220">
    <ele>1291.8</ele>
    <time>2025-10-25T01:01:24Z</time>
    <extensions>
     <gpxtpx:TrackPointExtension>
      <gpxtpx:hr>165</gpxtpx:hr>
     </gpxtpx:TrackPointExtension>
    </extensions>
   </trkpt>
   <trkpt lat="27.7058520" lon="85.3228210">
    <ele>1291.8</ele>
    <time>2025-10-25T01:01:25Z</time>
    <extensions>
     <gpxtpx:TrackPointExtension>
      <gpxtpx:hr>165</gpxtpx:hr>
     </gpxtpx:TrackPointExtension>
    </extensions>
   </trkpt>
   <trkpt lat="27.7058780" lon="85.3228210">
    <ele>1291.8</ele>
    <time>2025-10-25T01:01:26Z</time>
    <extensions>
     <gpxtpx:TrackPointExtension>
      <gpxtpx:hr>165</gpxtpx:hr>
     </gpxtpx:TrackPointExtension>
    </extensions>
   </trkpt>
   <trkpt lat="27.7059040" lon="85.3228200">
    <ele>1291.8</ele>
    <time>2025-10-25T01:01:27Z</time>
    <extensions>
     <gpxtpx:TrackPointExtension>
      <gpxtpx:hr>165</gpxtpx:hr>
     </gpxtpx:TrackPointExtension>
    </extensions>
   </trkpt>
   <trkpt lat="27.7059310" lon="85.3228200">
    <ele>1291.8</ele>
    <time>2025-10-25T01:01:28Z</time>
    <extensions>
     <gpxtpx:TrackPointExtension>
      <gpxtpx:hr>165</gpxtpx:hr>
     </gpxtpx:TrackPointExtension>
    </extensions>
   </trkpt>
   <trkpt lat="27.7059580" lon="85.3228190">
    <ele>1291.8</ele>
    <time>2025-10-25T01:01:29Z</time>
    <extensions>
     <gpxtpx:TrackPointExtension>
      <gpxtpx:hr>165</gpxtpx:hr>
     </gpxtpx:TrackPointExtension>
    </extensions>
   </trkpt>
   <trkpt lat="27.7059850" lon="85.3228200">
    <ele>1291.8</ele>
    <time>2025-10-25T01:01:30Z</time>
    <extensions>
     <gpxtpx:TrackPointExtension>
      <gpxtpx:hr>165</gpxtpx:hr>
     </gpxtpx:TrackPointExtension>
    </extensions>
   </trkpt>
   <trkpt lat="27.7060120" lon="85.3228200">
    <ele>1292.0</ele>
    <time>2025-10-25T01:01:31Z</time>
    <extensions>
     <gpxtpx:TrackPointExtension>
      <gpxtpx:hr>165</gpxtpx:hr>
     </gpxtpx:TrackPointExtension>
    </extensions>
   </trkpt>
   <trkpt lat="27.7060380" lon="85.3228200">
    <ele>1292.0</ele>
    <time>2025-10-25T01:01:32Z</time>
    <extensions>
     <gpxtpx:TrackPointExtension>
      <gpxtpx:hr>165</gpxtpx:hr>
     </gpxtpx:TrackPointExtension>
    </extensions>
   </trkpt>
   <trkpt lat="27.7060630" lon="85.3228210">
    <ele>1292.0</ele>
    <time>2025-10-25T01:01:33Z</time>
    <extensions>
     <gpxtpx:TrackPointExtension>
      <gpxtpx:hr>165</gpxtpx:hr>
     </gpxtpx:TrackPointExtension>
    </extensions>
   </trkpt>
   <trkpt lat="27.7060880" lon="85.3228210">
    <ele>1292.0</ele>
    <time>2025-10-25T01:01:34Z</time>
    <extensions>
     <gpxtpx:TrackPointExtension>
      <gpxtpx:hr>165</gpxtpx:hr>
     </gpxtpx:TrackPointExtension>
    </extensions>
   </trkpt>
   <trkpt lat="27.7061120" lon="85.3228210">
    <ele>1292.0</ele>
    <time>2025-10-25T01:01:35Z</time>
    <extensions>
     <gpxtpx:TrackPointExtension>
      <gpxtpx:hr>165</gpxtpx:hr>
     </gpxtpx:TrackPointExtension>
    </extensions>
   </trkpt>
   <trkpt lat="27.7061360" lon="85.3228220">
    <ele>1292.0</ele>
    <time>2025-10-25T01:01:36Z</time>
    <extensions>
     <gpxtpx:TrackPointExtension>
      <gpxtpx:hr>165</gpxtpx:hr>
     </gpxtpx:TrackPointExtension>
    </extensions>
   </trkpt>
   <trkpt lat="27.7061590" lon="85.3228220">
    <ele>1292.0</ele>
    <time>2025-10-25T01:01:37Z</time>
    <extensions>
     <gpxtpx:TrackPointExtension>
      <gpxtpx:hr>165</gpxtpx:hr>
     </gpxtpx:TrackPointExtension>
    </extensions>
   </trkpt>
   <trkpt lat="27.7061820" lon="85.3228220">
    <ele>1292.0</ele>
    <time>2025-10-25T01:01:38Z</time>
    <extensions>
     <gpxtpx:TrackPointExtension>
      <gpxtpx:hr>165</gpxtpx:hr>
     </gpxtpx:TrackPointExtension>
    </extensions>
   </trkpt>
   <trkpt lat="27.7062060" lon="85.3228220">
    <ele>1292.0</ele>
    <time>2025-10-25T01:01:39Z</time>
    <extensions>
     <gpxtpx:TrackPointExtension>
      <gpxtpx:hr>165</gpxtpx:hr>
     </gpxtpx:TrackPointExtension>
    </extensions>
   </trkpt>
   <trkpt lat="27.7062310" lon="85.3228210">
    <ele>1292.0</ele>
    <time>2025-10-25T01:01:40Z</time>
    <extensions>
     <gpxtpx:TrackPointExtension>
      <gpxtpx:hr>165</gpxtpx:hr>
     </gpxtpx:TrackPointExtension>
    </extensions>
   </trkpt>
   <trkpt lat="27.7062560" lon="85.3228200">
    <ele>1292.0</ele>
    <time>2025-10-25T01:01:41Z</time>
    <extensions>
     <gpxtpx:TrackPointExtension>
      <gpxtpx:hr>165</gpxtpx:hr>
     </gpxtpx:TrackPointExtension>
    </extensions>
   </trkpt>
   <trkpt lat="27.7062820" lon="85.3228180">
    <ele>1292.0</ele>
    <time>2025-10-25T01:01:42Z</time>
    <extensions>
     <gpxtpx:TrackPointExtension>
      <gpxtpx:hr>165</gpxtpx:hr>
     </gpxtpx:TrackPointExtension>
    </extensions>
   </trkpt>
   <trkpt lat="27.7063070" lon="85.3228170">
    <ele>1292.0</ele>
    <time>2025-10-25T01:01:43Z</time>
    <extensions>
     <gpxtpx:TrackPointExtension>
      <gpxtpx:hr>165</gpxtpx:hr>
     </gpxtpx:TrackPointExtension>
    </extensions>
   </trkpt>
   <trkpt lat="27.7063330" lon="85.3228160">
    <ele>1292.2</ele>
    <time>2025-10-25T01:01:44Z</time>
    <extensions>
     <gpxtpx:TrackPointExtension>
      <gpxtpx:hr>165</gpxtpx:hr>
     </gpxtpx:TrackPointExtension>
    </extensions>
   </trkpt>
   <trkpt lat="27.7063580" lon="85.3228150">
    <ele>1292.2</ele>
    <time>2025-10-25T01:01:45Z</time>
    <extensions>
     <gpxtpx:TrackPointExtension>
      <gpxtpx:hr>165</gpxtpx:hr>
     </gpxtpx:TrackPointExtension>
    </extensions>
   </trkpt>
   <trkpt lat="27.7063830" lon="85.3228150">
    <ele>1292.2</ele>
    <time>2025-10-25T01:01:46Z</time>
    <extensions>
     <gpxtpx:TrackPointExtension>
      <gpxtpx:hr>165</gpxtpx:hr>
     </gpxtpx:TrackPointExtension>
    </extensions>
   </trkpt>
   <trkpt lat="27.7064080" lon="85.3228150">
    <ele>1292.2</ele>
    <time>2025-10-25T01:01:47Z</time>
    <extensions>
     <gpxtpx:TrackPointExtension>
      <gpxtpx:hr>165</gpxtpx:hr>
     </gpxtpx:TrackPointExtension>
    </extensions>
   </trkpt>
   <trkpt lat="27.7064320" lon="85.3228140">
    <ele>1292.2</ele>
    <time>2025-10-25T01:01:48Z</time>
    <extensions>
     <gpxtpx:TrackPointExtension>
      <gpxtpx:hr>165</gpxtpx:hr>
     </gpxtpx:TrackPointExtension>
    </extensions>
   </trkpt>
   <trkpt lat="27.7064560" lon="85.3228140">
    <ele>1292.2</ele>
    <time>2025-10-25T01:01:49Z</time>
    <extensions>
     <gpxtpx:TrackPointExtension>
      <gpxtpx:hr>165</gpxtpx:hr>
     </gpxtpx:TrackPointExtension>
    </extensions>
   </trkpt>
   <trkpt lat="27.7064790" lon="85.3228130">
    <ele>1292.2</ele>
    <time>2025-10-25T01:01:50Z</time>
    <extensions>
     <gpxtpx:TrackPointExtension>
      <gpxtpx:hr>165</gpxtpx:hr>
     </gpxtpx:TrackPointExtension>
    </extensions>
   </trkpt>
   <trkpt lat="27.7065020" lon="85.3228120">
    <ele>1292.2</ele>
    <time>2025-10-25T01:01:51Z</time>
    <extensions>
     <gpxtpx:TrackPointExtension>
      <gpxtpx:hr>165</gpxtpx:hr>
     </gpxtpx:TrackPointExtension>
    </extensions>
   </trkpt>
   <trkpt lat="27.7065260" lon="85.3228100">
    <ele>1292.2</ele>
    <time>2025-10-25T01:01:52Z</time>
    <extensions>
     <gpxtpx:TrackPointExtension>
      <gpxtpx:hr>165</gpxtpx:hr>
     </gpxtpx:TrackPointExtension>
    </extensions>
   </trkpt>
   <trkpt lat="27.7065500" lon="85.3228100">
    <ele>1292.2</ele>
    <time>2025-10-25T01:01:53Z</time>
    <extensions>
     <gpxtpx:TrackPointExtension>
      <gpxtpx:hr>165</gpxtpx:hr>
     </gpxtpx:TrackPointExtension>
    </extensions>
   </trkpt>
   <trkpt lat="27.7065740" lon="85.3228090">
    <ele>1292.4</ele>
    <time>2025-10-25T01:01:54Z</time>
    <extensions>
     <gpxtpx:TrackPointExtension>
      <gpxtpx:hr>165</gpxtpx:hr>
     </gpxtpx:TrackPointExtension>
    </extensions>
   </trkpt>
   <trkpt lat="27.7065990" lon="85.3228090">
    <ele>1292.4</ele>
    <time>2025-10-25T01:01:55Z</time>
    <extensions>
     <gpxtpx:TrackPointExtension>
      <gpxtpx:hr>165</gpxtpx:hr>
     </gpxtpx:TrackPointExtension>
    </extensions>
   </trkpt>
   <trkpt lat="27.7066240" lon="85.3228100">
    <ele>1292.4</ele>
    <time>2025-10-25T01:01:56Z</time>
    <extensions>
     <gpxtpx:TrackPointExtension>
      <gpxtpx:hr>165</gpxtpx:hr>
     </gpxtpx:TrackPointExtension>
    </extensions>
   </trkpt>
   <trkpt lat="27.7066500" lon="85.3228100">
    <ele>1292.4</ele>
    <time>2025-10-25T01:01:57Z</time>
    <extensions>
     <gpxtpx:TrackPointExtension>
      <gpxtpx:hr>165</gpxtpx:hr>
     </gpxtpx:TrackPointExtension>
    </extensions>
   </trkpt>
   <trkpt lat="27.7066760" lon="85.3228100">
    <ele>1292.4</ele>
    <time>2025-10-25T01:01:58Z</time>
    <extensions>
     <gpxtpx:TrackPointExtension>
      <gpxtpx:hr>165</gpxtpx:hr>
     </gpxtpx:TrackPointExtension>
    </extensions>
   </trkpt>
   <trkpt lat="27.7067000" lon="85.3228090">
    <ele>1292.4</ele>
    <time>2025-10-25T01:01:59Z</time>
    <extensions>
     <gpxtpx:TrackPointExtension>
      <gpxtpx:hr>165</gpxtpx:hr>
     </gpxtpx:TrackPointExtension>
    </extensions>
   </trkpt>
   <trkpt lat="27.7067230" lon="85.3228060">
    <ele>1292.4</ele>
    <time>2025-10-25T01:02:00Z</time>
    <extensions>
     <gpxtpx:TrackPointExtension>
      <gpxtpx:hr>165</gpxtpx:hr>
     </gpxtpx:TrackPointExtension>
    </extensions>
   </trkpt>
   <trkpt lat="27.7067450" lon="85.3228030">
    <ele>1292.4</ele>
    <time>2025-10-25T01:02:01Z</time>
    <extensions>
     <gpxtpx:TrackPointExtension>
      <gpxtpx:hr>165</gpxtpx:hr>
     </gpxtpx:TrackPointExtension>
    </extensions>
   </trkpt>
   <trkpt lat="27.7067680" lon="85.3227980">
    <ele>1292.4</ele>
    <time>2025-10-25T01:02:02Z</time>
    <extensions>
     <gpxtpx:TrackPointExtension>
      <gpxtpx:hr>165</gpxtpx:hr>
     </gpxtpx:TrackPointExtension>
    </extensions>
   </trkpt>
   <trkpt lat="27.7067900" lon="85.3227930">
    <ele>1292.6</ele>
    <time>2025-10-25T01:02:03Z</time>
    <extensions>
     <gpxtpx:TrackPointExtension>
      <gpxtpx:hr>165</gpxtpx:hr>
     </gpxtpx:TrackPointExtension>
    </extensions>
   </trkpt>
   <trkpt lat="27.7068130" lon="85.3227860">
    <ele>1292.6</ele>
    <time>2025-10-25T01:02:04Z</time>
    <extensions>
     <gpxtpx:TrackPointExtension>
      <gpxtpx:hr>165</gpxtpx:hr>
     </gpxtpx:TrackPointExtension>
    </extensions>
   </trkpt>
   <trkpt lat="27.7068350" lon="85.3227790">
    <ele>1292.6</ele>
    <time>2025-10-25T01:02:05Z</time>
    <extensions>
     <gpxtpx:TrackPointExtension>
      <gpxtpx:hr>165</gpxtpx:hr>
     </gpxtpx:TrackPointExtension>
    </extensions>
   </trkpt>
   <trkpt lat="27.7068580" lon="85.3227710">
    <ele>1292.6</ele>
    <time>2025-10-25T01:02:06Z</time>
    <extensions>
     <gpxtpx:TrackPointExtension>
      <gpxtpx:hr>165</gpxtpx:hr>
     </gpxtpx:TrackPointExtension>
    </extensions>
   </trkpt>
   <trkpt lat="27.7068800" lon="85.3227610">
    <ele>1292.6</ele>
    <time>2025-10-25T01:02:07Z</time>
    <extensions>
     <gpxtpx:TrackPointExtension>
      <gpxtpx:hr>165</gpxtpx:hr>
     </gpxtpx:TrackPointExtension>
    </extensions>
   </trkpt>
   <trkpt lat="27.7069020" lon="85.3227500">
    <ele>1292.6</ele>
    <time>2025-10-25T01:02:08Z</time>
    <extensions>
     <gpxtpx:TrackPointExtension>
      <gpxtpx:hr>165</gpxtpx:hr>
     </gpxtpx:TrackPointExtension>
    </extensions>
   </trkpt>
   <trkpt lat="27.7069240" lon="85.3227380">
    <ele>1292.6</ele>
    <time>2025-10-25T01:02:09Z</time>
    <extensions>
     <gpxtpx:TrackPointExtension>
      <gpxtpx:hr>165</gpxtpx:hr>
     </gpxtpx:TrackPointExtension>
    </extensions>
   </trkpt>
   <trkpt lat="27.7069470" lon="85.3227250">
    <ele>1292.6</ele>
    <time>2025-10-25T01:02:10Z</time>
    <extensions>
     <gpxtpx:TrackPointExtension>
      <gpxtpx:hr>165</gpxtpx:hr>
     </gpxtpx:TrackPointExtension>
    </extensions>
   </trkpt>
   <trkpt lat="27.7069680" lon="85.3227100">
    <ele>1292.6</ele>
    <time>2025-10-25T01:02:11Z</time>
    <extensions>
     <gpxtpx:TrackPointExtension>
      <gpxtpx:hr>165</gpxtpx:hr>
     </gpxtpx:TrackPointExtension>
    </extensions>
   </trkpt>
   <trkpt lat="27.7069900" lon="85.3226940">
    <ele>1292.8</ele>
    <time>2025-10-25T01:02:12Z</time>
    <extensions>
     <gpxtpx:TrackPointExtension>
      <gpxtpx:hr>165</gpxtpx:hr>
     </gpxtpx:TrackPointExtension>
    </extensions>
   </trkpt>
   <trkpt lat="27.7070110" lon="85.3226760">
    <ele>1292.8</ele>
    <time>2025-10-25T01:02:13Z</time>
    <extensions>
     <gpxtpx:TrackPointExtension>
      <gpxtpx:hr>165</gpxtpx:hr>
     </gpxtpx:TrackPointExtension>
    </extensions>
   </trkpt>
   <trkpt lat="27.7070310" lon="85.3226580">
    <ele>1292.8</ele>
    <time>2025-10-25T01:02:14Z</time>
    <extensions>
     <gpxtpx:TrackPointExtension>
      <gpxtpx:hr>165</gpxtpx:hr>
     </gpxtpx:TrackPointExtension>
    </extensions>
   </trkpt>
   <trkpt lat="27.7070510" lon="85.3226400">
    <ele>1292.8</ele>
    <time>2025-10-25T01:02:15Z</time>
    <extensions>
     <gpxtpx:TrackPointExtension>
      <gpxtpx:hr>165</gpxtpx:hr>
     </gpxtpx:TrackPointExtension>
    </extensions>
   </trkpt>
   <trkpt lat="27.7070710" lon="85.3226210">
    <ele>1292.8</ele>
    <time>2025-10-25T01:02:16Z</time>
    <extensions>
     <gpxtpx:TrackPointExtension>
      <gpxtpx:hr>165</gpxtpx:hr>
     </gpxtpx:TrackPointExtension>
    </extensions>
   </trkpt>
   <trkpt lat="27.7070900" lon="85.3226030">
    <ele>1292.8</ele>
    <time>2025-10-25T01:02:17Z</time>
    <extensions>
     <gpxtpx:TrackPointExtension>
      <gpxtpx:hr>165</gpxtpx:hr>
     </gpxtpx:TrackPointExtension>
    </extensions>
   </trkpt>
   <trkpt lat="27.7071080" lon="85.3225840">
    <ele>1292.8</ele>
    <time>2025-10-25T01:02:18Z</time>
    <extensions>
     <gpxtpx:TrackPointExtension>
      <gpxtpx:hr>165</gpxtpx:hr>
     </gpxtpx:TrackPointExtension>
    </extensions>
   </trkpt>
   <trkpt lat="27.7071250" lon="85.3225670">
    <ele>1292.8</ele>
    <time>2025-10-25T01:02:19Z</time>
    <extensions>
     <gpxtpx:TrackPointExtension>
      <gpxtpx:hr>165</gpxtpx:hr>
     </gpxtpx:TrackPointExtension>
    </extensions>
   </trkpt>
   <trkpt lat="27.7071430" lon="85.3225480">
    <ele>1292.8</ele>
    <time>2025-10-25T01:02:20Z</time>
    <extensions>
     <gpxtpx:TrackPointExtension>
      <gpxtpx:hr>165</gpxtpx:hr>
     </gpxtpx:TrackPointExtension>
    </extensions>
   </trkpt>
   <trkpt lat="27.7071600" lon="85.3225300">
    <ele>1292.8</ele>
    <time>2025-10-25T01:02:21Z</time>
    <extensions>
     <gpxtpx:TrackPointExtension>
      <gpxtpx:hr>165</gpxtpx:hr>
     </gpxtpx:TrackPointExtension>
    </extensions>
   </trkpt>
   <trkpt lat="27.7071790" lon="85.3225110">
    <ele>1292.8</ele>
    <time>2025-10-25T01:02:22Z</time>
    <extensions>
     <gpxtpx:TrackPointExtension>
      <gpxtpx:hr>165</gpxtpx:hr>
     </gpxtpx:TrackPointExtension>
    </extensions>
   </trkpt>
   <trkpt lat="27.7071980" lon="85.3224920">
    <ele>1292.8</ele>
    <time>2025-10-25T01:02:23Z</time>
    <extensions>
     <gpxtpx:TrackPointExtension>
      <gpxtpx:hr>165</gpxtpx:hr>
     </gpxtpx:TrackPointExtension>
    </extensions>
   </trkpt>
   <trkpt lat="27.7072170" lon="85.3224730">
    <ele>1292.8</ele>
    <time>2025-10-25T01:02:24Z</time>
    <extensions>
     <gpxtpx:TrackPointExtension>
      <gpxtpx:hr>165</gpxtpx:hr>
     </gpxtpx:TrackPointExtension>
    </extensions>
   </trkpt>
   <trkpt lat="27.7072370" lon="85.3224540">
    <ele>1293.0</ele>
    <time>2025-10-25T01:02:25Z</time>
    <extensions>
     <gpxtpx:TrackPointExtension>
      <gpxtpx:hr>165</gpxtpx:hr>
     </gpxtpx:TrackPointExtension>
    </extensions>
   </trkpt>
   <trkpt lat="27.7072560" lon="85.3224350">
    <ele>1293.0</ele>
    <time>2025-10-25T01:02:26Z</time>
    <extensions>
     <gpxtpx:TrackPointExtension>
      <gpxtpx:hr>165</gpxtpx:hr>
     </gpxtpx:TrackPointExtension>
    </extensions>
   </trkpt>
   <trkpt lat="27.7072740" lon="85.3224160">
    <ele>1293.0</ele>
    <time>2025-10-25T01:02:27Z</time>
    <extensions>
     <gpxtpx:TrackPointExtension>
      <gpxtpx:hr>165</gpxtpx:hr>
     </gpxtpx:TrackPointExtension>
    </extensions>
   </trkpt>
   <trkpt lat="27.7072920" lon="85.3223970">
    <ele>1293.0</ele>
    <time>2025-10-25T01:02:28Z</time>
    <extensions>
     <gpxtpx:TrackPointExtension>
      <gpxtpx:hr>165</gpxtpx:hr>
     </gpxtpx:TrackPointExtension>
    </extensions>
   </trkpt>
   <trkpt lat="27.7073090" lon="85.3223780">
    <ele>1293.0</ele>
    <time>2025-10-25T01:02:29Z</time>
    <extensions>
     <gpxtpx:TrackPointExtension>
      <gpxtpx:hr>165</gpxtpx:hr>
     </gpxtpx:TrackPointExtension>
    </extensions>
   </trkpt>
   <trkpt lat="27.7073270" lon="85.3223590">
    <ele>1293.0</ele>
    <time>2025-10-25T01:02:30Z</time>
    <extensions>
     <gpxtpx:TrackPointExtension>
      <gpxtpx:hr>165</gpxtpx:hr>
     </gpxtpx:TrackPointExtension>
    </extensions>
   </trkpt>
   <trkpt lat="27.7073440" lon="85.3223400">
    <ele>1293.0</ele>
    <time>2025-10-25T01:02:31Z</time>
    <extensions>
     <gpxtpx:TrackPointExtension>
      <gpxtpx:hr>165</gpxtpx:hr>
     </gpxtpx:TrackPointExtension>
    </extensions>
   </trkpt>
   <trkpt lat="27.7073600" lon="85.3223200">
    <ele>1293.0</ele>
    <time>2025-10-25T01:02:32Z</time>
    <extensions>
     <gpxtpx:TrackPointExtension>
      <gpxtpx:hr>165</gpxtpx:hr>
     </gpxtpx:TrackPointExtension>
    </extensions>
   </trkpt>
   <trkpt lat="27.7073760" lon="85.3223000">
    <ele>1293.0</ele>
    <time>2025-10-25T01:02:33Z</time>
    <extensions>
     <gpxtpx:TrackPointExtension>
      <gpxtpx:hr>165</gpxtpx:hr>
     </gpxtpx:TrackPointExtension>
    </extensions>
   </trkpt>
   <trkpt lat="27.7073930" lon="85.3222810">
    <ele>1293.0</ele>
    <time>2025-10-25T01:02:34Z</time>
    <extensions>
     <gpxtpx:TrackPointExtension>
      <gpxtpx:hr>165</gpxtpx:hr>
     </gpxtpx:TrackPointExtension>
    </extensions>
   </trkpt>
   <trkpt lat="27.7074100" lon="85.3222620">
    <ele>1293.2</ele>
    <time>2025-10-25T01:02:35Z</time>
    <extensions>
     <gpxtpx:TrackPointExtension>
      <gpxtpx:hr>165</gpxtpx:hr>
     </gpxtpx:TrackPointExtension>
    </extensions>
   </trkpt>
   <trkpt lat="27.7074270" lon="85.3222420">
    <ele>1293.2</ele>
    <time>2025-10-25T01:02:36Z</time>
    <extensions>
     <gpxtpx:TrackPointExtension>
      <gpxtpx:hr>165</gpxtpx:hr>
     </gpxtpx:TrackPointExtension>
    </extensions>
   </trkpt>
   <trkpt lat="27.7074440" lon="85.3222230">
    <ele>1293.2</ele>
    <time>2025-10-25T01:02:37Z</time>
    <extensions>
     <gpxtpx:TrackPointExtension>
      <gpxtpx:hr>165</gpxtpx:hr>
     </gpxtpx:TrackPointExtension>
    </extensions>
   </trkpt>
   <trkpt lat="27.7074610" lon="85.3222050">
    <ele>1293.2</ele>
    <time>2025-10-25T01:02:38Z</time>
    <extensions>
     <gpxtpx:TrackPointExtension>
      <gpxtpx:hr>165</gpxtpx:hr>
     </gpxtpx:TrackPointExtension>
    </extensions>
   </trkpt>
   <trkpt lat="27.7074780" lon="85.3221870">
    <ele>1293.2</ele>
    <time>2025-10-25T01:02:39Z</time>
    <extensions>
     <gpxtpx:TrackPointExtension>
      <gpxtpx:hr>165</gpxtpx:hr>
     </gpxtpx:TrackPointExtension>
    </extensions>
   </trkpt>
   <trkpt lat="27.7074940" lon="85.3221690">
    <ele>1293.2</ele>
    <time>2025-10-25T01:02:40Z</time>
    <extensions>
     <gpxtpx:TrackPointExtension>
      <gpxtpx:hr>165</gpxtpx:hr>
     </gpxtpx:TrackPointExtension>
    </extensions>
   </trkpt>
   <trkpt lat="27.7075120" lon="85.3221520">
    <ele>1293.2</ele>
    <time>2025-10-25T01:02:41Z</time>
    <extensions>
     <gpxtpx:TrackPointExtension>
      <gpxtpx:hr>165</gpxtpx:hr>
     </gpxtpx:TrackPointExtension>
    </extensions>
   </trkpt>
   <trkpt lat="27.7075290" lon="85.3221340">
    <ele>1293.2</ele>
    <time>2025-10-25T01:02:42Z</time>
    <extensions>
     <gpxtpx:TrackPointExtension>
      <gpxtpx:hr>165</gpxtpx:hr>
     </gpxtpx:TrackPointExtension>
    </extensions>
   </trkpt>
   <trkpt lat="27.7075470" lon="85.3221170">
    <ele>1293.2</ele>
    <time>2025-10-25T01:02:43Z</time>
    <extensions>
     <gpxtpx:TrackPointExtension>
      <gpxtpx:hr>165</gpxtpx:hr>
     </gpxtpx:TrackPointExtension>
    </extensions>
   </trkpt>
   <trkpt lat="27.7075650" lon="85.3221000">
    <ele>1293.2</ele>
    <time>2025-10-25T01:02:44Z</time>
    <extensions>
     <gpxtpx:TrackPointExtension>
      <gpxtpx:hr>165</gpxtpx:hr>
     </gpxtpx:TrackPointExtension>
    </extensions>
   </trkpt>
   <trkpt lat="27.7075840" lon="85.3220820">
    <ele>1293.2</ele>
    <time>2025-10-25T01:02:45Z</time>
    <extensions>
     <gpxtpx:TrackPointExtension>
      <gpxtpx:hr>165</gpxtpx:hr>
     </gpxtpx:TrackPointExtension>
    </extensions>
   </trkpt>
   <trkpt lat="27.7076040" lon="85.3220650">
    <ele>1293.2</ele>
    <time>2025-10-25T01:02:46Z</time>
    <extensions>
     <gpxtpx:TrackPointExtension>
      <gpxtpx:hr>165</gpxtpx:hr>
     </gpxtpx:TrackPointExtension>
    </extensions>
   </trkpt>
   <trkpt lat="27.7076240" lon="85.3220480">
    <ele>1293.2</ele>
    <time>2025-10-25T01:02:47Z</time>
    <extensions>
     <gpxtpx:TrackPointExtension>
      <gpxtpx:hr>165</gpxtpx:hr>
     </gpxtpx:TrackPointExtension>
    </extensions>
   </trkpt>
   <trkpt lat="27.7076440" lon="85.3220320">
    <ele>1293.4</ele>
    <time>2025-10-25T01:02:48Z</time>
    <extensions>
     <gpxtpx:TrackPointExtension>
      <gpxtpx:hr>165</gpxtpx:hr>
     </gpxtpx:TrackPointExtension>
    </extensions>
   </trkpt>
   <trkpt lat="27.7076650" lon="85.3220170">
    <ele>1293.4</ele>
    <time>2025-10-25T01:02:49Z</time>
    <extensions>
     <gpxtpx:TrackPointExtension>
      <gpxtpx:hr>165</gpxtpx:hr>
     </gpxtpx:TrackPointExtension>
    </extensions>
   </trkpt>
   <trkpt lat="27.7076870" lon="85.3220020">
    <ele>1293.4</ele>
    <time>2025-10-25T01:02:50Z</time>
    <extensions>
     <gpxtpx:TrackPointExtension>
      <gpxtpx:hr>165</gpxtpx:hr>
     </gpxtpx:TrackPointExtension>
    </extensions>
   </trkpt>
   <trkpt lat="27.7077090" lon="85.3219880">
    <ele>1293.4</ele>
    <time>2025-10-25T01:02:51Z</time>
    <extensions>
     <gpxtpx:TrackPointExtension>
      <gpxtpx:hr>165</gpxtpx:hr>
     </gpxtpx:TrackPointExtension>
    </extensions>
   </trkpt>
   <trkpt lat="27.7077320" lon="85.3219740">
    <ele>1293.4</ele>
    <time>2025-10-25T01:02:52Z</time>
    <extensions>
     <gpxtpx:TrackPointExtension>
      <gpxtpx:hr>165</gpxtpx:hr>
     </gpxtpx:TrackPointExtension>
    </extensions>
   </trkpt>
   <trkpt lat="27.7077550" lon="85.3219610">
    <ele>1293.4</ele>
    <time>2025-10-25T01:02:53Z</time>
    <extensions>
     <gpxtpx:TrackPointExtension>
      <gpxtpx:hr>165</gpxtpx:hr>
     </gpxtpx:TrackPointExtension>
    </extensions>
   </trkpt>
   <trkpt lat="27.7077780" lon="85.3219470">
    <ele>1293.4</ele>
    <time>2025-10-25T01:02:54Z</time>
    <extensions>
     <gpxtpx:TrackPointExtension>
      <gpxtpx:hr>165</gpxtpx:hr>
     </gpxtpx:TrackPointExtension>
    </extensions>
   </trkpt>
   <trkpt lat="27.7078000" lon="85.3219340">
    <ele>1293.4</ele>
    <time>2025-10-25T01:02:55Z</time>
    <extensions>
     <gpxtpx:TrackPointExtension>
      <gpxtpx:hr>165</gpxtpx:hr>
     </gpxtpx:TrackPointExtension>
    </extensions>
   </trkpt>
   <trkpt lat="27.7078220" lon="85.3219210">
    <ele>1293.4</ele>
    <time>2025-10-25T01:02:56Z</time>
    <extensions>
     <gpxtpx:TrackPointExtension>
      <gpxtpx:hr>165</gpxtpx:hr>
     </gpxtpx:TrackPointExtension>
    </extensions>
   </trkpt>
   <trkpt lat="27.7078440" lon="85.3219080">
    <ele>1293.4</ele>
    <time>2025-10-25T01:02:57Z</time>
    <extensions>
     <gpxtpx:TrackPointExtension>
      <gpxtpx:hr>165</gpxtpx:hr>
     </gpxtpx:TrackPointExtension>
    </extensions>
   </trkpt>
   <trkpt lat="27.7078660" lon="85.3218940">
    <ele>1293.6</ele>
    <time>2025-10-25T01:02:58Z</time>
    <extensions>
     <gpxtpx:TrackPointExtension>
      <gpxtpx:hr>165</gpxtpx:hr>
     </gpxtpx:TrackPointExtension>
    </extensions>
   </trkpt>
   <trkpt lat="27.7078870" lon="85.3218810">
    <ele>1293.6</ele>
    <time>2025-10-25T01:02:59Z</time>
    <extensions>
     <gpxtpx:TrackPointExtension>
      <gpxtpx:hr>165</gpxtpx:hr>
     </gpxtpx:TrackPointExtension>
    </extensions>
   </trkpt>
   <trkpt lat="27.7079080" lon="85.3218690">
    <ele>1293.6</ele>
    <time>2025-10-25T01:03:00Z</time>
    <extensions>
     <gpxtpx:TrackPointExtension>
      <gpxtpx:hr>165</gpxtpx:hr>
     </gpxtpx:TrackPointExtension>
    </extensions>
   </trkpt>
   <trkpt lat="27.7079290" lon="85.3218560">
    <ele>1293.6</ele>
    <time>2025-10-25T01:03:01Z</time>
    <extensions>
     <gpxtpx:TrackPointExtension>
      <gpxtpx:hr>165</gpxtpx:hr>
     </gpxtpx:TrackPointExtension>
    </extensions>
   </trkpt>
   <trkpt lat="27.7079490" lon="85.3218460">
    <ele>1293.6</ele>
    <time>2025-10-25T01:03:02Z</time>
    <extensions>
     <gpxtpx:TrackPointExtension>
      <gpxtpx:hr>165</gpxtpx:hr>
     </gpxtpx:TrackPointExtension>
    </extensions>
   </trkpt>
   <trkpt lat="27.7079700" lon="85.3218360">
    <ele>1293.8</ele>
    <time>2025-10-25T01:03:03Z</time>
    <extensions>
     <gpxtpx:TrackPointExtension>
      <gpxtpx:hr>165</gpxtpx:hr>
     </gpxtpx:TrackPointExtension>
    </extensions>
   </trkpt>
   <trkpt lat="27.7079910" lon="85.3218280">
    <ele>1293.8</ele>
    <time>2025-10-25T01:03:04Z</time>
    <extensions>
     <gpxtpx:TrackPointExtension>
      <gpxtpx:hr>165</gpxtpx:hr>
     </gpxtpx:TrackPointExtension>
    </extensions>
   </trkpt>
   <trkpt lat="27.7080130" lon="85.3218210">
    <ele>1293.8</ele>
    <time>2025-10-25T01:03:05Z</time>
    <extensions>
     <gpxtpx:TrackPointExtension>
      <gpxtpx:hr>165</gpxtpx:hr>
     </gpxtpx:TrackPointExtension>
    </extensions>
   </trkpt>
   <trkpt lat="27.7080350" lon="85.3218150">
    <ele>1294.0</ele>
    <time>2025-10-25T01:03:06Z</time>
    <extensions>
     <gpxtpx:TrackPointExtension>
      <gpxtpx:hr>165</gpxtpx:hr>
     </gpxtpx:TrackPointExtension>
    </extensions>
   </trkpt>
   <trkpt lat="27.7080580" lon="85.3218110">
    <ele>1294.0</ele>
    <time>2025-10-25T01:03:07Z</time>
    <extensions>
     <gpxtpx:TrackPointExtension>
      <gpxtpx:hr>165</gpxtpx:hr>
     </gpxtpx:TrackPointExtension>
    </extensions>
   </trkpt>
   <trkpt lat="27.7080820" lon="85.3218090">
    <ele>1294.0</ele>
    <time>2025-10-25T01:03:08Z</time>
    <extensions>
     <gpxtpx:TrackPointExtension>
      <gpxtpx:hr>165</gpxtpx:hr>
     </gpxtpx:TrackPointExtension>
    </extensions>
   </trkpt>
   <trkpt lat="27.7081070" lon="85.3218080">
    <ele>1294.0</ele>
    <time>2025-10-25T01:03:09Z</time>
    <extensions>
     <gpxtpx:TrackPointExtension>
      <gpxtpx:hr>165</gpxtpx:hr>
     </gpxtpx:TrackPointExtension>
    </extensions>
   </trkpt>
   <trkpt lat="27.7081320" lon="85.3218090">
    <ele>1294.2</ele>
    <time>2025-10-25T01:03:10Z</time>
    <extensions>
     <gpxtpx:TrackPointExtension>
      <gpxtpx:hr>165</gpxtpx:hr>
     </gpxtpx:TrackPointExtension>
    </extensions>
   </trkpt>
   <trkpt lat="27.7081570" lon="85.3218110">
    <ele>1294.2</ele>
    <time>2025-10-25T01:03:11Z</time>
    <extensions>
     <gpxtpx:TrackPointExtension>
      <gpxtpx:hr>165</gpxtpx:hr>
     </gpxtpx:TrackPointExtension>
    </extensions>
   </trkpt>
   <trkpt lat="27.7081820" lon="85.3218130">
    <ele>1294.2</ele>
    <time>2025-10-25T01:03:12Z</time>
    <extensions>
     <gpxtpx:TrackPointExtension>
      <gpxtpx:hr>165</gpxtpx:hr>
     </gpxtpx:TrackPointExtension>
    </extensions>
   </trkpt>
   <trkpt lat="27.7082080" lon="85.3218150">
    <ele>1294.2</ele>
    <time>2025-10-25T01:03:13Z</time>
    <extensions>
     <gpxtpx:TrackPointExtension>
      <gpxtpx:hr>165</gpxtpx:hr>
     </gpxtpx:TrackPointExtension>
    </extensions>
   </trkpt>
   <trkpt lat="27.7082320" lon="85.3218170">
    <ele>1294.2</ele>
    <time>2025-10-25T01:03:14Z</time>
    <extensions>
     <gpxtpx:TrackPointExtension>
      <gpxtpx:hr>165</gpxtpx:hr>
     </gpxtpx:TrackPointExtension>
    </extensions>
   </trkpt>
   <trkpt lat="27.7082570" lon="85.3218200">
    <ele>1294.2</ele>
    <time>2025-10-25T01:03:15Z</time>
    <extensions>
     <gpxtpx:TrackPointExtension>
      <gpxtpx:hr>165</gpxtpx:hr>
     </gpxtpx:TrackPointExtension>
    </extensions>
   </trkpt>
   <trkpt lat="27.7082820" lon="85.3218220">
    <ele>1294.4</ele>
    <time>2025-10-25T01:03:16Z</time>
    <extensions>
     <gpxtpx:TrackPointExtension>
      <gpxtpx:hr>165</gpxtpx:hr>
     </gpxtpx:TrackPointExtension>
    </extensions>
   </trkpt>
   <trkpt lat="27.7083060" lon="85.3218250">
    <ele>1294.4</ele>
    <time>2025-10-25T01:03:17Z</time>
    <extensions>
     <gpxtpx:TrackPointExtension>
      <gpxtpx:hr>165</gpxtpx:hr>
     </gpxtpx:TrackPointExtension>
    </extensions>
   </trkpt>
   <trkpt lat="27.7083290" lon="85.3218280">
    <ele>1294.4</ele>
    <time>2025-10-25T01:03:18Z</time>
    <extensions>
     <gpxtpx:TrackPointExtension>
      <gpxtpx:hr>165</gpxtpx:hr>
     </gpxtpx:TrackPointExtension>
    </extensions>
   </trkpt>
   <trkpt lat="27.7083530" lon="85.3218310">
    <ele>1294.4</ele>
    <time>2025-10-25T01:03:19Z</time>
    <extensions>
     <gpxtpx:TrackPointExtension>
      <gpxtpx:hr>165</gpxtpx:hr>
     </gpxtpx:TrackPointExtension>
    </extensions>
   </trkpt>
   <trkpt lat="27.7083780" lon="85.3218340">
    <ele>1294.4</ele>
    <time>2025-10-25T01:03:20Z</time>
    <extensions>
     <gpxtpx:TrackPointExtension>
      <gpxtpx:hr>165</gpxtpx:hr>
     </gpxtpx:TrackPointExtension>
    </extensions>
   </trkpt>
   <trkpt lat="27.7084020" lon="85.3218360">
    <ele>1294.6</ele>
    <time>2025-10-25T01:03:21Z</time>
    <extensions>
     <gpxtpx:TrackPointExtension>
      <gpxtpx:hr>165</gpxtpx:hr>
     </gpxtpx:TrackPointExtension>
    </extensions>
   </trkpt>
   <trkpt lat="27.7084260" lon="85.3218390">
    <ele>1294.6</ele>
    <time>2025-10-25T01:03:22Z</time>
    <extensions>
     <gpxtpx:TrackPointExtension>
      <gpxtpx:hr>165</gpxtpx:hr>
     </gpxtpx:TrackPointExtension>
    </extensions>
   </trkpt>
   <trkpt lat="27.7084490" lon="85.3218410">
    <ele>1294.6</ele>
    <time>2025-10-25T01:03:23Z</time>
    <extensions>
     <gpxtpx:TrackPointExtension>
      <gpxtpx:hr>165</gpxtpx:hr>
     </gpxtpx:TrackPointExtension>
    </extensions>
   </trkpt>
   <trkpt lat="27.7084720" lon="85.3218430">
    <ele>1294.6</ele>
    <time>2025-10-25T01:03:24Z</time>
    <extensions>
     <gpxtpx:TrackPointExtension>
      <gpxtpx:hr>165</gpxtpx:hr>
     </gpxtpx:TrackPointExtension>
    </extensions>
   </trkpt>
   <trkpt lat="27.7084960" lon="85.3218450">
    <ele>1294.8</ele>
    <time>2025-10-25T01:03:25Z</time>
    <extensions>
     <gpxtpx:TrackPointExtension>
      <gpxtpx:hr>165</gpxtpx:hr>
     </gpxtpx:TrackPointExtension>
    </extensions>
   </trkpt>
   <trkpt lat="27.7085190" lon="85.3218480">
    <ele>1294.8</ele>
    <time>2025-10-25T01:03:26Z</time>
    <extensions>
     <gpxtpx:TrackPointExtension>
      <gpxtpx:hr>165</gpxtpx:hr>
     </gpxtpx:TrackPointExtension>
    </extensions>
   </trkpt>
   <trkpt lat="27.7085430" lon="85.3218500">
    <ele>1294.8</ele>
    <time>2025-10-25T01:03:27Z</time>
    <extensions>
     <gpxtpx:TrackPointExtension>
      <gpxtpx:hr>165</gpxtpx:hr>
     </gpxtpx:TrackPointExtension>
    </extensions>
   </trkpt>
   <trkpt lat="27.7085660" lon="85.3218530">
    <ele>1294.8</ele>
    <time>2025-10-25T01:03:28Z</time>
    <extensions>
     <gpxtpx:TrackPointExtension>
      <gpxtpx:hr>165</gpxtpx:hr>
     </gpxtpx:TrackPointExtension>
    </extensions>
   </trkpt>
   <trkpt lat="27.7085900" lon="85.3218550">
    <ele>1295.0</ele>
    <time>2025-10-25T01:03:29Z</time>
    <extensions>
     <gpxtpx:TrackPointExtension>
      <gpxtpx:hr>165</gpxtpx:hr>
     </gpxtpx:TrackPointExtension>
    </extensions>
   </trkpt>
   <trkpt lat="27.7086140" lon="85.3218580">
    <ele>1295.0</ele>
    <time>2025-10-25T01:03:30Z</time>
    <extensions>
     <gpxtpx:TrackPointExtension>
      <gpxtpx:hr>165</gpxtpx:hr>
     </gpxtpx:TrackPointExtension>
    </extensions>
   </trkpt>
   <trkpt lat="27.7086380" lon="85.3218610">
    <ele>1295.0</ele>
    <time>2025-10-25T01:03:31Z</time>
    <extensions>
     <gpxtpx:TrackPointExtension>
      <gpxtpx:hr>165</gpxtpx:hr>
     </gpxtpx:TrackPointExtension>
    </extensions>
   </trkpt>
   <trkpt lat="27.7086620" lon="85.3218650">
    <ele>1295.0</ele>
    <time>2025-10-25T01:03:32Z</time>
    <extensions>
     <gpxtpx:TrackPointExtension>
      <gpxtpx:hr>165</gpxtpx:hr>
     </gpxtpx:TrackPointExtension>
    </extensions>
   </trkpt>
   <trkpt lat="27.7086860" lon="85.3218670">
    <ele>1295.2</ele>
    <time>2025-10-25T01:03:33Z</time>
    <extensions>
     <gpxtpx:TrackPointExtension>
      <gpxtpx:hr>165</gpxtpx:hr>
     </gpxtpx:TrackPointExtension>
    </extensions>
   </trkpt>
   <trkpt lat="27.7087100" lon="85.3218700">
    <ele>1295.2</ele>
    <time>2025-10-25T01:03:34Z</time>
    <extensions>
     <gpxtpx:TrackPointExtension>
      <gpxtpx:hr>165</gpxtpx:hr>
     </gpxtpx:TrackPointExtension>
    </extensions>
   </trkpt>
   <trkpt lat="27.7087340" lon="85.3218730">
    <ele>1295.2</ele>
    <time>2025-10-25T01:03:35Z</time>
    <extensions>
     <gpxtpx:TrackPointExtension>
      <gpxtpx:hr>165</gpxtpx:hr>
     </gpxtpx:TrackPointExtension>
    </extensions>
   </trkpt>
   <trkpt lat="27.7087570" lon="85.3218760">
    <ele>1295.2</ele>
    <time>2025-10-25T01:03:36Z</time>
    <extensions>
     <gpxtpx:TrackPointExtension>
      <gpxtpx:hr>165</gpxtpx:hr>
     </gpxtpx:TrackPointExtension>
    </extensions>
   </trkpt>
   <trkpt lat="27.7087800" lon="85.3218800">
    <ele>1295.4</ele>
    <time>2025-10-25T01:03:37Z</time>
    <extensions>
     <gpxtpx:TrackPointExtension>
      <gpxtpx:hr>165</gpxtpx:hr>
     </gpxtpx:TrackPointExtension>
    </extensions>
   </trkpt>
   <trkpt lat="27.7088030" lon="85.3218840">
    <ele>1295.4</ele>
    <time>2025-10-25T01:03:38Z</time>
    <extensions>
     <gpxtpx:TrackPointExtension>
      <gpxtpx:hr>165</gpxtpx:hr>
     </gpxtpx:TrackPointExtension>
    </extensions>
   </trkpt>
   <trkpt lat="27.7088250" lon="85.3218880">
    <ele>1295.4</ele>
    <time>2025-10-25T01:03:39Z</time>
    <extensions>
     <gpxtpx:TrackPointExtension>
      <gpxtpx:hr>165</gpxtpx:hr>
     </gpxtpx:TrackPointExtension>
    </extensions>
   </trkpt>
   <trkpt lat="27.7088470" lon="85.3218930">
    <ele>1295.4</ele>
    <time>2025-10-25T01:03:40Z</time>
    <extensions>
     <gpxtpx:TrackPointExtension>
      <gpxtpx:hr>165</gpxtpx:hr>
     </gpxtpx:TrackPointExtension>
    </extensions>
   </trkpt>
   <trkpt lat="27.7088690" lon="85.3218970">
    <ele>1295.6</ele>
    <time>2025-10-25T01:03:41Z</time>
    <extensions>
     <gpxtpx:TrackPointExtension>
      <gpxtpx:hr>165</gpxtpx:hr>
     </gpxtpx:TrackPointExtension>
    </extensions>
   </trkpt>
   <trkpt lat="27.7088920" lon="85.3219020">
    <ele>1295.6</ele>
    <time>2025-10-25T01:03:42Z</time>
    <extensions>
     <gpxtpx:TrackPointExtension>
      <gpxtpx:hr>165</gpxtpx:hr>
     </gpxtpx:TrackPointExtension>
    </extensions>
   </trkpt>
   <trkpt lat="27.7089160" lon="85.3219070">
    <ele>1295.6</ele>
    <time>2025-10-25T01:03:43Z</time>
    <extensions>
     <gpxtpx:TrackPointExtension>
      <gpxtpx:hr>165</gpxtpx:hr>
     </gpxtpx:TrackPointExtension>
    </extensions>
   </trkpt>
   <trkpt lat="27.7089390" lon="85.3219120">
    <ele>1295.6</ele>
    <time>2025-10-25T01:03:44Z</time>
    <extensions>
     <gpxtpx:TrackPointExtension>
      <gpxtpx:hr>165</gpxtpx:hr>
     </gpxtpx:TrackPointExtension>
    </extensions>
   </trkpt>
   <trkpt lat="27.7089630" lon="85.3219170">
    <ele>1295.6</ele>
    <time>2025-10-25T01:03:45Z</time>
    <extensions>
     <gpxtpx:TrackPointExtension>
      <gpxtpx:hr>165</gpxtpx:hr>
     </gpxtpx:TrackPointExtension>
    </extensions>
   </trkpt>
   <trkpt lat="27.7089870" lon="85.3219210">
    <ele>1295.8</ele>
    <time>2025-10-25T01:03:46Z</time>
    <extensions>
     <gpxtpx:TrackPointExtension>
      <gpxtpx:hr>165</gpxtpx:hr>
     </gpxtpx:TrackPointExtension>
    </extensions>
   </trkpt>
   <trkpt lat="27.7090110" lon="85.3219250">
    <ele>1295.8</ele>
    <time>2025-10-25T01:03:47Z</time>
    <extensions>
     <gpxtpx:TrackPointExtension>
      <gpxtpx:hr>165</gpxtpx:hr>
     </gpxtpx:TrackPointExtension>
    </extensions>
   </trkpt>
   <trkpt lat="27.7090360" lon="85.3219280">
    <ele>1295.8</ele>
    <time>2025-10-25T01:03:48Z</time>
    <extensions>
     <gpxtpx:TrackPointExtension>
      <gpxtpx:hr>165</gpxtpx:hr>
     </gpxtpx:TrackPointExtension>
    </extensions>
   </trkpt>
   <trkpt lat="27.7090600" lon="85.3219310">
    <ele>1295.8</ele>
    <time>2025-10-25T01:03:49Z</time>
    <extensions>
     <gpxtpx:TrackPointExtension>
      <gpxtpx:hr>165</gpxtpx:hr>
     </gpxtpx:TrackPointExtension>
    </extensions>
   </trkpt>
   <trkpt lat="27.7090840" lon="85.3219340">
    <ele>1296.0</ele>
    <time>2025-10-25T01:03:50Z</time>
    <extensions>
     <gpxtpx:TrackPointExtension>
      <gpxtpx:hr>165</gpxtpx:hr>
     </gpxtpx:TrackPointExtension>
    </extensions>
   </trkpt>
   <trkpt lat="27.7091080" lon="85.3219360">
    <ele>1296.0</ele>
    <time>2025-10-25T01:03:51Z</time>
    <extensions>
     <gpxtpx:TrackPointExtension>
      <gpxtpx:hr>165</gpxtpx:hr>
     </gpxtpx:TrackPointExtension>
    </extensions>
   </trkpt>
   <trkpt lat="27.7091320" lon="85.3219390">
    <ele>1296.0</ele>
    <time>2025-10-25T01:03:52Z</time>
    <extensions>
     <gpxtpx:TrackPointExtension>
      <gpxtpx:hr>165</gpxtpx:hr>
     </gpxtpx:TrackPointExtension>
    </extensions>
   </trkpt>
   <trkpt lat="27.7091570" lon="85.3219400">
    <ele>1296.0</ele>
    <time>2025-10-25T01:03:53Z</time>
    <extensions>
     <gpxtpx:TrackPointExtension>
      <gpxtpx:hr>165</gpxtpx:hr>
     </gpxtpx:TrackPointExtension>
    </extensions>
   </trkpt>
   <trkpt lat="27.7091820" lon="85.3219420">
    <ele>1296.2</ele>
    <time>2025-10-25T01:03:54Z</time>
    <extensions>
     <gpxtpx:TrackPointExtension>
      <gpxtpx:hr>165</gpxtpx:hr>
     </gpxtpx:TrackPointExtension>
    </extensions>
   </trkpt>
   <trkpt lat="27.7092060" lon="85.3219430">
    <ele>1296.2</ele>
    <time>2025-10-25T01:03:55Z</time>
    <extensions>
     <gpxtpx:TrackPointExtension>
      <gpxtpx:hr>165</gpxtpx:hr>
     </gpxtpx:TrackPointExtension>
    </extensions>
   </trkpt>
   <trkpt lat="27.7092310" lon="85.3219450">
    <ele>1296.2</ele>
    <time>2025-10-25T01:03:56Z</time>
    <extensions>
     <gpxtpx:TrackPointExtension>
      <gpxtpx:hr>165</gpxtpx:hr>
     </gpxtpx:TrackPointExtension>
    </extensions>
   </trkpt>
   <trkpt lat="27.7092560" lon="85.3219470">
    <ele>1296.2</ele>
    <time>2025-10-25T01:03:57Z</time>
    <extensions>
     <gpxtpx:TrackPointExtension>
      <gpxtpx:hr>165</gpxtpx:hr>
     </gpxtpx:TrackPointExtension>
    </extensions>
   </trkpt>
   <trkpt lat="27.7092800" lon="85.3219490">
    <ele>1296.4</ele>
    <time>2025-10-25T01:03:58Z</time>
    <extensions>
     <gpxtpx:TrackPointExtension>
      <gpxtpx:hr>165</gpxtpx:hr>
     </gpxtpx:TrackPointExtension>
    </extensions>
   </trkpt>
   <trkpt lat="27.7093030" lon="85.3219510">
    <ele>1296.4</ele>
    <time>2025-10-25T01:03:59Z</time>
    <extensions>
     <gpxtpx:TrackPointExtension>
      <gpxtpx:hr>165</gpxtpx:hr>
     </gpxtpx:TrackPointExtension>
    </extensions>
   </trkpt>
   <trkpt lat="27.7093260" lon="85.3219540">
    <ele>1296.4</ele>
    <time>2025-10-25T01:04:00Z</time>
    <extensions>
     <gpxtpx:TrackPointExtension>
      <gpxtpx:hr>165</gpxtpx:hr>
     </gpxtpx:TrackPointExtension>
    </extensions>
   </trkpt>
   <trkpt lat="27.7093500" lon="85.3219570">
    <ele>1296.4</ele>
    <time>2025-10-25T01:04:01Z</time>
    <extensions>
     <gpxtpx:TrackPointExtension>
      <gpxtpx:hr>165</gpxtpx:hr>
     </gpxtpx:TrackPointExtension>
    </extensions>
   </trkpt>
   <trkpt lat="27.7093740" lon="85.3219610">
    <ele>1296.6</ele>
    <time>2025-10-25T01:04:02Z</time>
    <extensions>
     <gpxtpx:TrackPointExtension>
      <gpxtpx:hr>165</gpxtpx:hr>
     </gpxtpx:TrackPointExtension>
    </extensions>
   </trkpt>
   <trkpt lat="27.7093980" lon="85.3219650">
    <ele>1296.6</ele>
    <time>2025-10-25T01:04:03Z</time>
    <extensions>
     <gpxtpx:TrackPointExtension>
      <gpxtpx:hr>165</gpxtpx:hr>
     </gpxtpx:TrackPointExtension>
    </extensions>
   </trkpt>
   <trkpt lat="27.7094220" lon="85.3219690">
    <ele>1296.6</ele>
    <time>2025-10-25T01:04:04Z</time>
    <extensions>
     <gpxtpx:TrackPointExtension>
      <gpxtpx:hr>165</gpxtpx:hr>
     </gpxtpx:TrackPointExtension>
    </extensions>
   </trkpt>
   <trkpt lat="27.7094450" lon="85.3219730">
    <ele>1296.8</ele>
    <time>2025-10-25T01:04:05Z</time>
    <extensions>
     <gpxtpx:TrackPointExtension>
      <gpxtpx:hr>165</gpxtpx:hr>
     </gpxtpx:TrackPointExtension>
    </extensions>
   </trkpt>
   <trkpt lat="27.7094680" lon="85.3219780">
    <ele>1296.8</ele>
    <time>2025-10-25T01:04:06Z</time>
    <extensions>
     <gpxtpx:TrackPointExtension>
      <gpxtpx:hr>165</gpxtpx:hr>
     </gpxtpx:TrackPointExtension>
    </extensions>
   </trkpt>
   <trkpt lat="27.7094910" lon="85.3219830">
    <ele>1296.8</ele>
    <time>2025-10-25T01:04:07Z</time>
    <extensions>
     <gpxtpx:TrackPointExtension>
      <gpxtpx:hr>165</gpxtpx:hr>
     </gpxtpx:TrackPointExtension>
    </extensions>
   </trkpt>
   <trkpt lat="27.7095140" lon="85.3219880">
    <ele>1297.0</ele>
    <time>2025-10-25T01:04:08Z</time>
    <extensions>
     <gpxtpx:TrackPointExtension>
      <gpxtpx:hr>165</gpxtpx:hr>
     </gpxtpx:TrackPointExtension>
    </extensions>
   </trkpt>
   <trkpt lat="27.7095380" lon="85.3219930">
    <ele>1297.0</ele>
    <time>2025-10-25T01:04:09Z</time>
    <extensions>
     <gpxtpx:TrackPointExtension>
      <gpxtpx:hr>165</gpxtpx:hr>
     </gpxtpx:TrackPointExtension>
    </extensions>
   </trkpt>
   <trkpt lat="27.7095610" lon="85.3219990">
    <ele>1297.0</ele>
    <time>2025-10-25T01:04:10Z</time>
    <extensions>
     <gpxtpx:TrackPointExtension>
      <gpxtpx:hr>165</gpxtpx:hr>
     </gpxtpx:TrackPointExtension>
    </extensions>
   </trkpt>
   <trkpt lat="27.7095840" lon="85.3220040">
    <ele>1297.0</ele>
    <time>2025-10-25T01:04:11Z</time>
    <extensions>
     <gpxtpx:TrackPointExtension>
      <gpxtpx:hr>165</gpxtpx:hr>
     </gpxtpx:TrackPointExtension>
    </extensions>
   </trkpt>
   <trkpt lat="27.7096070" lon="85.3220090">
    <ele>1297.2</ele>
    <time>2025-10-25T01:04:12Z</time>
    <extensions>
     <gpxtpx:TrackPointExtension>
      <gpxtpx:hr>165</gpxtpx:hr>
     </gpxtpx:TrackPointExtension>
    </extensions>
   </trkpt>
   <trkpt lat="27.7096290" lon="85.3220140">
    <ele>1297.2</ele>
    <time>2025-10-25T01:04:13Z</time>
    <extensions>
     <gpxtpx:TrackPointExtension>
      <gpxtpx:hr>165</gpxtpx:hr>
     </gpxtpx:TrackPointExtension>
    </extensions>
   </trkpt>
   <trkpt lat="27.7096510" lon="85.3220190">
    <ele>1297.2</ele>
    <time>2025-10-25T01:04:14Z</time>
    <extensions>
     <gpxtpx:TrackPointExtension>
      <gpxtpx:hr>165</gpxtpx:hr>
     </gpxtpx:TrackPointExtension>
    </extensions>
   </trkpt>
   <trkpt lat="27.7096710" lon="85.3220240">
    <ele>1297.2</ele>
    <time>2025-10-25T01:04:15Z</time>
    <extensions>
     <gpxtpx:TrackPointExtension>
      <gpxtpx:hr>165</gpxtpx:hr>
     </gpxtpx:TrackPointExtension>
    </extensions>
   </trkpt>
   <trkpt lat="27.7096910" lon="85.3220280">
    <ele>1297.4</ele>
    <time>2025-10-25T01:04:16Z</time>
    <extensions>
     <gpxtpx:TrackPointExtension>
      <gpxtpx:hr>165</gpxtpx:hr>
     </gpxtpx:TrackPointExtension>
    </extensions>
   </trkpt>
   <trkpt lat="27.7097110" lon="85.3220320">
    <ele>1297.4</ele>
    <time>2025-10-25T01:04:17Z</time>
    <extensions>
     <gpxtpx:TrackPointExtension>
      <gpxtpx:hr>165</gpxtpx:hr>
     </gpxtpx:TrackPointExtension>
    </extensions>
   </trkpt>
   <trkpt lat="27.7097310" lon="85.3220360">
    <ele>1297.4</ele>
    <time>2025-10-25T01:04:18Z</time>
    <extensions>
     <gpxtpx:TrackPointExtension>
      <gpxtpx:hr>165</gpxtpx:hr>
     </gpxtpx:TrackPointExtension>
    </extensions>
   </trkpt>
   <trkpt lat="27.7097520" lon="85.3220400">
    <ele>1297.6</ele>
    <time>2025-10-25T01:04:19Z</time>
    <extensions>
     <gpxtpx:TrackPointExtension>
      <gpxtpx:hr>165</gpxtpx:hr>
     </gpxtpx:TrackPointExtension>
    </extensions>
   </trkpt>
   <trkpt lat="27.7097730" lon="85.3220440">
    <ele>1297.6</ele>
    <time>2025-10-25T01:04:20Z</time>
    <extensions>
     <gpxtpx:TrackPointExtension>
      <gpxtpx:hr>165</gpxtpx:hr>
     </gpxtpx:TrackPointExtension>
    </extensions>
   </trkpt>
   <trkpt lat="27.7097940" lon="85.3220490">
    <ele>1297.8</ele>
    <time>2025-10-25T01:04:21Z</time>
    <extensions>
     <gpxtpx:TrackPointExtension>
      <gpxtpx:hr>165</gpxtpx:hr>
     </gpxtpx:TrackPointExtension>
    </extensions>
   </trkpt>
   <trkpt lat="27.7098160" lon="85.3220530">
    <ele>1297.8</ele>
    <time>2025-10-25T01:04:22Z</time>
    <extensions>
     <gpxtpx:TrackPointExtension>
      <gpxtpx:hr>165</gpxtpx:hr>
     </gpxtpx:TrackPointExtension>
    </extensions>
   </trkpt>
   <trkpt lat="27.7098380" lon="85.3220580">
    <ele>1297.8</ele>
    <time>2025-10-25T01:04:23Z</time>
    <extensions>
     <gpxtpx:TrackPointExtension>
      <gpxtpx:hr>165</gpxtpx:hr>
     </gpxtpx:TrackPointExtension>
    </extensions>
   </trkpt>
   <trkpt lat="27.7098610" lon="85.3220630">
    <ele>1298.0</ele>
    <time>2025-10-25T01:04:24Z</time>
    <extensions>
     <gpxtpx:TrackPointExtension>
      <gpxtpx:hr>165</gpxtpx:hr>
     </gpxtpx:TrackPointExtension>
    </extensions>
   </trkpt>
   <trkpt lat="27.7098840" lon="85.3220670">
    <ele>1298.0</ele>
    <time>2025-10-25T01:04:25Z</time>
    <extensions>
     <gpxtpx:TrackPointExtension>
      <gpxtpx:hr>165</gpxtpx:hr>
     </gpxtpx:TrackPointExtension>
    </extensions>
   </trkpt>
   <trkpt lat="27.7099060" lon="85.3220710">
    <ele>1298.2</ele>
    <time>2025-10-25T01:04:26Z</time>
    <extensions>
     <gpxtpx:TrackPointExtension>
      <gpxtpx:hr>165</gpxtpx:hr>
     </gpxtpx:TrackPointExtension>
    </extensions>
   </trkpt>
   <trkpt lat="27.7099270" lon="85.3220760">
    <ele>1298.2</ele>
    <time>2025-10-25T01:04:27Z</time>
    <extensions>
     <gpxtpx:TrackPointExtension>
      <gpxtpx:hr>165</gpxtpx:hr>
     </gpxtpx:TrackPointExtension>
    </extensions>
   </trkpt>
   <trkpt lat="27.7099500" lon="85.3220800">
    <ele>1298.4</ele>
    <time>2025-10-25T01:04:28Z</time>
    <extensions>
     <gpxtpx:TrackPointExtension>
      <gpxtpx:hr>165</gpxtpx:hr>
     </gpxtpx:TrackPointExtension>
    </extensions>
   </trkpt>
   <trkpt lat="27.7099720" lon="85.3220840">
    <ele>1298.6</ele>
    <time>2025-10-25T01:04:29Z</time>
    <extensions>
     <gpxtpx:TrackPointExtension>
      <gpxtpx:hr>165</gpxtpx:hr>
     </gpxtpx:TrackPointExtension>
    </extensions>
   </trkpt>
   <trkpt lat="27.7099950" lon="85.3220880">
    <ele>1298.6</ele>
    <time>2025-10-25T01:04:30Z</time>
    <extensions>
     <gpxtpx:TrackPointExtension>
      <gpxtpx:hr>165</gpxtpx:hr>
     </gpxtpx:TrackPointExtension>
    </extensions>
   </trkpt>
   <trkpt lat="27.7100170" lon="85.3220920">
    <ele>1298.8</ele>
    <time>2025-10-25T01:04:31Z</time>
    <extensions>
     <gpxtpx:TrackPointExtension>
      <gpxtpx:hr>165</gpxtpx:hr>
     </gpxtpx:TrackPointExtension>
    </extensions>
   </trkpt>
   <trkpt lat="27.7100400" lon="85.3220950">
    <ele>1298.8</ele>
    <time>2025-10-25T01:04:32Z</time>
    <extensions>
     <gpxtpx:TrackPointExtension>
      <gpxtpx:hr>165</gpxtpx:hr>
     </gpxtpx:TrackPointExtension>
    </extensions>
   </trkpt>
   <trkpt lat="27.7100620" lon="85.3220980">
    <ele>1299.0</ele>
    <time>2025-10-25T01:04:33Z</time>
    <extensions>
     <gpxtpx:TrackPointExtension>
      <gpxtpx:hr>165</gpxtpx:hr>
     </gpxtpx:TrackPointExtension>
    </extensions>
   </trkpt>
   <trkpt lat="27.7100850" lon="85.3221010">
    <ele>1299.0</ele>
    <time>2025-10-25T01:04:34Z</time>
    <extensions>
     <gpxtpx:TrackPointExtension>
      <gpxtpx:hr>165</gpxtpx:hr>
     </gpxtpx:TrackPointExtension>
    </extensions>
   </trkpt>
   <trkpt lat="27.7101080" lon="85.3221030">
    <ele>1299.2</ele>
    <time>2025-10-25T01:04:35Z</time>
    <extensions>
     <gpxtpx:TrackPointExtension>
      <gpxtpx:hr>165</gpxtpx:hr>
     </gpxtpx:TrackPointExtension>
    </extensions>
   </trkpt>
   <trkpt lat="27.7101310" lon="85.3221030">
    <ele>1299.2</ele>
    <time>2025-10-25T01:04:36Z</time>
    <extensions>
     <gpxtpx:TrackPointExtension>
      <gpxtpx:hr>165</gpxtpx:hr>
     </gpxtpx:TrackPointExtension>
    </extensions>
   </trkpt>
   <trkpt lat="27.7101540" lon="85.3221020">
    <ele>1299.4</ele>
    <time>2025-10-25T01:04:37Z</time>
    <extensions>
     <gpxtpx:TrackPointExtension>
      <gpxtpx:hr>165</gpxtpx:hr>
     </gpxtpx:TrackPointExtension>
    </extensions>
   </trkpt>
   <trkpt lat="27.7101770" lon="85.3220990">
    <ele>1299.4</ele>
    <time>2025-10-25T01:04:38Z</time>
    <extensions>
     <gpxtpx:TrackPointExtension>
      <gpxtpx:hr>165</gpxtpx:hr>
     </gpxtpx:TrackPointExtension>
    </extensions>
   </trkpt>
   <trkpt lat="27.7101990" lon="85.3220930">
    <ele>1299.6</ele>
    <time>2025-10-25T01:04:39Z</time>
    <extensions>
     <gpxtpx:TrackPointExtension>
      <gpxtpx:hr>165</gpxtpx:hr>
     </gpxtpx:TrackPointExtension>
    </extensions>
   </trkpt>
   <trkpt lat="27.7102210" lon="85.3220840">
    <ele>1299.6</ele>
    <time>2025-10-25T01:04:40Z</time>
    <extensions>
     <gpxtpx:TrackPointExtension>
      <gpxtpx:hr>165</gpxtpx:hr>
     </gpxtpx:TrackPointExtension>
    </extensions>
   </trkpt>
   <trkpt lat="27.7102420" lon="85.3220730">
    <ele>1299.8</ele>
    <time>2025-10-25T01:04:41Z</time>
    <extensions>
     <gpxtpx:TrackPointExtension>
      <gpxtpx:hr>165</gpxtpx:hr>
     </gpxtpx:TrackPointExtension>
    </extensions>
   </trkpt>
   <trkpt lat="27.7102630" lon="85.3220610">
    <ele>1299.8</ele>
    <time>2025-10-25T01:04:42Z</time>
    <extensions>
     <gpxtpx:TrackPointExtension>
      <gpxtpx:hr>165</gpxtpx:hr>
     </gpxtpx:TrackPointExtension>
    </extensions>
   </trkpt>
   <trkpt lat="27.7102830" lon="85.3220470">
    <ele>1300.0</ele>
    <time>2025-10-25T01:04:43Z</time>
    <extensions>
     <gpxtpx:TrackPointExtension>
      <gpxtpx:hr>165</gpxtpx:hr>
     </gpxtpx:TrackPointExtension>
    </extensions>
   </trkpt>
   <trkpt lat="27.7103040" lon="85.3220320">
    <ele>1300.0</ele>
    <time>2025-10-25T01:04:44Z</time>
    <extensions>
     <gpxtpx:TrackPointExtension>
      <gpxtpx:hr>165</gpxtpx:hr>
     </gpxtpx:TrackPointExtension>
    </extensions>
   </trkpt>
   <trkpt lat="27.7103240" lon="85.3220170">
    <ele>1300.0</ele>
    <time>2025-10-25T01:04:45Z</time>
    <extensions>
     <gpxtpx:TrackPointExtension>
      <gpxtpx:hr>165</gpxtpx:hr>
     </gpxtpx:TrackPointExtension>
    </extensions>
   </trkpt>
   <trkpt lat="27.7103430" lon="85.3220020">
    <ele>1300.2</ele>
    <time>2025-10-25T01:04:46Z</time>
    <extensions>
     <gpxtpx:TrackPointExtension>
      <gpxtpx:hr>165</gpxtpx:hr>
     </gpxtpx:TrackPointExtension>
    </extensions>
   </trkpt>
   <trkpt lat="27.7103620" lon="85.3219880">
    <ele>1300.2</ele>
    <time>2025-10-25T01:04:47Z</time>
    <extensions>
     <gpxtpx:TrackPointExtension>
      <gpxtpx:hr>165</gpxtpx:hr>
     </gpxtpx:TrackPointExtension>
    </extensions>
   </trkpt>
   <trkpt lat="27.7103820" lon="85.3219750">
    <ele>1300.2</ele>
    <time>2025-10-25T01:04:48Z</time>
    <extensions>
     <gpxtpx:TrackPointExtension>
      <gpxtpx:hr>165</gpxtpx:hr>
     </gpxtpx:TrackPointExtension>
    </extensions>
   </trkpt>
   <trkpt lat="27.7104030" lon="85.3219630">
    <ele>1300.2</ele>
    <time>2025-10-25T01:04:49Z</time>
    <extensions>
     <gpxtpx:TrackPointExtension>
      <gpxtpx:hr>165</gpxtpx:hr>
     </gpxtpx:TrackPointExtension>
    </extensions>
   </trkpt>
   <trkpt lat="27.7104250" lon="85.3219520">
    <ele>1300.2</ele>
    <time>2025-10-25T01:04:50Z</time>
    <extensions>
     <gpxtpx:TrackPointExtension>
      <gpxtpx:hr>165</gpxtpx:hr>
     </gpxtpx:TrackPointExtension>
    </extensions>
   </trkpt>
   <trkpt lat="27.7104490" lon="85.3219430">
    <ele>1300.2</ele>
    <time>2025-10-25T01:04:51Z</time>
    <extensions>
     <gpxtpx:TrackPointExtension>
      <gpxtpx:hr>165</gpxtpx:hr>
     </gpxtpx:TrackPointExtension>
    </extensions>
   </trkpt>
   <trkpt lat="27.7104730" lon="85.3219360">
    <ele>1300.2</ele>
    <time>2025-10-25T01:04:52Z</time>
    <extensions>
     <gpxtpx:TrackPointExtension>
      <gpxtpx:hr>165</gpxtpx:hr>
     </gpxtpx:TrackPointExtension>
    </extensions>
   </trkpt>
   <trkpt lat="27.7104980" lon="85.3219320">
    <ele>1300.2</ele>
    <time>2025-10-25T01:04:53Z</time>
    <extensions>
     <gpxtpx:TrackPointExtension>
      <gpxtpx:hr>165</gpxtpx:hr>
     </gpxtpx:TrackPointExtension>
    </extensions>
   </trkpt>
   <trkpt lat="27.7105220" lon="85.3219290">
    <ele>1300.2</ele>
    <time>2025-10-25T01:04:54Z</time>
    <extensions>
     <gpxtpx:TrackPointExtension>
      <gpxtpx:hr>165</gpxtpx:hr>
     </gpxtpx:TrackPointExtension>
    </extensions>
   </trkpt>
   <trkpt lat="27.7105480" lon="85.3219280">
    <ele>1300.2</ele>
    <time>2025-10-25T01:04:55Z</time>
    <extensions>
     <gpxtpx:TrackPointExtension>
      <gpxtpx:hr>165</gpxtpx:hr>
     </gpxtpx:TrackPointExtension>
    </extensions>
   </trkpt>
   <trkpt lat="27.7105730" lon="85.3219280">
    <ele>1300.2</ele>
    <time>2025-10-25T01:04:56Z</time>
    <extensions>
     <gpxtpx:TrackPointExtension>
      <gpxtpx:hr>165</gpxtpx:hr>
     </gpxtpx:TrackPointExtension>
    </extensions>
   </trkpt>
   <trkpt lat="27.7105990" lon="85.3219300">
    <ele>1300.2</ele>
    <time>2025-10-25T01:04:57Z</time>
    <extensions>
     <gpxtpx:TrackPointExtension>
      <gpxtpx:hr>165</gpxtpx:hr>
     </gpxtpx:TrackPointExtension>
    </extensions>
   </trkpt>
   <trkpt lat="27.7106250" lon="85.3219320">
    <ele>1300.2</ele>
    <time>2025-10-25T01:04:58Z</time>
    <extensions>
     <gpxtpx:TrackPointExtension>
      <gpxtpx:hr>165</gpxtpx:hr>
     </gpxtpx:TrackPointExtension>
    </extensions>
   </trkpt>
   <trkpt lat="27.7106500" lon="85.3219350">
    <ele>1300.2</ele>
    <time>2025-10-25T01:04:59Z</time>
    <extensions>
     <gpxtpx:TrackPointExtension>
      <gpxtpx:hr>165</gpxtpx:hr>
     </gpxtpx:TrackPointExtension>
    </extensions>
   </trkpt>
   <trkpt lat="27.7106760" lon="85.3219390">
    <ele>1300.2</ele>
    <time>2025-10-25T01:05:00Z</time>
    <extensions>
     <gpxtpx:TrackPointExtension>
      <gpxtpx:hr>165</gpxtpx:hr>
     </gpxtpx:TrackPointExtension>
    </extensions>
   </trkpt>
   <trkpt lat="27.7107010" lon="85.3219430">
    <ele>1300.2</ele>
    <time>2025-10-25T01:05:01Z</time>
    <extensions>
     <gpxtpx:TrackPointExtension>
      <gpxtpx:hr>165</gpxtpx:hr>
     </gpxtpx:TrackPointExtension>
    </extensions>
   </trkpt>
   <trkpt lat="27.7107260" lon="85.3219490">
    <ele>1300.2</ele>
    <time>2025-10-25T01:05:02Z</time>
    <extensions>
     <gpxtpx:TrackPointExtension>
      <gpxtpx:hr>165</gpxtpx:hr>
     </gpxtpx:TrackPointExtension>
    </extensions>
   </trkpt>
   <trkpt lat="27.7107510" lon="85.3219550">
    <ele>1300.2</ele>
    <time>2025-10-25T01:05:03Z</time>
    <extensions>
     <gpxtpx:TrackPointExtension>
      <gpxtpx:hr>165</gpxtpx:hr>
     </gpxtpx:TrackPointExtension>
    </extensions>
   </trkpt>
   <trkpt lat="27.7107760" lon="85.3219610">
    <ele>1300.0</ele>
    <time>2025-10-25T01:05:04Z</time>
    <extensions>
     <gpxtpx:TrackPointExtension>
      <gpxtpx:hr>165</gpxtpx:hr>
     </gpxtpx:TrackPointExtension>
    </extensions>
   </trkpt>
   <trkpt lat="27.7108010" lon="85.3219680">
    <ele>1300.0</ele>
    <time>2025-10-25T01:05:05Z</time>
    <extensions>
     <gpxtpx:TrackPointExtension>
      <gpxtpx:hr>165</gpxtpx:hr>
     </gpxtpx:TrackPointExtension>
    </extensions>
   </trkpt>
   <trkpt lat="27.7108260" lon="85.3219740">
    <ele>1300.0</ele>
    <time>2025-10-25T01:05:06Z</time>
    <extensions>
     <gpxtpx:TrackPointExtension>
      <gpxtpx:hr>165</gpxtpx:hr>
     </gpxtpx:TrackPointExtension>
    </extensions>
   </trkpt>
   <trkpt lat="27.7108500" lon="85.3219810">
    <ele>1300.0</ele>
    <time>2025-10-25T01:05:07Z</time>
    <extensions>
     <gpxtpx:TrackPointExtension>
      <gpxtpx:hr>165</gpxtpx:hr>
     </gpxtpx:TrackPointExtension>
    </extensions>
   </trkpt>
   <trkpt lat="27.7108750" lon="85.3219870">
    <ele>1300.0</ele>
    <time>2025-10-25T01:05:08Z</time>
    <extensions>
     <gpxtpx:TrackPointExtension>
      <gpxtpx:hr>165</gpxtpx:hr>
     </gpxtpx:TrackPointExtension>
    </extensions>
   </trkpt>
   <trkpt lat="27.7109000" lon="85.3219930">
    <ele>1300.0</ele>
    <time>2025-10-25T01:05:09Z</time>
    <extensions>
     <gpxtpx:TrackPointExtension>
      <gpxtpx:hr>165</gpxtpx:hr>
     </gpxtpx:TrackPointExtension>
    </extensions>
   </trkpt>
   <trkpt lat="27.7109250" lon="85.3219990">
    <ele>1300.0</ele>
    <time>2025-10-25T01:05:10Z</time>
    <extensions>
     <gpxtpx:TrackPointExtension>
      <gpxtpx:hr>165</gpxtpx:hr>
     </gpxtpx:TrackPointExtension>
    </extensions>
   </trkpt>
   <trkpt lat="27.7109490" lon="85.3220050">
    <ele>1300.0</ele>
    <time>2025-10-25T01:05:11Z</time>
    <extensions>
     <gpxtpx:TrackPointExtension>
      <gpxtpx:hr>165</gpxtpx:hr>
     </gpxtpx:TrackPointExtension>
    </extensions>
   </trkpt>
   <trkpt lat="27.7109740" lon="85.3220100">
    <ele>1300.0</ele>
    <time>2025-10-25T01:05:12Z</time>
    <extensions>
     <gpxtpx:TrackPointExtension>
      <gpxtpx:hr>165</gpxtpx:hr>
     </gpxtpx:TrackPointExtension>
    </extensions>
   </trkpt>
   <trkpt lat="27.7109980" lon="85.3220150">
    <ele>1300.0</ele>
    <time>2025-10-25T01:05:13Z</time>
    <extensions>
     <gpxtpx:TrackPointExtension>
      <gpxtpx:hr>165</gpxtpx:hr>
     </gpxtpx:TrackPointExtension>
    </extensions>
   </trkpt>
   <trkpt lat="27.7110220" lon="85.3220190">
    <ele>1300.2</ele>
    <time>2025-10-25T01:05:14Z</time>
    <extensions>
     <gpxtpx:TrackPointExtension>
      <gpxtpx:hr>165</gpxtpx:hr>
     </gpxtpx:TrackPointExtension>
    </extensions>
   </trkpt>
   <trkpt lat="27.7110460" lon="85.3220240">
    <ele>1300.2</ele>
    <time>2025-10-25T01:05:15Z</time>
    <extensions>
     <gpxtpx:TrackPointExtension>
      <gpxtpx:hr>165</gpxtpx:hr>
     </gpxtpx:TrackPointExtension>
    </extensions>
   </trkpt>
   <trkpt lat="27.7110710" lon="85.3220290">
    <ele>1300.2</ele>
    <time>2025-10-25T01:05:16Z</time>
    <extensions>
     <gpxtpx:TrackPointExtension>
      <gpxtpx:hr>165</gpxtpx:hr>
     </gpxtpx:TrackPointExtension>
    </extensions>
   </trkpt>
   <trkpt lat="27.7110960" lon="85.3220340">
    <ele>1300.2</ele>
    <time>2025-10-25T01:05:17Z</time>
    <extensions>
     <gpxtpx:TrackPointExtension>
      <gpxtpx:hr>165</gpxtpx:hr>
     </gpxtpx:TrackPointExtension>
    </extensions>
   </trkpt>
   <trkpt lat="27.7111200" lon="85.3220390">
    <ele>1300.2</ele>
    <time>2025-10-25T01:05:18Z</time>
    <extensions>
     <gpxtpx:TrackPointExtension>
      <gpxtpx:hr>165</gpxtpx:hr>
     </gpxtpx:TrackPointExtension>
    </extensions>
   </trkpt>
   <trkpt lat="27.7111450" lon="85.3220450">
    <ele>1300.2</ele>
    <time>2025-10-25T01:05:19Z</time>
    <extensions>
     <gpxtpx:TrackPointExtension>
      <gpxtpx:hr>165</gpxtpx:hr>
     </gpxtpx:TrackPointExtension>
    </extensions>
   </trkpt>
   <trkpt lat="27.7111690" lon="85.3220520">
    <ele>1300.2</ele>
    <time>2025-10-25T01:05:20Z</time>
    <extensions>
     <gpxtpx:TrackPointExtension>
      <gpxtpx:hr>165</gpxtpx:hr>
     </gpxtpx:TrackPointExtension>
    </extensions>
   </trkpt>
   <trkpt lat="27.7111920" lon="85.3220580">
    <ele>1300.2</ele>
    <time>2025-10-25T01:05:21Z</time>
    <extensions>
     <gpxtpx:TrackPointExtension>
      <gpxtpx:hr>165</gpxtpx:hr>
     </gpxtpx:TrackPointExtension>
    </extensions>
   </trkpt>
   <trkpt lat="27.7112150" lon="85.3220660">
    <ele>1300.2</ele>
    <time>2025-10-25T01:05:22Z</time>
    <extensions>
     <gpxtpx:TrackPointExtension>
      <gpxtpx:hr>165</gpxtpx:hr>
     </gpxtpx:TrackPointExtension>
    </extensions>
   </trkpt>
   <trkpt lat="27.7112390" lon="85.3220730">
    <ele>1300.2</ele>
    <time>2025-10-25T01:05:23Z</time>
    <extensions>
     <gpxtpx:TrackPointExtension>
      <gpxtpx:hr>165</gpxtpx:hr>
     </gpxtpx:TrackPointExtension>
    </extensions>
   </trkpt>
   <trkpt lat="27.7112630" lon="85.3220810">
    <ele>1300.2</ele>
    <time>2025-10-25T01:05:24Z</time>
    <extensions>
     <gpxtpx:TrackPointExtension>
      <gpxtpx:hr>165</gpxtpx:hr>
     </gpxtpx:TrackPointExtension>
    </extensions>
   </trkpt>
   <trkpt lat="27.7112870" lon="85.3220900">
    <ele>1300.2</ele>
    <time>2025-10-25T01:05:25Z</time>
    <extensions>
     <gpxtpx:TrackPointExtension>
      <gpxtpx:hr>165</gpxtpx:hr>
     </gpxtpx:TrackPointExtension>
    </extensions>
   </trkpt>
   <trkpt lat="27.7113120" lon="85.3220980">
    <ele>1300.2</ele>
    <time>2025-10-25T01:05:26Z</time>
    <extensions>
     <gpxtpx:TrackPointExtension>
      <gpxtpx:hr>165</gpxtpx:hr>
     </gpxtpx:TrackPointExtension>
    </extensions>
   </trkpt>
   <trkpt lat="27.7113360" lon="85.3221050">
    <ele>1300.2</ele>
    <time>2025-10-25T01:05:27Z</time>
    <extensions>
     <gpxtpx:TrackPointExtension>
      <gpxtpx:hr>165</gpxtpx:hr>
     </gpxtpx:TrackPointExtension>
    </extensions>
   </trkpt>
   <trkpt lat="27.7113590" lon="85.3221130">
    <ele>1300.2</ele>
    <time>2025-10-25T01:05:28Z</time>
    <extensions>
     <gpxtpx:TrackPointExtension>
      <gpxtpx:hr>165</gpxtpx:hr>
     </gpxtpx:TrackPointExtension>
    </extensions>
   </trkpt>
   <trkpt lat="27.7113840" lon="85.3221200">
    <ele>1300.2</ele>
    <time>2025-10-25T01:05:30Z</time>
    <extensions>
     <gpxtpx:TrackPointExtension>
      <gpxtpx:hr>165</gpxtpx:hr>
     </gpxtpx:TrackPointExtension>
    </extensions>
   </trkpt>
   <trkpt lat="27.7114080" lon="85.3221260">
    <ele>1300.4</ele>
    <time>2025-10-25T01:05:31Z</time>
    <extensions>
     <gpxtpx:TrackPointExtension>
      <gpxtpx:hr>165</gpxtpx:hr>
     </gpxtpx:TrackPointExtension>
    </extensions>
   </trkpt>
   <trkpt lat="27.7114320" lon="85.3221330">
    <ele>1300.4</ele>
    <time>2025-10-25T01:05:32Z</time>
    <extensions>
     <gpxtpx:TrackPointExtension>
      <gpxtpx:hr>165</gpxtpx:hr>
     </gpxtpx:TrackPointExtension>
    </extensions>
   </trkpt>
   <trkpt lat="27.7114570" lon="85.3221380">
    <ele>1300.4</ele>
    <time>2025-10-25T01:05:33Z</time>
    <extensions>
     <gpxtpx:TrackPointExtension>
      <gpxtpx:hr>165</gpxtpx:hr>
     </gpxtpx:TrackPointExtension>
    </extensions>
   </trkpt>
   <trkpt lat="27.7114820" lon="85.3221430">
    <ele>1300.4</ele>
    <time>2025-10-25T01:05:34Z</time>
    <extensions>
     <gpxtpx:TrackPointExtension>
      <gpxtpx:hr>165</gpxtpx:hr>
     </gpxtpx:TrackPointExtension>
    </extensions>
   </trkpt>
   <trkpt lat="27.7115070" lon="85.3221470">
    <ele>1300.4</ele>
    <time>2025-10-25T01:05:35Z</time>
    <extensions>
     <gpxtpx:TrackPointExtension>
      <gpxtpx:hr>165</gpxtpx:hr>
     </gpxtpx:TrackPointExtension>
    </extensions>
   </trkpt>
   <trkpt lat="27.7115320" lon="85.3221500">
    <ele>1300.4</ele>
    <time>2025-10-25T01:05:36Z</time>
    <extensions>
     <gpxtpx:TrackPointExtension>
      <gpxtpx:hr>165</gpxtpx:hr>
     </gpxtpx:TrackPointExtension>
    </extensions>
   </trkpt>
   <trkpt lat="27.7115570" lon="85.3221510">
    <ele>1300.4</ele>
    <time>2025-10-25T01:05:37Z</time>
    <extensions>
     <gpxtpx:TrackPointExtension>
      <gpxtpx:hr>165</gpxtpx:hr>
     </gpxtpx:TrackPointExtension>
    </extensions>
   </trkpt>
   <trkpt lat="27.7115820" lon="85.3221520">
    <ele>1300.4</ele>
    <time>2025-10-25T01:05:38Z</time>
    <extensions>
     <gpxtpx:TrackPointExtension>
      <gpxtpx:hr>165</gpxtpx:hr>
     </gpxtpx:TrackPointExtension>
    </extensions>
   </trkpt>
   <trkpt lat="27.7116070" lon="85.3221530">
    <ele>1300.4</ele>
    <time>2025-10-25T01:05:39Z</time>
    <extensions>
     <gpxtpx:TrackPointExtension>
      <gpxtpx:hr>165</gpxtpx:hr>
     </gpxtpx:TrackPointExtension>
    </extensions>
   </trkpt>
   <trkpt lat="27.7116310" lon="85.3221530">
    <ele>1300.4</ele>
    <time>2025-10-25T01:05:40Z</time>
    <extensions>
     <gpxtpx:TrackPointExtension>
      <gpxtpx:hr>165</gpxtpx:hr>
     </gpxtpx:TrackPointExtension>
    </extensions>
   </trkpt>
   <trkpt lat="27.7116550" lon="85.3221520">
    <ele>1300.6</ele>
    <time>2025-10-25T01:05:41Z</time>
    <extensions>
     <gpxtpx:TrackPointExtension>
      <gpxtpx:hr>165</gpxtpx:hr>
     </gpxtpx:TrackPointExtension>
    </extensions>
   </trkpt>
   <trkpt lat="27.7116790" lon="85.3221500">
    <ele>1300.6</ele>
    <time>2025-10-25T01:05:42Z</time>
    <extensions>
     <gpxtpx:TrackPointExtension>
      <gpxtpx:hr>165</gpxtpx:hr>
     </gpxtpx:TrackPointExtension>
    </extensions>
   </trkpt>
   <trkpt lat="27.7117020" lon="85.3221480">
    <ele>1300.6</ele>
    <time>2025-10-25T01:05:43Z</time>
    <extensions>
     <gpxtpx:TrackPointExtension>
      <gpxtpx:hr>165</gpxtpx:hr>
     </gpxtpx:TrackPointExtension>
    </extensions>
   </trkpt>
   <trkpt lat="27.7117260" lon="85.3221460">
    <ele>1300.6</ele>
    <time>2025-10-25T01:05:44Z</time>
    <extensions>
     <gpxtpx:TrackPointExtension>
      <gpxtpx:hr>165</gpxtpx:hr>
     </gpxtpx:TrackPointExtension>
    </extensions>
   </trkpt>
   <trkpt lat="27.7117500" lon="85.3221430">
    <ele>1300.6</ele>
    <time>2025-10-25T01:05:45Z</time>
    <extensions>
     <gpxtpx:TrackPointExtension>
      <gpxtpx:hr>165</gpxtpx:hr>
     </gpxtpx:TrackPointExtension>
    </extensions>
   </trkpt>
   <trkpt lat="27.7117760" lon="85.3221400">
    <ele>1300.6</ele>
    <time>2025-10-25T01:05:46Z</time>
    <extensions>
     <gpxtpx:TrackPointExtension>
      <gpxtpx:hr>165</gpxtpx:hr>
     </gpxtpx:TrackPointExtension>
    </extensions>
   </trkpt>
   <trkpt lat="27.7118010" lon="85.3221370">
    <ele>1300.6</ele>
    <time>2025-10-25T01:05:47Z</time>
    <extensions>
     <gpxtpx:TrackPointExtension>
      <gpxtpx:hr>165</gpxtpx:hr>
     </gpxtpx:TrackPointExtension>
    </extensions>
   </trkpt>
   <trkpt lat="27.7118270" lon="85.3221340">
    <ele>1300.6</ele>
    <time>2025-10-25T01:05:48Z</time>
    <extensions>
     <gpxtpx:TrackPointExtension>
      <gpxtpx:hr>165</gpxtpx:hr>
     </gpxtpx:TrackPointExtension>
    </extensions>
   </trkpt>
   <trkpt lat="27.7118530" lon="85.3221320">
    <ele>1300.6</ele>
    <time>2025-10-25T01:05:49Z</time>
    <extensions>
     <gpxtpx:TrackPointExtension>
      <gpxtpx:hr>165</gpxtpx:hr>
     </gpxtpx:TrackPointExtension>
    </extensions>
   </trkpt>
   <trkpt lat="27.7118790" lon="85.3221290">
    <ele>1300.6</ele>
    <time>2025-10-25T01:05:50Z</time>
    <extensions>
     <gpxtpx:TrackPointExtension>
      <gpxtpx:hr>165</gpxtpx:hr>
     </gpxtpx:TrackPointExtension>
    </extensions>
   </trkpt>
   <trkpt lat="27.7119050" lon="85.3221260">
    <ele>1300.6</ele>
    <time>2025-10-25T01:05:51Z</time>
    <extensions>
     <gpxtpx:TrackPointExtension>
      <gpxtpx:hr>165</gpxtpx:hr>
     </gpxtpx:TrackPointExtension>
    </extensions>
   </trkpt>
   <trkpt lat="27.7119320" lon="85.3221240">
    <ele>1300.6</ele>
    <time>2025-10-25T01:05:52Z</time>
    <extensions>
     <gpxtpx:TrackPointExtension>
      <gpxtpx:hr>165</gpxtpx:hr>
     </gpxtpx:TrackPointExtension>
    </extensions>
   </trkpt>
   <trkpt lat="27.7119570" lon="85.3221210">
    <ele>1300.6</ele>
    <time>2025-10-25T01:05:53Z</time>
    <extensions>
     <gpxtpx:TrackPointExtension>
      <gpxtpx:hr>165</gpxtpx:hr>
     </gpxtpx:TrackPointExtension>
    </extensions>
   </trkpt>
   <trkpt lat="27.7119830" lon="85.3221190">
    <ele>1300.6</ele>
    <time>2025-10-25T01:05:54Z</time>
    <extensions>
     <gpxtpx:TrackPointExtension>
      <gpxtpx:hr>165</gpxtpx:hr>
     </gpxtpx:TrackPointExtension>
    </extensions>
   </trkpt>
   <trkpt lat="27.7120090" lon="85.3221160">
    <ele>1300.6</ele>
    <time>2025-10-25T01:05:55Z</time>
    <extensions>
     <gpxtpx:TrackPointExtension>
      <gpxtpx:hr>165</gpxtpx:hr>
     </gpxtpx:TrackPointExtension>
    </extensions>
   </trkpt>
   <trkpt lat="27.7120350" lon="85.3221120">
    <ele>1300.6</ele>
    <time>2025-10-25T01:05:56Z</time>
    <extensions>
     <gpxtpx:TrackPointExtension>
      <gpxtpx:hr>165</gpxtpx:hr>
     </gpxtpx:TrackPointExtension>
    </extensions>
   </trkpt>
   <trkpt lat="27.7120620" lon="85.3221090">
    <ele>1300.6</ele>
    <time>2025-10-25T01:05:57Z</time>
    <extensions>
     <gpxtpx:TrackPointExtension>
      <gpxtpx:hr>165</gpxtpx:hr>
     </gpxtpx:TrackPointExtension>
    </extensions>
   </trkpt>
   <trkpt lat="27.7120890" lon="85.3221070">
    <ele>1300.6</ele>
    <time>2025-10-25T01:05:58Z</time>
    <extensions>
     <gpxtpx:TrackPointExtension>
      <gpxtpx:hr>165</gpxtpx:hr>
     </gpxtpx:TrackPointExtension>
    </extensions>
   </trkpt>
   <trkpt lat="27.7121150" lon="85.3221040">
    <ele>1300.6</ele>
    <time>2025-10-25T01:05:59Z</time>
    <extensions>
     <gpxtpx:TrackPointExtension>
      <gpxtpx:hr>165</gpxtpx:hr>
     </gpxtpx:TrackPointExtension>
    </extensions>
   </trkpt>
   <trkpt lat="27.7121420" lon="85.3221020">
    <ele>1300.6</ele>
    <time>2025-10-25T01:06:00Z</time>
    <extensions>
     <gpxtpx:TrackPointExtension>
      <gpxtpx:hr>165</gpxtpx:hr>
     </gpxtpx:TrackPointExtension>
    </extensions>
   </trkpt>
   <trkpt lat="27.7121680" lon="85.3220990">
    <ele>1300.6</ele>
    <time>2025-10-25T01:06:01Z</time>
    <extensions>
     <gpxtpx:TrackPointExtension>
      <gpxtpx:hr>165</gpxtpx:hr>
     </gpxtpx:TrackPointExtension>
    </extensions>
   </trkpt>
   <trkpt lat="27.7121940" lon="85.3220970">
    <ele>1300.8</ele>
    <time>2025-10-25T01:06:02Z</time>
    <extensions>
     <gpxtpx:TrackPointExtension>
      <gpxtpx:hr>165</gpxtpx:hr>
     </gpxtpx:TrackPointExtension>
    </extensions>
   </trkpt>
   <trkpt lat="27.7122190" lon="85.3220950">
    <ele>1300.8</ele>
    <time>2025-10-25T01:06:03Z</time>
    <extensions>
     <gpxtpx:TrackPointExtension>
      <gpxtpx:hr>165</gpxtpx:hr>
     </gpxtpx:TrackPointExtension>
    </extensions>
   </trkpt>
   <trkpt lat="27.7122440" lon="85.3220930">
    <ele>1300.8</ele>
    <time>2025-10-25T01:06:04Z</time>
    <extensions>
     <gpxtpx:TrackPointExtension>
      <gpxtpx:hr>165</gpxtpx:hr>
     </gpxtpx:TrackPointExtension>
    </extensions>
   </trkpt>
   <trkpt lat="27.7122680" lon="85.3220910">
    <ele>1300.8</ele>
    <time>2025-10-25T01:06:05Z</time>
    <extensions>
     <gpxtpx:TrackPointExtension>
      <gpxtpx:hr>165</gpxtpx:hr>
     </gpxtpx:TrackPointExtension>
    </extensions>
   </trkpt>
   <trkpt lat="27.7122930" lon="85.3220890">
    <ele>1300.8</ele>
    <time>2025-10-25T01:06:06Z</time>
    <extensions>
     <gpxtpx:TrackPointExtension>
      <gpxtpx:hr>165</gpxtpx:hr>
     </gpxtpx:TrackPointExtension>
    </extensions>
   </trkpt>
   <trkpt lat="27.7123180" lon="85.3220870">
    <ele>1300.8</ele>
    <time>2025-10-25T01:06:07Z</time>
    <extensions>
     <gpxtpx:TrackPointExtension>
      <gpxtpx:hr>165</gpxtpx:hr>
     </gpxtpx:TrackPointExtension>
    </extensions>
   </trkpt>
   <trkpt lat="27.7123440" lon="85.3220840">
    <ele>1300.8</ele>
    <time>2025-10-25T01:06:08Z</time>
    <extensions>
     <gpxtpx:TrackPointExtension>
      <gpxtpx:hr>165</gpxtpx:hr>
     </gpxtpx:TrackPointExtension>
    </extensions>
   </trkpt>
   <trkpt lat="27.7123700" lon="85.3220820">
    <ele>1300.8</ele>
    <time>2025-10-25T01:06:09Z</time>
    <extensions>
     <gpxtpx:TrackPointExtension>
      <gpxtpx:hr>165</gpxtpx:hr>
     </gpxtpx:TrackPointExtension>
    </extensions>
   </trkpt>
   <trkpt lat="27.7123970" lon="85.3220800">
    <ele>1300.8</ele>
    <time>2025-10-25T01:06:10Z</time>
    <extensions>
     <gpxtpx:TrackPointExtension>
      <gpxtpx:hr>165</gpxtpx:hr>
     </gpxtpx:TrackPointExtension>
    </extensions>
   </trkpt>
   <trkpt lat="27.7124250" lon="85.3220790">
    <ele>1300.8</ele>
    <time>2025-10-25T01:06:11Z</time>
    <extensions>
     <gpxtpx:TrackPointExtension>
      <gpxtpx:hr>165</gpxtpx:hr>
     </gpxtpx:TrackPointExtension>
    </extensions>
   </trkpt>
   <trkpt lat="27.7124520" lon="85.3220780">
    <ele>1300.6</ele>
    <time>2025-10-25T01:06:12Z</time>
    <extensions>
     <gpxtpx:TrackPointExtension>
      <gpxtpx:hr>165</gpxtpx:hr>
     </gpxtpx:TrackPointExtension>
    </extensions>
   </trkpt>
   <trkpt lat="27.7124800" lon="85.3220770">
    <ele>1300.6</ele>
    <time>2025-10-25T01:06:13Z</time>
    <extensions>
     <gpxtpx:TrackPointExtension>
      <gpxtpx:hr>165</gpxtpx:hr>
     </gpxtpx:TrackPointExtension>
    </extensions>
   </trkpt>
   <trkpt lat="27.7125060" lon="85.3220760">
    <ele>1300.6</ele>
    <time>2025-10-25T01:06:14Z</time>
    <extensions>
     <gpxtpx:TrackPointExtension>
      <gpxtpx:hr>165</gpxtpx:hr>
     </gpxtpx:TrackPointExtension>
    </extensions>
   </trkpt>
   <trkpt lat="27.7125320" lon="85.3220730">
    <ele>1300.6</ele>
    <time>2025-10-25T01:06:15Z</time>
    <extensions>
     <gpxtpx:TrackPointExtension>
      <gpxtpx:hr>165</gpxtpx:hr>
     </gpxtpx:TrackPointExtension>
    </extensions>
   </trkpt>
   <trkpt lat="27.7125580" lon="85.3220690">
    <ele>1300.6</ele>
    <time>2025-10-25T01:06:16Z</time>
    <extensions>
     <gpxtpx:TrackPointExtension>
      <gpxtpx:hr>165</gpxtpx:hr>
     </gpxtpx:TrackPointExtension>
    </extensions>
   </trkpt>
   <trkpt lat="27.7125830" lon="85.3220650">
    <ele>1300.6</ele>
    <time>2025-10-25T01:06:17Z</time>
    <extensions>
     <gpxtpx:TrackPointExtension>
      <gpxtpx:hr>165</gpxtpx:hr>
     </gpxtpx:TrackPointExtension>
    </extensions>
   </trkpt>
   <trkpt lat="27.7126080" lon="85.3220600">
    <ele>1300.6</ele>
    <time>2025-10-25T01:06:18Z</time>
    <extensions>
     <gpxtpx:TrackPointExtension>
      <gpxtpx:hr>165</gpxtpx:hr>
     </gpxtpx:TrackPointExtension>
    </extensions>
   </trkpt>
   <trkpt lat="27.7126330" lon="85.3220550">
    <ele>1300.6</ele>
    <time>2025-10-25T01:06:19Z</time>
    <extensions>
     <gpxtpx:TrackPointExtension>
      <gpxtpx:hr>165</gpxtpx:hr>
     </gpxtpx:TrackPointExtension>
    </extensions>
   </trkpt>
   <trkpt lat="27.7126580" lon="85.3220500">
    <ele>1300.6</ele>
    <time>2025-10-25T01:06:20Z</time>
    <extensions>
     <gpxtpx:TrackPointExtension>
      <gpxtpx:hr>165</gpxtpx:hr>
     </gpxtpx:TrackPointExtension>
    </extensions>
   </trkpt>
   <trkpt lat="27.7126820" lon="85.3220460">
    <ele>1300.6</ele>
    <time>2025-10-25T01:06:21Z</time>
    <extensions>
     <gpxtpx:TrackPointExtension>
      <gpxtpx:hr>165</gpxtpx:hr>
     </gpxtpx:TrackPointExtension>
    </extensions>
   </trkpt>
   <trkpt lat="27.7127070" lon="85.3220410">
    <ele>1300.6</ele>
    <time>2025-10-25T01:06:22Z</time>
    <extensions>
     <gpxtpx:TrackPointExtension>
      <gpxtpx:hr>165</gpxtpx:hr>
     </gpxtpx:TrackPointExtension>
    </extensions>
   </trkpt>
   <trkpt lat="27.7127320" lon="85.3220370">
    <ele>1300.4</ele>
    <time>2025-10-25T01:06:23Z</time>
    <extensions>
     <gpxtpx:TrackPointExtension>
      <gpxtpx:hr>165</gpxtpx:hr>
     </gpxtpx:TrackPointExtension>
    </extensions>
   </trkpt>
   <trkpt lat="27.7127590" lon="85.3220330">
    <ele>1300.4</ele>
    <time>2025-10-25T01:06:24Z</time>
    <extensions>
     <gpxtpx:TrackPointExtension>
      <gpxtpx:hr>165</gpxtpx:hr>
     </gpxtpx:TrackPointExtension>
    </extensions>
   </trkpt>
   <trkpt lat="27.7127860" lon="85.3220300">
    <ele>1300.4</ele>
    <time>2025-10-25T01:06:25Z</time>
    <extensions>
     <gpxtpx:TrackPointExtension>
      <gpxtpx:hr>165</gpxtpx:hr>
     </gpxtpx:TrackPointExtension>
    </extensions>
   </trkpt>
   <trkpt lat="27.7128120" lon="85.3220270">
    <ele>1300.4</ele>
    <time>2025-10-25T01:06:26Z</time>
    <extensions>
     <gpxtpx:TrackPointExtension>
      <gpxtpx:hr>165</gpxtpx:hr>
     </gpxtpx:TrackPointExtension>
    </extensions>
   </trkpt>
   <trkpt lat="27.7128390" lon="85.3220240">
    <ele>1300.2</ele>
    <time>2025-10-25T01:06:27Z</time>
    <extensions>
     <gpxtpx:TrackPointExtension>
      <gpxtpx:hr>165</gpxtpx:hr>
     </gpxtpx:TrackPointExtension>
    </extensions>
   </trkpt>
   <trkpt lat="27.7128660" lon="85.3220220">
    <ele>1300.2</ele>
    <time>2025-10-25T01:06:28Z</time>
    <extensions>
     <gpxtpx:TrackPointExtension>
      <gpxtpx:hr>165</gpxtpx:hr>
     </gpxtpx:TrackPointExtension>
    </extensions>
   </trkpt>
   <trkpt lat="27.7128930" lon="85.3220210">
    <ele>1300.2</ele>
    <time>2025-10-25T01:06:29Z</time>
    <extensions>
     <gpxtpx:TrackPointExtension>
      <gpxtpx:hr>165</gpxtpx:hr>
     </gpxtpx:TrackPointExtension>
    </extensions>
   </trkpt>
   <trkpt lat="27.7129200" lon="85.3220190">
    <ele>1300.2</ele>
    <time>2025-10-25T01:06:30Z</time>
    <extensions>
     <gpxtpx:TrackPointExtension>
      <gpxtpx:hr>165</gpxtpx:hr>
     </gpxtpx:TrackPointExtension>
    </extensions>
   </trkpt>
   <trkpt lat="27.7129480" lon="85.3220170">
    <ele>1300.0</ele>
    <time>2025-10-25T01:06:31Z</time>
    <extensions>
     <gpxtpx:TrackPointExtension>
      <gpxtpx:hr>165</gpxtpx:hr>
     </gpxtpx:TrackPointExtension>
    </extensions>
   </trkpt>
   <trkpt lat="27.7129760" lon="85.3220160">
    <ele>1300.0</ele>
    <time>2025-10-25T01:06:32Z</time>
    <extensions>
     <gpxtpx:TrackPointExtension>
      <gpxtpx:hr>165</gpxtpx:hr>
     </gpxtpx:TrackPointExtension>
    </extensions>
   </trkpt>
   <trkpt lat="27.7130030" lon="85.3220140">
    <ele>1300.0</ele>
    <time>2025-10-25T01:06:33Z</time>
    <extensions>
     <gpxtpx:TrackPointExtension>
      <gpxtpx:hr>165</gpxtpx:hr>
     </gpxtpx:TrackPointExtension>
    </extensions>
   </trkpt>
   <trkpt lat="27.7130300" lon="85.3220130">
    <ele>1300.0</ele>
    <time>2025-10-25T01:06:34Z</time>
    <extensions>
     <gpxtpx:TrackPointExtension>
      <gpxtpx:hr>165</gpxtpx:hr>
     </gpxtpx:TrackPointExtension>
    </extensions>
   </trkpt>
   <trkpt lat="27.7130580" lon="85.3220120">
    <ele>1299.8</ele>
    <time>2025-10-25T01:06:35Z</time>
    <extensions>
     <gpxtpx:TrackPointExtension>
      <gpxtpx:hr>165</gpxtpx:hr>
     </gpxtpx:TrackPointExtension>
    </extensions>
   </trkpt>
   <trkpt lat="27.7130840" lon="85.3220110">
    <ele>1299.8</ele>
    <time>2025-10-25T01:06:36Z</time>
    <extensions>
     <gpxtpx:TrackPointExtension>
      <gpxtpx:hr>165</gpxtpx:hr>
     </gpxtpx:TrackPointExtension>
    </extensions>
   </trkpt>
   <trkpt lat="27.7131110" lon="85.3220100">
    <ele>1299.8</ele>
    <time>2025-10-25T01:06:37Z</time>
    <extensions>
     <gpxtpx:TrackPointExtension>
      <gpxtpx:hr>165</gpxtpx:hr>
     </gpxtpx:TrackPointExtension>
    </extensions>
   </trkpt>
   <trkpt lat="27.7131360" lon="85.3220090">
    <ele>1299.8</ele>
    <time>2025-10-25T01:06:38Z</time>
    <extensions>
     <gpxtpx:TrackPointExtension>
      <gpxtpx:hr>165</gpxtpx:hr>
     </gpxtpx:TrackPointExtension>
    </extensions>
   </trkpt>
   <trkpt lat="27.7131620" lon="85.3220080">
    <ele>1299.6</ele>
    <time>2025-10-25T01:06:39Z</time>
    <extensions>
     <gpxtpx:TrackPointExtension>
      <gpxtpx:hr>165</gpxtpx:hr>
     </gpxtpx:TrackPointExtension>
    </extensions>
   </trkpt>
   <trkpt lat="27.7131880" lon="85.3220070">
    <ele>1299.6</ele>
    <time>2025-10-25T01:06:40Z</time>
    <extensions>
     <gpxtpx:TrackPointExtension>
      <gpxtpx:hr>165</gpxtpx:hr>
     </gpxtpx:TrackPointExtension>
    </extensions>
   </trkpt>
   <trkpt lat="27.7132140" lon="85.3220050">
    <ele>1299.6</ele>
    <time>2025-10-25T01:06:41Z</time>
    <extensions>
     <gpxtpx:TrackPointExtension>
      <gpxtpx:hr>165</gpxtpx:hr>
     </gpxtpx:TrackPointExtension>
    </extensions>
   </trkpt>
   <trkpt lat="27.7132400" lon="85.3220040">
    <ele>1299.6</ele>
    <time>2025-10-25T01:06:42Z</time>
    <extensions>
     <gpxtpx:TrackPointExtension>
      <gpxtpx:hr>165</gpxtpx:hr>
     </gpxtpx:TrackPointExtension>
    </extensions>
   </trkpt>
   <trkpt lat="27.7132660" lon="85.3220020">
    <ele>1299.4</ele>
    <time>2025-10-25T01:06:43Z</time>
    <extensions>
     <gpxtpx:TrackPointExtension>
      <gpxtpx:hr>165</gpxtpx:hr>
     </gpxtpx:TrackPointExtension>
    </extensions>
   </trkpt>
   <trkpt lat="27.7132930" lon="85.3219990">
    <ele>1299.4</ele>
    <time>2025-10-25T01:06:44Z</time>
    <extensions>
     <gpxtpx:TrackPointExtension>
      <gpxtpx:hr>165</gpxtpx:hr>
     </gpxtpx:TrackPointExtension>
    </extensions>
   </trkpt>
   <trkpt lat="27.7133190" lon="85.3219960">
    <ele>1299.4</ele>
    <time>2025-10-25T01:06:45Z</time>
    <extensions>
     <gpxtpx:TrackPointExtension>
      <gpxtpx:hr>165</gpxtpx:hr>
     </gpxtpx:TrackPointExtension>
    </extensions>
   </trkpt>
   <trkpt lat="27.7133460" lon="85.3219930">
    <ele>1299.4</ele>
    <time>2025-10-25T01:06:46Z</time>
    <extensions>
     <gpxtpx:TrackPointExtension>
      <gpxtpx:hr>165</gpxtpx:hr>
     </gpxtpx:TrackPointExtension>
    </extensions>
   </trkpt>
   <trkpt lat="27.7133720" lon="85.3219910">
    <ele>1299.2</ele>
    <time>2025-10-25T01:06:47Z</time>
    <extensions>
     <gpxtpx:TrackPointExtension>
      <gpxtpx:hr>165</gpxtpx:hr>
     </gpxtpx:TrackPointExtension>
    </extensions>
   </trkpt>
   <trkpt lat="27.7133970" lon="85.3219890">
    <ele>1299.2</ele>
    <time>2025-10-25T01:06:48Z</time>
    <extensions>
     <gpxtpx:TrackPointExtension>
      <gpxtpx:hr>165</gpxtpx:hr>
     </gpxtpx:TrackPointExtension>
    </extensions>
   </trkpt>
   <trkpt lat="27.7134220" lon="85.3219880">
    <ele>1299.2</ele>
    <time>2025-10-25T01:06:49Z</time>
    <extensions>
     <gpxtpx:TrackPointExtension>
      <gpxtpx:hr>165</gpxtpx:hr>
     </gpxtpx:TrackPointExtension>
    </extensions>
   </trkpt>
   <trkpt lat="27.7134460" lon="85.3219890">
    <ele>1299.0</ele>
    <time>2025-10-25T01:06:50Z</time>
    <extensions>
     <gpxtpx:TrackPointExtension>
      <gpxtpx:hr>165</gpxtpx:hr>
     </gpxtpx:TrackPointExtension>
    </extensions>
   </trkpt>
   <trkpt lat="27.7134710" lon="85.3219910">
    <ele>1299.0</ele>
    <time>2025-10-25T01:06:51Z</time>
    <extensions>
     <gpxtpx:TrackPointExtension>
      <gpxtpx:hr>165</gpxtpx:hr>
     </gpxtpx:TrackPointExtension>
    </extensions>
   </trkpt>
   <trkpt lat="27.7134960" lon="85.3219940">
    <ele>1299.0</ele>
    <time>2025-10-25T01:06:52Z</time>
    <extensions>
     <gpxtpx:TrackPointExtension>
      <gpxtpx:hr>165</gpxtpx:hr>
     </gpxtpx:TrackPointExtension>
    </extensions>
   </trkpt>
   <trkpt lat="27.7135200" lon="85.3220000">
    <ele>1298.8</ele>
    <time>2025-10-25T01:06:53Z</time>
    <extensions>
     <gpxtpx:TrackPointExtension>
      <gpxtpx:hr>165</gpxtpx:hr>
     </gpxtpx:TrackPointExtension>
    </extensions>
   </trkpt>
   <trkpt lat="27.7135440" lon="85.3220060">
    <ele>1298.8</ele>
    <time>2025-10-25T01:06:54Z</time>
    <extensions>
     <gpxtpx:TrackPointExtension>
      <gpxtpx:hr>165</gpxtpx:hr>
     </gpxtpx:TrackPointExtension>
    </extensions>
   </trkpt>
   <trkpt lat="27.7135690" lon="85.3220140">
    <ele>1298.6</ele>
    <time>2025-10-25T01:06:55Z</time>
    <extensions>
     <gpxtpx:TrackPointExtension>
      <gpxtpx:hr>165</gpxtpx:hr>
     </gpxtpx:TrackPointExtension>
    </extensions>
   </trkpt>
   <trkpt lat="27.7135930" lon="85.3220220">
    <ele>1298.6</ele>
    <time>2025-10-25T01:06:56Z</time>
    <extensions>
     <gpxtpx:TrackPointExtension>
      <gpxtpx:hr>165</gpxtpx:hr>
     </gpxtpx:TrackPointExtension>
    </extensions>
   </trkpt>
   <trkpt lat="27.7136170" lon="85.3220320">
    <ele>1298.6</ele>
    <time>2025-10-25T01:06:57Z</time>
    <extensions>
     <gpxtpx:TrackPointExtension>
      <gpxtpx:hr>165</gpxtpx:hr>
     </gpxtpx:TrackPointExtension>
    </extensions>
   </trkpt>
   <trkpt lat="27.7136390" lon="85.3220430">
    <ele>1298.4</ele>
    <time>2025-10-25T01:06:58Z</time>
    <extensions>
     <gpxtpx:TrackPointExtension>
      <gpxtpx:hr>165</gpxtpx:hr>
     </gpxtpx:TrackPointExtension>
    </extensions>
   </trkpt>
   <trkpt lat="27.7136590" lon="85.3220560">
    <ele>1298.4</ele>
    <time>2025-10-25T01:06:59Z</time>
    <extensions>
     <gpxtpx:TrackPointExtension>
      <gpxtpx:hr>165</gpxtpx:hr>
     </gpxtpx:TrackPointExtension>
    </extensions>
   </trkpt>
   <trkpt lat="27.7136770" lon="85.3220700">
    <ele>1298.4</ele>
    <time>2025-10-25T01:07:00Z</time>
    <extensions>
     <gpxtpx:TrackPointExtension>
      <gpxtpx:hr>165</gpxtpx:hr>
     </gpxtpx:TrackPointExtension>
    </extensions>
   </trkpt>
   <trkpt lat="27.7136920" lon="85.3220860">
    <ele>1298.4</ele>
    <time>2025-10-25T01:07:01Z</time>
    <extensions>
     <gpxtpx:TrackPointExtension>
      <gpxtpx:hr>165</gpxtpx:hr>
     </gpxtpx:TrackPointExtension>
    </extensions>
   </trkpt>
   <trkpt lat="27.7137040" lon="85.3221020">
    <ele>1298.4</ele>
    <time>2025-10-25T01:07:02Z</time>
    <extensions>
     <gpxtpx:TrackPointExtension>
      <gpxtpx:hr>165</gpxtpx:hr>
     </gpxtpx:TrackPointExtension>
    </extensions>
   </trkpt>
   <trkpt lat="27.7137140" lon="85.3221190">
    <ele>1298.2</ele>
    <time>2025-10-25T01:07:03Z</time>
    <extensions>
     <gpxtpx:TrackPointExtension>
      <gpxtpx:hr>165</gpxtpx:hr>
     </gpxtpx:TrackPointExtension>
    </extensions>
   </trkpt>
   <trkpt lat="27.7137220" lon="85.3221390">
    <ele>1298.2</ele>
    <time>2025-10-25T01:07:04Z</time>
    <extensions>
     <gpxtpx:TrackPointExtension>
      <gpxtpx:hr>165</gpxtpx:hr>
     </gpxtpx:TrackPointExtension>
    </extensions>
   </trkpt>
   <trkpt lat="27.7137280" lon="85.3221610">
    <ele>1298.2</ele>
    <time>2025-10-25T01:07:05Z</time>
    <extensions>
     <gpxtpx:TrackPointExtension>
      <gpxtpx:hr>165</gpxtpx:hr>
     </gpxtpx:TrackPointExtension>
    </extensions>
   </trkpt>
   <trkpt lat="27.7137320" lon="85.3221870">
    <ele>1298.2</ele>
    <time>2025-10-25T01:07:06Z</time>
    <extensions>
     <gpxtpx:TrackPointExtension>
      <gpxtpx:hr>165</gpxtpx:hr>
     </gpxtpx:TrackPointExtension>
    </extensions>
   </trkpt>
   <trkpt lat="27.7137360" lon="85.3222160">
    <ele>1298.2</ele>
    <time>2025-10-25T01:07:07Z</time>
    <extensions>
     <gpxtpx:TrackPointExtension>
      <gpxtpx:hr>165</gpxtpx:hr>
     </gpxtpx:TrackPointExtension>
    </extensions>
   </trkpt>
   <trkpt lat="27.7137380" lon="85.3222460">
    <ele>1298.2</ele>
    <time>2025-10-25T01:07:08Z</time>
    <extensions>
     <gpxtpx:TrackPointExtension>
      <gpxtpx:hr>165</gpxtpx:hr>
     </gpxtpx:TrackPointExtension>
    </extensions>
   </trkpt>
   <trkpt lat="27.7137400" lon="85.3222770">
    <ele>1298.0</ele>
    <time>2025-10-25T01:07:09Z</time>
    <extensions>
     <gpxtpx:TrackPointExtension>
      <gpxtpx:hr>165</gpxtpx:hr>
     </gpxtpx:TrackPointExtension>
    </extensions>
   </trkpt>
   <trkpt lat="27.7137410" lon="85.3223080">
    <ele>1298.0</ele>
    <time>2025-10-25T01:07:10Z</time>
    <extensions>
     <gpxtpx:TrackPointExtension>
      <gpxtpx:hr>165</gpxtpx:hr>
     </gpxtpx:TrackPointExtension>
    </extensions>
   </trkpt>
   <trkpt lat="27.7137410" lon="85.3223380">
    <ele>1298.0</ele>
    <time>2025-10-25T01:07:11Z</time>
    <extensions>
     <gpxtpx:TrackPointExtension>
      <gpxtpx:hr>165</gpxtpx:hr>
     </gpxtpx:TrackPointExtension>
    </extensions>
   </trkpt>
   <trkpt lat="27.7137410" lon="85.3223680">
    <ele>1298.0</ele>
    <time>2025-10-25T01:07:12Z</time>
    <extensions>
     <gpxtpx:TrackPointExtension>
      <gpxtpx:hr>165</gpxtpx:hr>
     </gpxtpx:TrackPointExtension>
    </extensions>
   </trkpt>
   <trkpt lat="27.7137410" lon="85.3223980">
    <ele>1298.0</ele>
    <time>2025-10-25T01:07:13Z</time>
    <extensions>
     <gpxtpx:TrackPointExtension>
      <gpxtpx:hr>165</gpxtpx:hr>
     </gpxtpx:TrackPointExtension>
    </extensions>
   </trkpt>
   <trkpt lat="27.7137410" lon="85.3224270">
    <ele>1298.0</ele>
    <time>2025-10-25T01:07:14Z</time>
    <extensions>
     <gpxtpx:TrackPointExtension>
      <gpxtpx:hr>165</gpxtpx:hr>
     </gpxtpx:TrackPointExtension>
    </extensions>
   </trkpt>
   <trkpt lat="27.7137400" lon="85.3224550">
    <ele>1298.0</ele>
    <time>2025-10-25T01:07:15Z</time>
    <extensions>
     <gpxtpx:TrackPointExtension>
      <gpxtpx:hr>165</gpxtpx:hr>
     </gpxtpx:TrackPointExtension>
    </extensions>
   </trkpt>
   <trkpt lat="27.7137380" lon="85.3224830">
    <ele>1298.0</ele>
    <time>2025-10-25T01:07:16Z</time>
    <extensions>
     <gpxtpx:TrackPointExtension>
      <gpxtpx:hr>165</gpxtpx:hr>
     </gpxtpx:TrackPointExtension>
    </extensions>
   </trkpt>
   <trkpt lat="27.7137370" lon="85.3225120">
    <ele>1298.0</ele>
    <time>2025-10-25T01:07:17Z</time>
    <extensions>
     <gpxtpx:TrackPointExtension>
      <gpxtpx:hr>165</gpxtpx:hr>
     </gpxtpx:TrackPointExtension>
    </extensions>
   </trkpt>
   <trkpt lat="27.7137350" lon="85.3225410">
    <ele>1298.0</ele>
    <time>2025-10-25T01:07:18Z</time>
    <extensions>
     <gpxtpx:TrackPointExtension>
      <gpxtpx:hr>165</gpxtpx:hr>
     </gpxtpx:TrackPointExtension>
    </extensions>
   </trkpt>
   <trkpt lat="27.7137320" lon="85.3225710">
    <ele>1298.0</ele>
    <time>2025-10-25T01:07:19Z</time>
    <extensions>
     <gpxtpx:TrackPointExtension>
      <gpxtpx:hr>165</gpxtpx:hr>
     </gpxtpx:TrackPointExtension>
    </extensions>
   </trkpt>
   <trkpt lat="27.7137290" lon="85.3226000">
    <ele>1298.0</ele>
    <time>2025-10-25T01:07:20Z</time>
    <extensions>
     <gpxtpx:TrackPointExtension>
      <gpxtpx:hr>165</gpxtpx:hr>
     </gpxtpx:TrackPointExtension>
    </extensions>
   </trkpt>
   <trkpt lat="27.7137250" lon="85.3226300">
    <ele>1298.2</ele>
    <time>2025-10-25T01:07:21Z</time>
    <extensions>
     <gpxtpx:TrackPointExtension>
      <gpxtpx:hr>165</gpxtpx:hr>
     </gpxtpx:TrackPointExtension>
    </extensions>
   </trkpt>
   <trkpt lat="27.7137210" lon="85.3226580">
    <ele>1298.2</ele>
    <time>2025-10-25T01:07:22Z</time>
    <extensions>
     <gpxtpx:TrackPointExtension>
      <gpxtpx:hr>165</gpxtpx:hr>
     </gpxtpx:TrackPointExtension>
    </extensions>
   </trkpt>
   <trkpt lat="27.7137170" lon="85.3226860">
    <ele>1298.2</ele>
    <time>2025-10-25T01:07:23Z</time>
    <extensions>
     <gpxtpx:TrackPointExtension>
      <gpxtpx:hr>165</gpxtpx:hr>
     </gpxtpx:TrackPointExtension>
    </extensions>
   </trkpt>
   <trkpt lat="27.7137120" lon="85.3227140">
    <ele>1298.2</ele>
    <time>2025-10-25T01:07:24Z</time>
    <extensions>
     <gpxtpx:TrackPointExtension>
      <gpxtpx:hr>165</gpxtpx:hr>
     </gpxtpx:TrackPointExtension>
    </extensions>
   </trkpt>
   <trkpt lat="27.7137070" lon="85.3227400">
    <ele>1298.2</ele>
    <time>2025-10-25T01:07:25Z</time>
    <extensions>
     <gpxtpx:TrackPointExtension>
      <gpxtpx:hr>165</gpxtpx:hr>
     </gpxtpx:TrackPointExtension>
    </extensions>
   </trkpt>
   <trkpt lat="27.7137030" lon="85.3227670">
    <ele>1298.2</ele>
    <time>2025-10-25T01:07:26Z</time>
    <extensions>
     <gpxtpx:TrackPointExtension>
      <gpxtpx:hr>165</gpxtpx:hr>
     </gpxtpx:TrackPointExtension>
    </extensions>
   </trkpt>
   <trkpt lat="27.7136980" lon="85.3227930">
    <ele>1298.4</ele>
    <time>2025-10-25T01:07:27Z</time>
    <extensions>
     <gpxtpx:TrackPointExtension>
      <gpxtpx:hr>165</gpxtpx:hr>
     </gpxtpx:TrackPointExtension>
    </extensions>
   </trkpt>
   <trkpt lat="27.7136940" lon="85.3228190">
    <ele>1298.4</ele>
    <time>2025-10-25T01:07:28Z</time>
    <extensions>
     <gpxtpx:TrackPointExtension>
      <gpxtpx:hr>165</gpxtpx:hr>
     </gpxtpx:TrackPointExtension>
    </extensions>
   </trkpt>
   <trkpt lat="27.7136900" lon="85.3228450">
    <ele>1298.4</ele>
    <time>2025-10-25T01:07:29Z</time>
    <extensions>
     <gpxtpx:TrackPointExtension>
      <gpxtpx:hr>165</gpxtpx:hr>
     </gpxtpx:TrackPointExtension>
    </extensions>
   </trkpt>
   <trkpt lat="27.7136860" lon="85.3228710">
    <ele>1298.4</ele>
    <time>2025-10-25T01:07:30Z</time>
    <extensions>
     <gpxtpx:TrackPointExtension>
      <gpxtpx:hr>165</gpxtpx:hr>
     </gpxtpx:TrackPointExtension>
    </extensions>
   </trkpt>
   <trkpt lat="27.7136820" lon="85.3228970">
    <ele>1298.6</ele>
    <time>2025-10-25T01:07:31Z</time>
    <extensions>
     <gpxtpx:TrackPointExtension>
      <gpxtpx:hr>165</gpxtpx:hr>
     </gpxtpx:TrackPointExtension>
    </extensions>
   </trkpt>
   <trkpt lat="27.7136790" lon="85.3229230">
    <ele>1298.6</ele>
    <time>2025-10-25T01:07:32Z</time>
    <extensions>
     <gpxtpx:TrackPointExtension>
      <gpxtpx:hr>165</gpxtpx:hr>
     </gpxtpx:TrackPointExtension>
    </extensions>
   </trkpt>
   <trkpt lat="27.7136770" lon="85.3229500">
    <ele>1298.6</ele>
    <time>2025-10-25T01:07:33Z</time>
    <extensions>
     <gpxtpx:TrackPointExtension>
      <gpxtpx:hr>165</gpxtpx:hr>
     </gpxtpx:TrackPointExtension>
    </extensions>
   </trkpt>
   <trkpt lat="27.7136750" lon="85.3229770">
    <ele>1298.6</ele>
    <time>2025-10-25T01:07:34Z</time>
    <extensions>
     <gpxtpx:TrackPointExtension>
      <gpxtpx:hr>165</gpxtpx:hr>
     </gpxtpx:TrackPointExtension>
    </extensions>
   </trkpt>
   <trkpt lat="27.7136720" lon="85.3230050">
    <ele>1298.8</ele>
    <time>2025-10-25T01:07:35Z</time>
    <extensions>
     <gpxtpx:TrackPointExtension>
      <gpxtpx:hr>165</gpxtpx:hr>
     </gpxtpx:TrackPointExtension>
    </extensions>
   </trkpt>
   <trkpt lat="27.7136700" lon="85.3230330">
    <ele>1298.8</ele>
    <time>2025-10-25T01:07:36Z</time>
    <extensions>
     <gpxtpx:TrackPointExtension>
      <gpxtpx:hr>165</gpxtpx:hr>
     </gpxtpx:TrackPointExtension>
    </extensions>
   </trkpt>
   <trkpt lat="27.7136670" lon="85.3230600">
    <ele>1298.8</ele>
    <time>2025-10-25T01:07:37Z</time>
    <extensions>
     <gpxtpx:TrackPointExtension>
      <gpxtpx:hr>165</gpxtpx:hr>
     </gpxtpx:TrackPointExtension>
    </extensions>
   </trkpt>
   <trkpt lat="27.7136630" lon="85.3230860">
    <ele>1298.8</ele>
    <time>2025-10-25T01:07:38Z</time>
    <extensions>
     <gpxtpx:TrackPointExtension>
      <gpxtpx:hr>165</gpxtpx:hr>
     </gpxtpx:TrackPointExtension>
    </extensions>
   </trkpt>
   <trkpt lat="27.7136570" lon="85.3231110">
    <ele>1299.0</ele>
    <time>2025-10-25T01:07:39Z</time>
    <extensions>
     <gpxtpx:TrackPointExtension>
      <gpxtpx:hr>165</gpxtpx:hr>
     </gpxtpx:TrackPointExtension>
    </extensions>
   </trkpt>
   <trkpt lat="27.7136500" lon="85.3231340">
    <ele>1299.0</ele>
    <time>2025-10-25T01:07:40Z</time>
    <extensions>
     <gpxtpx:TrackPointExtension>
      <gpxtpx:hr>165</gpxtpx:hr>
     </gpxtpx:TrackPointExtension>
    </extensions>
   </trkpt>
   <trkpt lat="27.7136410" lon="85.3231580">
    <ele>1299.0</ele>
    <time>2025-10-25T01:07:41Z</time>
    <extensions>
     <gpxtpx:TrackPointExtension>
      <gpxtpx:hr>165</gpxtpx:hr>
     </gpxtpx:TrackPointExtension>
    </extensions>
   </trkpt>
   <trkpt lat="27.7136310" lon="85.3231810">
    <ele>1299.2</ele>
    <time>2025-10-25T01:07:42Z</time>
    <extensions>
     <gpxtpx:TrackPointExtension>
      <gpxtpx:hr>165</gpxtpx:hr>
     </gpxtpx:TrackPointExtension>
    </extensions>
   </trkpt>
   <trkpt lat="27.7136210" lon="85.3232050">
    <ele>1299.2</ele>
    <time>2025-10-25T01:07:43Z</time>
    <extensions>
     <gpxtpx:TrackPointExtension>
      <gpxtpx:hr>165</gpxtpx:hr>
     </gpxtpx:TrackPointExtension>
    </extensions>
   </trkpt>
   <trkpt lat="27.7136100" lon="85.3232280">
    <ele>1299.2</ele>
    <time>2025-10-25T01:07:44Z</time>
    <extensions>
     <gpxtpx:TrackPointExtension>
      <gpxtpx:hr>165</gpxtpx:hr>
     </gpxtpx:TrackPointExtension>
    </extensions>
   </trkpt>
   <trkpt lat="27.7135980" lon="85.3232520">
    <ele>1299.4</ele>
    <time>2025-10-25T01:07:45Z</time>
    <extensions>
     <gpxtpx:TrackPointExtension>
      <gpxtpx:hr>165</gpxtpx:hr>
     </gpxtpx:TrackPointExtension>
    </extensions>
   </trkpt>
   <trkpt lat="27.7135870" lon="85.3232760">
    <ele>1299.4</ele>
    <time>2025-10-25T01:07:46Z</time>
    <extensions>
     <gpxtpx:TrackPointExtension>
      <gpxtpx:hr>165</gpxtpx:hr>
     </gpxtpx:TrackPointExtension>
    </extensions>
   </trkpt>
   <trkpt lat="27.7135760" lon="85.3233000">
    <ele>1299.6</ele>
    <time>2025-10-25T01:07:47Z</time>
    <extensions>
     <gpxtpx:TrackPointExtension>
      <gpxtpx:hr>165</gpxtpx:hr>
     </gpxtpx:TrackPointExtension>
    </extensions>
   </trkpt>
   <trkpt lat="27.7135650" lon="85.3233240">
    <ele>1299.6</ele>
    <time>2025-10-25T01:07:48Z</time>
    <extensions>
     <gpxtpx:TrackPointExtension>
      <gpxtpx:hr>165</gpxtpx:hr>
     </gpxtpx:TrackPointExtension>
    </extensions>
   </trkpt>
   <trkpt lat="27.7135540" lon="85.3233490">
    <ele>1299.6</ele>
    <time>2025-10-25T01:07:49Z</time>
    <extensions>
     <gpxtpx:TrackPointExtension>
      <gpxtpx:hr>165</gpxtpx:hr>
     </gpxtpx:TrackPointExtension>
    </extensions>
   </trkpt>
   <trkpt lat="27.7135430" lon="85.3233740">
    <ele>1299.8</ele>
    <time>2025-10-25T01:07:50Z</time>
    <extensions>
     <gpxtpx:TrackPointExtension>
      <gpxtpx:hr>165</gpxtpx:hr>
     </gpxtpx:TrackPointExtension>
    </extensions>
   </trkpt>
   <trkpt lat="27.7135330" lon="85.3234000">
    <ele>1299.8</ele>
    <time>2025-10-25T01:07:51Z</time>
    <extensions>
     <gpxtpx:TrackPointExtension>
      <gpxtpx:hr>165</gpxtpx:hr>
     </gpxtpx:TrackPointExtension>
    </extensions>
   </trkpt>
   <trkpt lat="27.7135230" lon="85.3234250">
    <ele>1299.8</ele>
    <time>2025-10-25T01:07:52Z</time>
    <extensions>
     <gpxtpx:TrackPointExtension>
      <gpxtpx:hr>165</gpxtpx:hr>
     </gpxtpx:TrackPointExtension>
    </extensions>
   </trkpt>
   <trkpt lat="27.7135140" lon="85.3234500">
    <ele>1300.0</ele>
    <time>2025-10-25T01:07:53Z</time>
    <extensions>
     <gpxtpx:TrackPointExtension>
      <gpxtpx:hr>165</gpxtpx:hr>
     </gpxtpx:TrackPointExtension>
    </extensions>
   </trkpt>
   <trkpt lat="27.7135060" lon="85.3234740">
    <ele>1300.0</ele>
    <time>2025-10-25T01:07:54Z</time>
    <extensions>
     <gpxtpx:TrackPointExtension>
      <gpxtpx:hr>165</gpxtpx:hr>
     </gpxtpx:TrackPointExtension>
    </extensions>
   </trkpt>
   <trkpt lat="27.7134980" lon="85.3234990">
    <ele>1300.0</ele>
    <time>2025-10-25T01:07:55Z</time>
    <extensions>
     <gpxtpx:TrackPointExtension>
      <gpxtpx:hr>165</gpxtpx:hr>
     </gpxtpx:TrackPointExtension>
    </extensions>
   </trkpt>
   <trkpt lat="27.7134910" lon="85.3235240">
    <ele>1300.2</ele>
    <time>2025-10-25T01:07:56Z</time>
    <extensions>
     <gpxtpx:TrackPointExtension>
      <gpxtpx:hr>165</gpxtpx:hr>
     </gpxtpx:TrackPointExtension>
    </extensions>
   </trkpt>
   <trkpt lat="27.7134850" lon="85.3235500">
    <ele>1300.2</ele>
    <time>2025-10-25T01:07:57Z</time>
    <extensions>
     <gpxtpx:TrackPointExtension>
      <gpxtpx:hr>165</gpxtpx:hr>
     </gpxtpx:TrackPointExtension>
    </extensions>
   </trkpt>
   <trkpt lat="27.7134810" lon="85.3235750">
    <ele>1300.2</ele>
    <time>2025-10-25T01:07:58Z</time>
    <extensions>
     <gpxtpx:TrackPointExtension>
      <gpxtpx:hr>165</gpxtpx:hr>
     </gpxtpx:TrackPointExtension>
    </extensions>
   </trkpt>
   <trkpt lat="27.7134780" lon="85.3236010">
    <ele>1300.2</ele>
    <time>2025-10-25T01:07:59Z</time>
    <extensions>
     <gpxtpx:TrackPointExtension>
      <gpxtpx:hr>165</gpxtpx:hr>
     </gpxtpx:TrackPointExtension>
    </extensions>
   </trkpt>
   <trkpt lat="27.7134770" lon="85.3236260">
    <ele>1300.4</ele>
    <time>2025-10-25T01:08:00Z</time>
    <extensions>
     <gpxtpx:TrackPointExtension>
      <gpxtpx:hr>165</gpxtpx:hr>
     </gpxtpx:TrackPointExtension>
    </extensions>
   </trkpt>
   <trkpt lat="27.7134790" lon="85.3236510">
    <ele>1300.4</ele>
    <time>2025-10-25T01:08:01Z</time>
    <extensions>
     <gpxtpx:TrackPointExtension>
      <gpxtpx:hr>165</gpxtpx:hr>
     </gpxtpx:TrackPointExtension>
    </extensions>
   </trkpt>
   <trkpt lat="27.7134830" lon="85.3236760">
    <ele>1300.4</ele>
    <time>2025-10-25T01:08:02Z</time>
    <extensions>
     <gpxtpx:TrackPointExtension>
      <gpxtpx:hr>165</gpxtpx:hr>
     </gpxtpx:TrackPointExtension>
    </extensions>
   </trkpt>
   <trkpt lat="27.7134900" lon="85.3237010">
    <ele>1300.6</ele>
    <time>2025-10-25T01:08:03Z</time>
    <extensions>
     <gpxtpx:TrackPointExtension>
      <gpxtpx:hr>165</gpxtpx:hr>
     </gpxtpx:TrackPointExtension>
    </extensions>
   </trkpt>
   <trkpt lat="27.7135000" lon="85.3237240">
    <ele>1300.6</ele>
    <time>2025-10-25T01:08:04Z</time>
    <extensions>
     <gpxtpx:TrackPointExtension>
      <gpxtpx:hr>165</gpxtpx:hr>
     </gpxtpx:TrackPointExtension>
    </extensions>
   </trkpt>
   <trkpt lat="27.7135130" lon="85.3237460">
    <ele>1300.8</ele>
    <time>2025-10-25T01:08:05Z</time>
    <extensions>
     <gpxtpx:TrackPointExtension>
      <gpxtpx:hr>165</gpxtpx:hr>
     </gpxtpx:TrackPointExtension>
    </extensions>
   </trkpt>
   <trkpt lat="27.7135290" lon="85.3237660">
    <ele>1300.8</ele>
    <time>2025-10-25T01:08:06Z</time>
    <extensions>
     <gpxtpx:TrackPointExtension>
      <gpxtpx:hr>165</gpxtpx:hr>
     </gpxtpx:TrackPointExtension>
    </extensions>
   </trkpt>
   <trkpt lat="27.7135470" lon="85.3237840">
    <ele>1301.0</ele>
    <time>2025-10-25T01:08:07Z</time>
    <extensions>
     <gpxtpx:TrackPointExtension>
      <gpxtpx:hr>165</gpxtpx:hr>
     </gpxtpx:TrackPointExtension>
    </extensions>
   </trkpt>
   <trkpt lat="27.7135680" lon="85.3237990">
    <ele>1301.0</ele>
    <time>2025-10-25T01:08:08Z</time>
    <extensions>
     <gpxtpx:TrackPointExtension>
      <gpxtpx:hr>165</gpxtpx:hr>
     </gpxtpx:TrackPointExtension>
    </extensions>
   </trkpt>
   <trkpt lat="27.7135900" lon="85.3238120">
    <ele>1301.0</ele>
    <time>2025-10-25T01:08:09Z</time>
    <extensions>
     <gpxtpx:TrackPointExtension>
      <gpxtpx:hr>165</gpxtpx:hr>
     </gpxtpx:TrackPointExtension>
    </extensions>
   </trkpt>
   <trkpt lat="27.7136150" lon="85.3238230">
    <ele>1301.2</ele>
    <time>2025-10-25T01:08:10Z</time>
    <extensions>
     <gpxtpx:TrackPointExtension>
      <gpxtpx:hr>165</gpxtpx:hr>
     </gpxtpx:TrackPointExtension>
    </extensions>
   </trkpt>
   <trkpt lat="27.7136400" lon="85.3238320">
    <ele>1301.2</ele>
    <time>2025-10-25T01:08:11Z</time>
    <extensions>
     <gpxtpx:TrackPointExtension>
      <gpxtpx:hr>165</gpxtpx:hr>
     </gpxtpx:TrackPointExtension>
    </extensions>
   </trkpt>
   <trkpt lat="27.7136660" lon="85.3238400">
    <ele>1301.4</ele>
    <time>2025-10-25T01:08:12Z</time>
    <extensions>
     <gpxtpx:TrackPointExtension>
      <gpxtpx:hr>165</gpxtpx:hr>
     </gpxtpx:TrackPointExtension>
    </extensions>
   </trkpt>
   <trkpt lat="27.7136920" lon="85.3238470">
    <ele>1301.4</ele>
    <time>2025-10-25T01:08:13Z</time>
    <extensions>
     <gpxtpx:TrackPointExtension>
      <gpxtpx:hr>165</gpxtpx:hr>
     </gpxtpx:TrackPointExtension>
    </extensions>
   </trkpt>
   <trkpt lat="27.7137180" lon="85.3238540">
    <ele>1301.4</ele>
    <time>2025-10-25T01:08:14Z</time>
    <extensions>
     <gpxtpx:TrackPointExtension>
      <gpxtpx:hr>165</gpxtpx:hr>
     </gpxtpx:TrackPointExtension>
    </extensions>
   </trkpt>
   <trkpt lat="27.7137450" lon="85.3238600">
    <ele>1301.4</ele>
    <time>2025-10-25T01:08:15Z</time>
    <extensions>
     <gpxtpx:TrackPointExtension>
      <gpxtpx:hr>165</gpxtpx:hr>
     </gpxtpx:TrackPointExtension>
    </extensions>
   </trkpt>
   <trkpt lat="27.7137710" lon="85.3238660">
    <ele>1301.4</ele>
    <time>2025-10-25T01:08:16Z</time>
    <extensions>
     <gpxtpx:TrackPointExtension>
      <gpxtpx:hr>165</gpxtpx:hr>
     </gpxtpx:TrackPointExtension>
    </extensions>
   </trkpt>
   <trkpt lat="27.7137970" lon="85.3238720">
    <ele>1301.4</ele>
    <time>2025-10-25T01:08:17Z</time>
    <extensions>
     <gpxtpx:TrackPointExtension>
      <gpxtpx:hr>165</gpxtpx:hr>
     </gpxtpx:TrackPointExtension>
    </extensions>
   </trkpt>
   <trkpt lat="27.7138240" lon="85.3238780">
    <ele>1301.4</ele>
    <time>2025-10-25T01:08:18Z</time>
    <extensions>
     <gpxtpx:TrackPointExtension>
      <gpxtpx:hr>165</gpxtpx:hr>
     </gpxtpx:TrackPointExtension>
    </extensions>
   </trkpt>
   <trkpt lat="27.7138500" lon="85.3238850">
    <ele>1301.4</ele>
    <time>2025-10-25T01:08:19Z</time>
    <extensions>
     <gpxtpx:TrackPointExtension>
      <gpxtpx:hr>165</gpxtpx:hr>
     </gpxtpx:TrackPointExtension>
    </extensions>
   </trkpt>
   <trkpt lat="27.7138770" lon="85.3238920">
    <ele>1301.4</ele>
    <time>2025-10-25T01:08:20Z</time>
    <extensions>
     <gpxtpx:TrackPointExtension>
      <gpxtpx:hr>165</gpxtpx:hr>
     </gpxtpx:TrackPointExtension>
    </extensions>
   </trkpt>
   <trkpt lat="27.7139030" lon="85.3238990">
    <ele>1301.4</ele>
    <time>2025-10-25T01:08:21Z</time>
    <extensions>
     <gpxtpx:TrackPointExtension>
      <gpxtpx:hr>165</gpxtpx:hr>
     </gpxtpx:TrackPointExtension>
    </extensions>
   </trkpt>
   <trkpt lat="27.7139290" lon="85.3239050">
    <ele>1301.4</ele>
    <time>2025-10-25T01:08:22Z</time>
    <extensions>
     <gpxtpx:TrackPointExtension>
      <gpxtpx:hr>165</gpxtpx:hr>
     </gpxtpx:TrackPointExtension>
    </extensions>
   </trkpt>
   <trkpt lat="27.7139550" lon="85.3239120">
    <ele>1301.4</ele>
    <time>2025-10-25T01:08:23Z</time>
    <extensions>
     <gpxtpx:TrackPointExtension>
      <gpxtpx:hr>165</gpxtpx:hr>
     </gpxtpx:TrackPointExtension>
    </extensions>
   </trkpt>
   <trkpt lat="27.7139800" lon="85.3239170">
    <ele>1301.2</ele>
    <time>2025-10-25T01:08:24Z</time>
    <extensions>
     <gpxtpx:TrackPointExtension>
      <gpxtpx:hr>165</gpxtpx:hr>
     </gpxtpx:TrackPointExtension>
    </extensions>
   </trkpt>
   <trkpt lat="27.7140050" lon="85.3239230">
    <ele>1301.2</ele>
    <time>2025-10-25T01:08:25Z</time>
    <extensions>
     <gpxtpx:TrackPointExtension>
      <gpxtpx:hr>165</gpxtpx:hr>
     </gpxtpx:TrackPointExtension>
    </extensions>
   </trkpt>
   <trkpt lat="27.7140310" lon="85.3239280">
    <ele>1301.2</ele>
    <time>2025-10-25T01:08:26Z</time>
    <extensions>
     <gpxtpx:TrackPointExtension>
      <gpxtpx:hr>165</gpxtpx:hr>
     </gpxtpx:TrackPointExtension>
    </extensions>
   </trkpt>
   <trkpt lat="27.7140570" lon="85.3239340">
    <ele>1301.2</ele>
    <time>2025-10-25T01:08:27Z</time>
    <extensions>
     <gpxtpx:TrackPointExtension>
      <gpxtpx:hr>165</gpxtpx:hr>
     </gpxtpx:TrackPointExtension>
    </extensions>
   </trkpt>
   <trkpt lat="27.7140830" lon="85.3239400">
    <ele>1301.2</ele>
    <time>2025-10-25T01:08:28Z</time>
    <extensions>
     <gpxtpx:TrackPointExtension>
      <gpxtpx:hr>165</gpxtpx:hr>
     </gpxtpx:TrackPointExtension>
    </extensions>
   </trkpt>
   <trkpt lat="27.7141100" lon="85.3239460">
    <ele>1301.2</ele>
    <time>2025-10-25T01:08:29Z</time>
    <extensions>
     <gpxtpx:TrackPointExtension>
      <gpxtpx:hr>165</gpxtpx:hr>
     </gpxtpx:TrackPointExtension>
    </extensions>
   </trkpt>
   <trkpt lat="27.7141360" lon="85.3239540">
    <ele>1301.4</ele>
    <time>2025-10-25T01:08:30Z</time>
    <extensions>
     <gpxtpx:TrackPointExtension>
      <gpxtpx:hr>165</gpxtpx:hr>
     </gpxtpx:TrackPointExtension>
    </extensions>
   </trkpt>
   <trkpt lat="27.7141620" lon="85.3239610">
    <ele>1301.4</ele>
    <time>2025-10-25T01:08:31Z</time>
    <extensions>
     <gpxtpx:TrackPointExtension>
      <gpxtpx:hr>165</gpxtpx:hr>
     </gpxtpx:TrackPointExtension>
    </extensions>
   </trkpt>
   <trkpt lat="27.7141860" lon="85.3239690">
    <ele>1301.4</ele>
    <time>2025-10-25T01:08:32Z</time>
    <extensions>
     <gpxtpx:TrackPointExtension>
      <gpxtpx:hr>165</gpxtpx:hr>
     </gpxtpx:TrackPointExtension>
    </extensions>
   </trkpt>
   <trkpt lat="27.7142100" lon="85.3239770">
    <ele>1301.4</ele>
    <time>2025-10-25T01:08:33Z</time>
    <extensions>
     <gpxtpx:TrackPointExtension>
      <gpxtpx:hr>165</gpxtpx:hr>
     </gpxtpx:TrackPointExtension>
    </extensions>
   </trkpt>
   <trkpt lat="27.7142310" lon="85.3239850">
    <ele>1301.4</ele>
    <time>2025-10-25T01:08:34Z</time>
    <extensions>
     <gpxtpx:TrackPointExtension>
      <gpxtpx:hr>165</gpxtpx:hr>
     </gpxtpx:TrackPointExtension>
    </extensions>
   </trkpt>
   <trkpt lat="27.7142520" lon="85.3239920">
    <ele>1301.4</ele>
    <time>2025-10-25T01:08:35Z</time>
    <extensions>
     <gpxtpx:TrackPointExtension>
      <gpxtpx:hr>165</gpxtpx:hr>
     </gpxtpx:TrackPointExtension>
    </extensions>
   </trkpt>
   <trkpt lat="27.7142730" lon="85.3240000">
    <ele>1301.4</ele>
    <time>2025-10-25T01:08:36Z</time>
    <extensions>
     <gpxtpx:TrackPointExtension>
      <gpxtpx:hr>165</gpxtpx:hr>
     </gpxtpx:TrackPointExtension>
    </extensions>
   </trkpt>
   <trkpt lat="27.7142950" lon="85.3240070">
    <ele>1301.2</ele>
    <time>2025-10-25T01:08:37Z</time>
    <extensions>
     <gpxtpx:TrackPointExtension>
      <gpxtpx:hr>165</gpxtpx:hr>
     </gpxtpx:TrackPointExtension>
    </extensions>
   </trkpt>
   <trkpt lat="27.7143190" lon="85.3240140">
    <ele>1301.2</ele>
    <time>2025-10-25T01:08:38Z</time>
    <extensions>
     <gpxtpx:TrackPointExtension>
      <gpxtpx:hr>165</gpxtpx:hr>
     </gpxtpx:TrackPointExtension>
    </extensions>
   </trkpt>
   <trkpt lat="27.7143440" lon="85.3240200">
    <ele>1301.2</ele>
    <time>2025-10-25T01:08:39Z</time>
    <extensions>
     <gpxtpx:TrackPointExtension>
      <gpxtpx:hr>165</gpxtpx:hr>
     </gpxtpx:TrackPointExtension>
    </extensions>
   </trkpt>
   <trkpt lat="27.7143710" lon="85.3240260">
    <ele>1301.2</ele>
    <time>2025-10-25T01:08:40Z</time>
    <extensions>
     <gpxtpx:TrackPointExtension>
      <gpxtpx:hr>165</gpxtpx:hr>
     </gpxtpx:TrackPointExtension>
    </extensions>
   </trkpt>
   <trkpt lat="27.7143970" lon="85.3240330">
    <ele>1301.2</ele>
    <time>2025-10-25T01:08:41Z</time>
    <extensions>
     <gpxtpx:TrackPointExtension>
      <gpxtpx:hr>165</gpxtpx:hr>
     </gpxtpx:TrackPointExtension>
    </extensions>
   </trkpt>
   <trkpt lat="27.7144240" lon="85.3240400">
    <ele>1301.2</ele>
    <time>2025-10-25T01:08:42Z</time>
    <extensions>
     <gpxtpx:TrackPointExtension>
      <gpxtpx:hr>165</gpxtpx:hr>
     </gpxtpx:TrackPointExtension>
    </extensions>
   </trkpt>
   <trkpt lat="27.7144510" lon="85.3240480">
    <ele>1301.2</ele>
    <time>2025-10-25T01:08:43Z</time>
    <extensions>
     <gpxtpx:TrackPointExtension>
      <gpxtpx:hr>165</gpxtpx:hr>
     </gpxtpx:TrackPointExtension>
    </extensions>
   </trkpt>
   <trkpt lat="27.7144780" lon="85.3240560">
    <ele>1301.2</ele>
    <time>2025-10-25T01:08:44Z</time>
    <extensions>
     <gpxtpx:TrackPointExtension>
      <gpxtpx:hr>165</gpxtpx:hr>
     </gpxtpx:TrackPointExtension>
    </extensions>
   </trkpt>
   <trkpt lat="27.7145060" lon="85.3240640">
    <ele>1301.2</ele>
    <time>2025-10-25T01:08:45Z</time>
    <extensions>
     <gpxtpx:TrackPointExtension>
      <gpxtpx:hr>165</gpxtpx:hr>
     </gpxtpx:TrackPointExtension>
    </extensions>
   </trkpt>
   <trkpt lat="27.7145340" lon="85.3240720">
    <ele>1301.2</ele>
    <time>2025-10-25T01:08:46Z</time>
    <extensions>
     <gpxtpx:TrackPointExtension>
      <gpxtpx:hr>165</gpxtpx:hr>
     </gpxtpx:TrackPointExtension>
    </extensions>
   </trkpt>
   <trkpt lat="27.7145620" lon="85.3240790">
    <ele>1301.2</ele>
    <time>2025-10-25T01:08:47Z</time>
    <extensions>
     <gpxtpx:TrackPointExtension>
      <gpxtpx:hr>165</gpxtpx:hr>
     </gpxtpx:TrackPointExtension>
    </extensions>
   </trkpt>
   <trkpt lat="27.7145880" lon="85.3240860">
    <ele>1301.2</ele>
    <time>2025-10-25T01:08:48Z</time>
    <extensions>
     <gpxtpx:TrackPointExtension>
      <gpxtpx:hr>165</gpxtpx:hr>
     </gpxtpx:TrackPointExtension>
    </extensions>
   </trkpt>
   <trkpt lat="27.7146130" lon="85.3240930">
    <ele>1301.2</ele>
    <time>2025-10-25T01:08:49Z</time>
    <extensions>
     <gpxtpx:TrackPointExtension>
      <gpxtpx:hr>165</gpxtpx:hr>
     </gpxtpx:TrackPointExtension>
    </extensions>
   </trkpt>
   <trkpt lat="27.7146380" lon="85.3241000">
    <ele>1301.2</ele>
    <time>2025-10-25T01:08:50Z</time>
    <extensions>
     <gpxtpx:TrackPointExtension>
      <gpxtpx:hr>165</gpxtpx:hr>
     </gpxtpx:TrackPointExtension>
    </extensions>
   </trkpt>
   <trkpt lat="27.7146630" lon="85.3241070">
    <ele>1301.2</ele>
    <time>2025-10-25T01:08:51Z</time>
    <extensions>
     <gpxtpx:TrackPointExtension>
      <gpxtpx:hr>165</gpxtpx:hr>
     </gpxtpx:TrackPointExtension>
    </extensions>
   </trkpt>
   <trkpt lat="27.7146880" lon="85.3241130">
    <ele>1301.2</ele>
    <time>2025-10-25T01:08:52Z</time>
    <extensions>
     <gpxtpx:TrackPointExtension>
      <gpxtpx:hr>165</gpxtpx:hr>
     </gpxtpx:TrackPointExtension>
    </extensions>
   </trkpt>
   <trkpt lat="27.7147130" lon="85.3241200">
    <ele>1301.2</ele>
    <time>2025-10-25T01:08:53Z</time>
    <extensions>
     <gpxtpx:TrackPointExtension>
      <gpxtpx:hr>165</gpxtpx:hr>
     </gpxtpx:TrackPointExtension>
    </extensions>
   </trkpt>
   <trkpt lat="27.7147380" lon="85.3241270">
    <ele>1301.2</ele>
    <time>2025-10-25T01:08:54Z</time>
    <extensions>
     <gpxtpx:TrackPointExtension>
      <gpxtpx:hr>165</gpxtpx:hr>
     </gpxtpx:TrackPointExtension>
    </extensions>
   </trkpt>
   <trkpt lat="27.7147640" lon="85.3241350">
    <ele>1301.2</ele>
    <time>2025-10-25T01:08:55Z</time>
    <extensions>
     <gpxtpx:TrackPointExtension>
      <gpxtpx:hr>165</gpxtpx:hr>
     </gpxtpx:TrackPointExtension>
    </extensions>
   </trkpt>
   <trkpt lat="27.7147910" lon="85.3241430">
    <ele>1301.2</ele>
    <time>2025-10-25T01:08:56Z</time>
    <extensions>
     <gpxtpx:TrackPointExtension>
      <gpxtpx:hr>165</gpxtpx:hr>
     </gpxtpx:TrackPointExtension>
    </extensions>
   </trkpt>
   <trkpt lat="27.7148170" lon="85.3241510">
    <ele>1301.2</ele>
    <time>2025-10-25T01:08:57Z</time>
    <extensions>
     <gpxtpx:TrackPointExtension>
      <gpxtpx:hr>165</gpxtpx:hr>
     </gpxtpx:TrackPointExtension>
    </extensions>
   </trkpt>
   <trkpt lat="27.7148430" lon="85.3241580">
    <ele>1301.2</ele>
    <time>2025-10-25T01:08:58Z</time>
    <extensions>
     <gpxtpx:TrackPointExtension>
      <gpxtpx:hr>165</gpxtpx:hr>
     </gpxtpx:TrackPointExtension>
    </extensions>
   </trkpt>
   <trkpt lat="27.7148690" lon="85.3241640">
    <ele>1301.0</ele>
    <time>2025-10-25T01:08:59Z</time>
    <extensions>
     <gpxtpx:TrackPointExtension>
      <gpxtpx:hr>165</gpxtpx:hr>
     </gpxtpx:TrackPointExtension>
    </extensions>
   </trkpt>
   <trkpt lat="27.7148950" lon="85.3241700">
    <ele>1301.0</ele>
    <time>2025-10-25T01:09:00Z</time>
    <extensions>
     <gpxtpx:TrackPointExtension>
      <gpxtpx:hr>165</gpxtpx:hr>
     </gpxtpx:TrackPointExtension>
    </extensions>
   </trkpt>
   <trkpt lat="27.7149210" lon="85.3241750">
    <ele>1301.0</ele>
    <time>2025-10-25T01:09:01Z</time>
    <extensions>
     <gpxtpx:TrackPointExtension>
      <gpxtpx:hr>165</gpxtpx:hr>
     </gpxtpx:TrackPointExtension>
    </extensions>
   </trkpt>
   <trkpt lat="27.7149460" lon="85.3241800">
    <ele>1301.0</ele>
    <time>2025-10-25T01:09:02Z</time>
    <extensions>
     <gpxtpx:TrackPointExtension>
      <gpxtpx:hr>165</gpxtpx:hr>
     </gpxtpx:TrackPointExtension>
    </extensions>
   </trkpt>
   <trkpt lat="27.7149710" lon="85.3241850">
    <ele>1301.0</ele>
    <time>2025-10-25T01:09:03Z</time>
    <extensions>
     <gpxtpx:TrackPointExtension>
      <gpxtpx:hr>165</gpxtpx:hr>
     </gpxtpx:TrackPointExtension>
    </extensions>
   </trkpt>
   <trkpt lat="27.7149970" lon="85.3241910">
    <ele>1300.8</ele>
    <time>2025-10-25T01:09:04Z</time>
    <extensions>
     <gpxtpx:TrackPointExtension>
      <gpxtpx:hr>165</gpxtpx:hr>
     </gpxtpx:TrackPointExtension>
    </extensions>
   </trkpt>
   <trkpt lat="27.7150220" lon="85.3241960">
    <ele>1300.8</ele>
    <time>2025-10-25T01:09:05Z</time>
    <extensions>
     <gpxtpx:TrackPointExtension>
      <gpxtpx:hr>165</gpxtpx:hr>
     </gpxtpx:TrackPointExtension>
    </extensions>
   </trkpt>
   <trkpt lat="27.7150480" lon="85.3242020">
    <ele>1300.8</ele>
    <time>2025-10-25T01:09:06Z</time>
    <extensions>
     <gpxtpx:TrackPointExtension>
      <gpxtpx:hr>165</gpxtpx:hr>
     </gpxtpx:TrackPointExtension>
    </extensions>
   </trkpt>
   <trkpt lat="27.7150750" lon="85.3242090">
    <ele>1301.0</ele>
    <time>2025-10-25T01:09:07Z</time>
    <extensions>
     <gpxtpx:TrackPointExtension>
      <gpxtpx:hr>165</gpxtpx:hr>
     </gpxtpx:TrackPointExtension>
    </extensions>
   </trkpt>
   <trkpt lat="27.7151020" lon="85.3242150">
    <ele>1301.0</ele>
    <time>2025-10-25T01:09:08Z</time>
    <extensions>
     <gpxtpx:TrackPointExtension>
      <gpxtpx:hr>165</gpxtpx:hr>
     </gpxtpx:TrackPointExtension>
    </extensions>
   </trkpt>
   <trkpt lat="27.7151290" lon="85.3242220">
    <ele>1301.0</ele>
    <time>2025-10-25T01:09:09Z</time>
    <extensions>
     <gpxtpx:TrackPointExtension>
      <gpxtpx:hr>165</gpxtpx:hr>
     </gpxtpx:TrackPointExtension>
    </extensions>
   </trkpt>
   <trkpt lat="27.7151560" lon="85.3242300">
    <ele>1301.0</ele>
    <time>2025-10-25T01:09:10Z</time>
    <extensions>
     <gpxtpx:TrackPointExtension>
      <gpxtpx:hr>165</gpxtpx:hr>
     </gpxtpx:TrackPointExtension>
    </extensions>
   </trkpt>
   <trkpt lat="27.7151830" lon="85.3242370">
    <ele>1300.8</ele>
    <time>2025-10-25T01:09:11Z</time>
    <extensions>
     <gpxtpx:TrackPointExtension>
      <gpxtpx:hr>165</gpxtpx:hr>
     </gpxtpx:TrackPointExtension>
    </extensions>
   </trkpt>
   <trkpt lat="27.7152100" lon="85.3242450">
    <ele>1300.8</ele>
    <time>2025-10-25T01:09:12Z</time>
    <extensions>
     <gpxtpx:TrackPointExtension>
      <gpxtpx:hr>165</gpxtpx:hr>
     </gpxtpx:TrackPointExtension>
    </extensions>
   </trkpt>
   <trkpt lat="27.7152370" lon="85.3242520">
    <ele>1300.8</ele>
    <time>2025-10-25T01:09:13Z</time>
    <extensions>
     <gpxtpx:TrackPointExtension>
      <gpxtpx:hr>165</gpxtpx:hr>
     </gpxtpx:TrackPointExtension>
    </extensions>
   </trkpt>
   <trkpt lat="27.7152640" lon="85.3242600">
    <ele>1300.8</ele>
    <time>2025-10-25T01:09:14Z</time>
    <extensions>
     <gpxtpx:TrackPointExtension>
      <gpxtpx:hr>165</gpxtpx:hr>
     </gpxtpx:TrackPointExtension>
    </extensions>
   </trkpt>
   <trkpt lat="27.7152900" lon="85.3242670">
    <ele>1300.8</ele>
    <time>2025-10-25T01:09:15Z</time>
    <extensions>
     <gpxtpx:TrackPointExtension>
      <gpxtpx:hr>165</gpxtpx:hr>
     </gpxtpx:TrackPointExtension>
    </extensions>
   </trkpt>
   <trkpt lat="27.7153160" lon="85.3242750">
    <ele>1300.8</ele>
    <time>2025-10-25T01:09:16Z</time>
    <extensions>
     <gpxtpx:TrackPointExtension>
      <gpxtpx:hr>165</gpxtpx:hr>
     </gpxtpx:TrackPointExtension>
    </extensions>
   </trkpt>
   <trkpt lat="27.7153430" lon="85.3242820">
    <ele>1301.0</ele>
    <time>2025-10-25T01:09:17Z</time>
    <extensions>
     <gpxtpx:TrackPointExtension>
      <gpxtpx:hr>165</gpxtpx:hr>
     </gpxtpx:TrackPointExtension>
    </extensions>
   </trkpt>
   <trkpt lat="27.7153690" lon="85.3242900">
    <ele>1301.0</ele>
    <time>2025-10-25T01:09:18Z</time>
    <extensions>
     <gpxtpx:TrackPointExtension>
      <gpxtpx:hr>165</gpxtpx:hr>
     </gpxtpx:TrackPointExtension>
    </extensions>
   </trkpt>
   <trkpt lat="27.7153960" lon="85.3242980">
    <ele>1301.0</ele>
    <time>2025-10-25T01:09:19Z</time>
    <extensions>
     <gpxtpx:TrackPointExtension>
      <gpxtpx:hr>165</gpxtpx:hr>
     </gpxtpx:TrackPointExtension>
    </extensions>
   </trkpt>
   <trkpt lat="27.7154220" lon="85.3243050">
    <ele>1301.2</ele>
    <time>2025-10-25T01:09:20Z</time>
    <extensions>
     <gpxtpx:TrackPointExtension>
      <gpxtpx:hr>165</gpxtpx:hr>
     </gpxtpx:TrackPointExtension>
    </extensions>
   </trkpt>
   <trkpt lat="27.7154480" lon="85.3243110">
    <ele>1301.2</ele>
    <time>2025-10-25T01:09:21Z</time>
    <extensions>
     <gpxtpx:TrackPointExtension>
      <gpxtpx:hr>165</gpxtpx:hr>
     </gpxtpx:TrackPointExtension>
    </extensions>
   </trkpt>
   <trkpt lat="27.7154750" lon="85.3243160">
    <ele>1301.4</ele>
    <time>2025-10-25T01:09:22Z</time>
    <extensions>
     <gpxtpx:TrackPointExtension>
      <gpxtpx:hr>165</gpxtpx:hr>
     </gpxtpx:TrackPointExtension>
    </extensions>
   </trkpt>
   <trkpt lat="27.7155010" lon="85.3243210">
    <ele>1301.4</ele>
    <time>2025-10-25T01:09:23Z</time>
    <extensions>
     <gpxtpx:TrackPointExtension>
      <gpxtpx:hr>165</gpxtpx:hr>
     </gpxtpx:TrackPointExtension>
    </extensions>
   </trkpt>
   <trkpt lat="27.7155280" lon="85.3243270">
    <ele>1301.6</ele>
    <time>2025-10-25T01:09:24Z</time>
    <extensions>
     <gpxtpx:TrackPointExtension>
      <gpxtpx:hr>165</gpxtpx:hr>
     </gpxtpx:TrackPointExtension>
    </extensions>
   </trkpt>
   <trkpt lat="27.7155560" lon="85.3243320">
    <ele>1301.6</ele>
    <time>2025-10-25T01:09:25Z</time>
    <extensions>
     <gpxtpx:TrackPointExtension>
      <gpxtpx:hr>165</gpxtpx:hr>
     </gpxtpx:TrackPointExtension>
    </extensions>
   </trkpt>
   <trkpt lat="27.7155850" lon="85.3243380">
    <ele>1301.8</ele>
    <time>2025-10-25T01:09:26Z</time>
    <extensions>
     <gpxtpx:TrackPointExtension>
      <gpxtpx:hr>165</gpxtpx:hr>
     </gpxtpx:TrackPointExtension>
    </extensions>
   </trkpt>
   <trkpt lat="27.7156130" lon="85.3243450">
    <ele>1301.8</ele>
    <time>2025-10-25T01:09:27Z</time>
    <extensions>
     <gpxtpx:TrackPointExtension>
      <gpxtpx:hr>165</gpxtpx:hr>
     </gpxtpx:TrackPointExtension>
    </extensions>
   </trkpt>
   <trkpt lat="27.7156430" lon="85.3243510">
    <ele>1302.0</ele>
    <time>2025-10-25T01:09:28Z</time>
    <extensions>
     <gpxtpx:TrackPointExtension>
      <gpxtpx:hr>165</gpxtpx:hr>
     </gpxtpx:TrackPointExtension>
    </extensions>
   </trkpt>
   <trkpt lat="27.7156720" lon="85.3243580">
    <ele>1302.0</ele>
    <time>2025-10-25T01:09:29Z</time>
    <extensions>
     <gpxtpx:TrackPointExtension>
      <gpxtpx:hr>165</gpxtpx:hr>
     </gpxtpx:TrackPointExtension>
    </extensions>
   </trkpt>
   <trkpt lat="27.7157020" lon="85.3243640">
    <ele>1302.2</ele>
    <time>2025-10-25T01:09:30Z</time>
    <extensions>
     <gpxtpx:TrackPointExtension>
      <gpxtpx:hr>165</gpxtpx:hr>
     </gpxtpx:TrackPointExtension>
    </extensions>
   </trkpt>
   <trkpt lat="27.7157310" lon="85.3243710">
    <ele>1302.2</ele>
    <time>2025-10-25T01:09:31Z</time>
    <extensions>
     <gpxtpx:TrackPointExtension>
      <gpxtpx:hr>165</gpxtpx:hr>
     </gpxtpx:TrackPointExtension>
    </extensions>
   </trkpt>
   <trkpt lat="27.7157610" lon="85.3243780">
    <ele>1302.2</ele>
    <time>2025-10-25T01:09:32Z</time>
    <extensions>
     <gpxtpx:TrackPointExtension>
      <gpxtpx:hr>165</gpxtpx:hr>
     </gpxtpx:TrackPointExtension>
    </extensions>
   </trkpt>
   <trkpt lat="27.7157900" lon="85.3243850">
    <ele>1302.2</ele>
    <time>2025-10-25T01:09:33Z</time>
    <extensions>
     <gpxtpx:TrackPointExtension>
      <gpxtpx:hr>165</gpxtpx:hr>
     </gpxtpx:TrackPointExtension>
    </extensions>
   </trkpt>
   <trkpt lat="27.7158200" lon="85.3243920">
    <ele>1302.2</ele>
    <time>2025-10-25T01:09:34Z</time>
    <extensions>
     <gpxtpx:TrackPointExtension>
      <gpxtpx:hr>165</gpxtpx:hr>
     </gpxtpx:TrackPointExtension>
    </extensions>
   </trkpt>
   <trkpt lat="27.7158500" lon="85.3244000">
    <ele>1302.4</ele>
    <time>2025-10-25T01:09:35Z</time>
    <extensions>
     <gpxtpx:TrackPointExtension>
      <gpxtpx:hr>165</gpxtpx:hr>
     </gpxtpx:TrackPointExtension>
    </extensions>
   </trkpt>
   <trkpt lat="27.7158800" lon="85.3244080">
    <ele>1302.4</ele>
    <time>2025-10-25T01:09:36Z</time>
    <extensions>
     <gpxtpx:TrackPointExtension>
      <gpxtpx:hr>165</gpxtpx:hr>
     </gpxtpx:TrackPointExtension>
    </extensions>
   </trkpt>
   <trkpt lat="27.7159100" lon="85.3244160">
    <ele>1302.4</ele>
    <time>2025-10-25T01:09:37Z</time>
    <extensions>
     <gpxtpx:TrackPointExtension>
      <gpxtpx:hr>165</gpxtpx:hr>
     </gpxtpx:TrackPointExtension>
    </extensions>
   </trkpt>
   <trkpt lat="27.7159400" lon="85.3244250">
    <ele>1302.4</ele>
    <time>2025-10-25T01:09:38Z</time>
    <extensions>
     <gpxtpx:TrackPointExtension>
      <gpxtpx:hr>165</gpxtpx:hr>
     </gpxtpx:TrackPointExtension>
    </extensions>
   </trkpt>
   <trkpt lat="27.7159710" lon="85.3244350">
    <ele>1302.4</ele>
    <time>2025-10-25T01:09:39Z</time>
    <extensions>
     <gpxtpx:TrackPointExtension>
      <gpxtpx:hr>165</gpxtpx:hr>
     </gpxtpx:TrackPointExtension>
    </extensions>
   </trkpt>
   <trkpt lat="27.7160010" lon="85.3244440">
    <ele>1302.4</ele>
    <time>2025-10-25T01:09:40Z</time>
    <extensions>
     <gpxtpx:TrackPointExtension>
      <gpxtpx:hr>165</gpxtpx:hr>
     </gpxtpx:TrackPointExtension>
    </extensions>
   </trkpt>
   <trkpt lat="27.7160310" lon="85.3244530">
    <ele>1302.4</ele>
    <time>2025-10-25T01:09:41Z</time>
    <extensions>
     <gpxtpx:TrackPointExtension>
      <gpxtpx:hr>165</gpxtpx:hr>
     </gpxtpx:TrackPointExtension>
    </extensions>
   </trkpt>
   <trkpt lat="27.7160610" lon="85.3244620">
    <ele>1302.4</ele>
    <time>2025-10-25T01:09:42Z</time>
    <extensions>
     <gpxtpx:TrackPointExtension>
      <gpxtpx:hr>165</gpxtpx:hr>
     </gpxtpx:TrackPointExtension>
    </extensions>
   </trkpt>
   <trkpt lat="27.7160900" lon="85.3244720">
    <ele>1302.4</ele>
    <time>2025-10-25T01:09:43Z</time>
    <extensions>
     <gpxtpx:TrackPointExtension>
      <gpxtpx:hr>165</gpxtpx:hr>
     </gpxtpx:TrackPointExtension>
    </extensions>
   </trkpt>
   <trkpt lat="27.7161200" lon="85.3244810">
    <ele>1302.2</ele>
    <time>2025-10-25T01:09:44Z</time>
    <extensions>
     <gpxtpx:TrackPointExtension>
      <gpxtpx:hr>165</gpxtpx:hr>
     </gpxtpx:TrackPointExtension>
    </extensions>
   </trkpt>
   <trkpt lat="27.7161490" lon="85.3244910">
    <ele>1302.2</ele>
    <time>2025-10-25T01:09:45Z</time>
    <extensions>
     <gpxtpx:TrackPointExtension>
      <gpxtpx:hr>165</gpxtpx:hr>
     </gpxtpx:TrackPointExtension>
    </extensions>
   </trkpt>
   <trkpt lat="27.7161770" lon="85.3245000">
    <ele>1302.2</ele>
    <time>2025-10-25T01:09:46Z</time>
    <extensions>
     <gpxtpx:TrackPointExtension>
      <gpxtpx:hr>165</gpxtpx:hr>
     </gpxtpx:TrackPointExtension>
    </extensions>
   </trkpt>
   <trkpt lat="27.7162040" lon="85.3245100">
    <ele>1302.2</ele>
    <time>2025-10-25T01:09:47Z</time>
    <extensions>
     <gpxtpx:TrackPointExtension>
      <gpxtpx:hr>165</gpxtpx:hr>
     </gpxtpx:TrackPointExtension>
    </extensions>
   </trkpt>
   <trkpt lat="27.7162310" lon="85.3245180">
    <ele>1302.0</ele>
    <time>2025-10-25T01:09:48Z</time>
    <extensions>
     <gpxtpx:TrackPointExtension>
      <gpxtpx:hr>165</gpxtpx:hr>
     </gpxtpx:TrackPointExtension>
    </extensions>
   </trkpt>
   <trkpt lat="27.7162580" lon="85.3245270">
    <ele>1302.0</ele>
    <time>2025-10-25T01:09:49Z</time>
    <extensions>
     <gpxtpx:TrackPointExtension>
      <gpxtpx:hr>165</gpxtpx:hr>
     </gpxtpx:TrackPointExtension>
    </extensions>
   </trkpt>
   <trkpt lat="27.7162840" lon="85.3245350">
    <ele>1302.0</ele>
    <time>2025-10-25T01:09:50Z</time>
    <extensions>
     <gpxtpx:TrackPointExtension>
      <gpxtpx:hr>165</gpxtpx:hr>
     </gpxtpx:TrackPointExtension>
    </extensions>
   </trkpt>
   <trkpt lat="27.7163100" lon="85.3245430">
    <ele>1301.8</ele>
    <time>2025-10-25T01:09:51Z</time>
    <extensions>
     <gpxtpx:TrackPointExtension>
      <gpxtpx:hr>165</gpxtpx:hr>
     </gpxtpx:TrackPointExtension>
    </extensions>
   </trkpt>
   <trkpt lat="27.7163360" lon="85.3245500">
    <ele>1301.8</ele>
    <time>2025-10-25T01:09:52Z</time>
    <extensions>
     <gpxtpx:TrackPointExtension>
      <gpxtpx:hr>165</gpxtpx:hr>
     </gpxtpx:TrackPointExtension>
    </extensions>
   </trkpt>
   <trkpt lat="27.7163630" lon="85.3245570">
    <ele>1301.8</ele>
    <time>2025-10-25T01:09:53Z</time>
    <extensions>
     <gpxtpx:TrackPointExtension>
      <gpxtpx:hr>165</gpxtpx:hr>
     </gpxtpx:TrackPointExtension>
    </extensions>
   </trkpt>
   <trkpt lat="27.7163910" lon="85.3245640">
    <ele>1301.8</ele>
    <time>2025-10-25T01:09:54Z</time>
    <extensions>
     <gpxtpx:TrackPointExtension>
      <gpxtpx:hr>165</gpxtpx:hr>
     </gpxtpx:TrackPointExtension>
    </extensions>
   </trkpt>
   <trkpt lat="27.7164200" lon="85.3245720">
    <ele>1301.8</ele>
    <time>2025-10-25T01:09:55Z</time>
    <extensions>
     <gpxtpx:TrackPointExtension>
      <gpxtpx:hr>165</gpxtpx:hr>
     </gpxtpx:TrackPointExtension>
    </extensions>
   </trkpt>
   <trkpt lat="27.7164500" lon="85.3245780">
    <ele>1301.8</ele>
    <time>2025-10-25T01:09:56Z</time>
    <extensions>
     <gpxtpx:TrackPointExtension>
      <gpxtpx:hr>165</gpxtpx:hr>
     </gpxtpx:TrackPointExtension>
    </extensions>
   </trkpt>
   <trkpt lat="27.7164790" lon="85.3245840">
    <ele>1301.8</ele>
    <time>2025-10-25T01:09:57Z</time>
    <extensions>
     <gpxtpx:TrackPointExtension>
      <gpxtpx:hr>165</gpxtpx:hr>
     </gpxtpx:TrackPointExtension>
    </extensions>
   </trkpt>
   <trkpt lat="27.7165080" lon="85.3245890">
    <ele>1301.8</ele>
    <time>2025-10-25T01:09:58Z</time>
    <extensions>
     <gpxtpx:TrackPointExtension>
      <gpxtpx:hr>165</gpxtpx:hr>
     </gpxtpx:TrackPointExtension>
    </extensions>
   </trkpt>
   <trkpt lat="27.7165380" lon="85.3245940">
    <ele>1301.8</ele>
    <time>2025-10-25T01:09:59Z</time>
    <extensions>
     <gpxtpx:TrackPointExtension>
      <gpxtpx:hr>165</gpxtpx:hr>
     </gpxtpx:TrackPointExtension>
    </extensions>
   </trkpt>
   <trkpt lat="27.7165670" lon="85.3245990">
    <ele>1301.8</ele>
    <time>2025-10-25T01:10:00Z</time>
    <extensions>
     <gpxtpx:TrackPointExtension>
      <gpxtpx:hr>165</gpxtpx:hr>
     </gpxtpx:TrackPointExtension>
    </extensions>
   </trkpt>
   <trkpt lat="27.7165960" lon="85.3246030">
    <ele>1301.8</ele>
    <time>2025-10-25T01:10:01Z</time>
    <extensions>
     <gpxtpx:TrackPointExtension>
      <gpxtpx:hr>165</gpxtpx:hr>
     </gpxtpx:TrackPointExtension>
    </extensions>
   </trkpt>
   <trkpt lat="27.7166250" lon="85.3246090">
    <ele>1301.8</ele>
    <time>2025-10-25T01:10:02Z</time>
    <extensions>
     <gpxtpx:TrackPointExtension>
      <gpxtpx:hr>165</gpxtpx:hr>
     </gpxtpx:TrackPointExtension>
    </extensions>
   </trkpt>
   <trkpt lat="27.7166530" lon="85.3246160">
    <ele>1301.8</ele>
    <time>2025-10-25T01:10:03Z</time>
    <extensions>
     <gpxtpx:TrackPointExtension>
      <gpxtpx:hr>165</gpxtpx:hr>
     </gpxtpx:TrackPointExtension>
    </extensions>
   </trkpt>
   <trkpt lat="27.7166800" lon="85.3246240">
    <ele>1301.6</ele>
    <time>2025-10-25T01:10:04Z</time>
    <extensions>
     <gpxtpx:TrackPointExtension>
      <gpxtpx:hr>165</gpxtpx:hr>
     </gpxtpx:TrackPointExtension>
    </extensions>
   </trkpt>
   <trkpt lat="27.7167070" lon="85.3246340">
    <ele>1301.6</ele>
    <time>2025-10-25T01:10:05Z</time>
    <extensions>
     <gpxtpx:TrackPointExtension>
      <gpxtpx:hr>165</gpxtpx:hr>
     </gpxtpx:TrackPointExtension>
    </extensions>
   </trkpt>
   <trkpt lat="27.7167330" lon="85.3246440">
    <ele>1301.4</ele>
    <time>2025-10-25T01:10:06Z</time>
    <extensions>
     <gpxtpx:TrackPointExtension>
      <gpxtpx:hr>165</gpxtpx:hr>
     </gpxtpx:TrackPointExtension>
    </extensions>
   </trkpt>
   <trkpt lat="27.7167600" lon="85.3246550">
    <ele>1301.4</ele>
    <time>2025-10-25T01:10:07Z</time>
    <extensions>
     <gpxtpx:TrackPointExtension>
      <gpxtpx:hr>165</gpxtpx:hr>
     </gpxtpx:TrackPointExtension>
    </extensions>
   </trkpt>
   <trkpt lat="27.7167890" lon="85.3246660">
    <ele>1301.2</ele>
    <time>2025-10-25T01:10:08Z</time>
    <extensions>
     <gpxtpx:TrackPointExtension>
      <gpxtpx:hr>165</gpxtpx:hr>
     </gpxtpx:TrackPointExtension>
    </extensions>
   </trkpt>
   <trkpt lat="27.7168180" lon="85.3246770">
    <ele>1301.0</ele>
    <time>2025-10-25T01:10:09Z</time>
    <extensions>
     <gpxtpx:TrackPointExtension>
      <gpxtpx:hr>165</gpxtpx:hr>
     </gpxtpx:TrackPointExtension>
    </extensions>
   </trkpt>
   <trkpt lat="27.7168470" lon="85.3246880">
    <ele>1300.8</ele>
    <time>2025-10-25T01:10:10Z</time>
    <extensions>
     <gpxtpx:TrackPointExtension>
      <gpxtpx:hr>165</gpxtpx:hr>
     </gpxtpx:TrackPointExtension>
    </extensions>
   </trkpt>
   <trkpt lat="27.7168770" lon="85.3246980">
    <ele>1300.8</ele>
    <time>2025-10-25T01:10:11Z</time>
    <extensions>
     <gpxtpx:TrackPointExtension>
      <gpxtpx:hr>165</gpxtpx:hr>
     </gpxtpx:TrackPointExtension>
    </extensions>
   </trkpt>
   <trkpt lat="27.7169060" lon="85.3247090">
    <ele>1300.6</ele>
    <time>2025-10-25T01:10:12Z</time>
    <extensions>
     <gpxtpx:TrackPointExtension>
      <gpxtpx:hr>165</gpxtpx:hr>
     </gpxtpx:TrackPointExtension>
    </extensions>
   </trkpt>
   <trkpt lat="27.7169350" lon="85.3247190">
    <ele>1300.4</ele>
    <time>2025-10-25T01:10:13Z</time>
    <extensions>
     <gpxtpx:TrackPointExtension>
      <gpxtpx:hr>165</gpxtpx:hr>
     </gpxtpx:TrackPointExtension>
    </extensions>
   </trkpt>
   <trkpt lat="27.7169640" lon="85.3247290">
    <ele>1300.2</ele>
    <time>2025-10-25T01:10:14Z</time>
    <extensions>
     <gpxtpx:TrackPointExtension>
      <gpxtpx:hr>165</gpxtpx:hr>
     </gpxtpx:TrackPointExtension>
    </extensions>
   </trkpt>
   <trkpt lat="27.7169920" lon="85.3247390">
    <ele>1300.2</ele>
    <time>2025-10-25T01:10:15Z</time>
    <extensions>
     <gpxtpx:TrackPointExtension>
      <gpxtpx:hr>165</gpxtpx:hr>
     </gpxtpx:TrackPointExtension>
    </extensions>
   </trkpt>
   <trkpt lat="27.7170210" lon="85.3247490">
    <ele>1300.0</ele>
    <time>2025-10-25T01:10:16Z</time>
    <extensions>
     <gpxtpx:TrackPointExtension>
      <gpxtpx:hr>165</gpxtpx:hr>
     </gpxtpx:TrackPointExtension>
    </extensions>
   </trkpt>
   <trkpt lat="27.7170480" lon="85.3247590">
    <ele>1299.8</ele>
    <time>2025-10-25T01:10:17Z</time>
    <extensions>
     <gpxtpx:TrackPointExtension>
      <gpxtpx:hr>165</gpxtpx:hr>
     </gpxtpx:TrackPointExtension>
    </extensions>
   </trkpt>
   <trkpt lat="27.7170760" lon="85.3247690">
    <ele>1299.8</ele>
    <time>2025-10-25T01:10:18Z</time>
    <extensions>
     <gpxtpx:TrackPointExtension>
      <gpxtpx:hr>165</gpxtpx:hr>
     </gpxtpx:TrackPointExtension>
    </extensions>
   </trkpt>
   <trkpt lat="27.7171030" lon="85.3247780">
    <ele>1299.6</ele>
    <time>2025-10-25T01:10:19Z</time>
    <extensions>
     <gpxtpx:TrackPointExtension>
      <gpxtpx:hr>165</gpxtpx:hr>
     </gpxtpx:TrackPointExtension>
    </extensions>
   </trkpt>
   <trkpt lat="27.7171300" lon="85.3247860">
    <ele>1299.6</ele>
    <time>2025-10-25T01:10:20Z</time>
    <extensions>
     <gpxtpx:TrackPointExtension>
      <gpxtpx:hr>165</gpxtpx:hr>
     </gpxtpx:TrackPointExtension>
    </extensions>
   </trkpt>
   <trkpt lat="27.7171570" lon="85.3247920">
    <ele>1299.4</ele>
    <time>2025-10-25T01:10:21Z</time>
    <extensions>
     <gpxtpx:TrackPointExtension>
      <gpxtpx:hr>165</gpxtpx:hr>
     </gpxtpx:TrackPointExtension>
    </extensions>
   </trkpt>
   <trkpt lat="27.7171830" lon="85.3247950">
    <ele>1299.2</ele>
    <time>2025-10-25T01:10:22Z</time>
    <extensions>
     <gpxtpx:TrackPointExtension>
      <gpxtpx:hr>165</gpxtpx:hr>
     </gpxtpx:TrackPointExtension>
    </extensions>
   </trkpt>
   <trkpt lat="27.7172100" lon="85.3247940">
    <ele>1299.2</ele>
    <time>2025-10-25T01:10:23Z</time>
    <extensions>
     <gpxtpx:TrackPointExtension>
      <gpxtpx:hr>165</gpxtpx:hr>
     </gpxtpx:TrackPointExtension>
    </extensions>
   </trkpt>
   <trkpt lat="27.7172350" lon="85.3247890">
    <ele>1299.0</ele>
    <time>2025-10-25T01:10:24Z</time>
    <extensions>
     <gpxtpx:TrackPointExtension>
      <gpxtpx:hr>165</gpxtpx:hr>
     </gpxtpx:TrackPointExtension>
    </extensions>
   </trkpt>
   <trkpt lat="27.7172600" lon="85.3247790">
    <ele>1298.8</ele>
    <time>2025-10-25T01:10:25Z</time>
    <extensions>
     <gpxtpx:TrackPointExtension>
      <gpxtpx:hr>165</gpxtpx:hr>
     </gpxtpx:TrackPointExtension>
    </extensions>
   </trkpt>
   <trkpt lat="27.7172820" lon="85.3247660">
    <ele>1298.8</ele>
    <time>2025-10-25T01:10:26Z</time>
    <extensions>
     <gpxtpx:TrackPointExtension>
      <gpxtpx:hr>165</gpxtpx:hr>
     </gpxtpx:TrackPointExtension>
    </extensions>
   </trkpt>
   <trkpt lat="27.7173030" lon="85.3247480">
    <ele>1298.6</ele>
    <time>2025-10-25T01:10:27Z</time>
    <extensions>
     <gpxtpx:TrackPointExtension>
      <gpxtpx:hr>165</gpxtpx:hr>
     </gpxtpx:TrackPointExtension>
    </extensions>
   </trkpt>
   <trkpt lat="27.7173220" lon="85.3247280">
    <ele>1298.6</ele>
    <time>2025-10-25T01:10:28Z</time>
    <extensions>
     <gpxtpx:TrackPointExtension>
      <gpxtpx:hr>165</gpxtpx:hr>
     </gpxtpx:TrackPointExtension>
    </extensions>
   </trkpt>
   <trkpt lat="27.7173380" lon="85.3247070">
    <ele>1298.6</ele>
    <time>2025-10-25T01:10:29Z</time>
    <extensions>
     <gpxtpx:TrackPointExtension>
      <gpxtpx:hr>165</gpxtpx:hr>
     </gpxtpx:TrackPointExtension>
    </extensions>
   </trkpt>
   <trkpt lat="27.7173530" lon="85.3246830">
    <ele>1298.4</ele>
    <time>2025-10-25T01:10:30Z</time>
    <extensions>
     <gpxtpx:TrackPointExtension>
      <gpxtpx:hr>165</gpxtpx:hr>
     </gpxtpx:TrackPointExtension>
    </extensions>
   </trkpt>
   <trkpt lat="27.7173650" lon="85.3246590">
    <ele>1298.4</ele>
    <time>2025-10-25T01:10:31Z</time>
    <extensions>
     <gpxtpx:TrackPointExtension>
      <gpxtpx:hr>165</gpxtpx:hr>
     </gpxtpx:TrackPointExtension>
    </extensions>
   </trkpt>
   <trkpt lat="27.7173760" lon="85.3246340">
    <ele>1298.4</ele>
    <time>2025-10-25T01:10:32Z</time>
    <extensions>
     <gpxtpx:TrackPointExtension>
      <gpxtpx:hr>165</gpxtpx:hr>
     </gpxtpx:TrackPointExtension>
    </extensions>
   </trkpt>
   <trkpt lat="27.7173850" lon="85.3246090">
    <ele>1298.4</ele>
    <time>2025-10-25T01:10:33Z</time>
    <extensions>
     <gpxtpx:TrackPointExtension>
      <gpxtpx:hr>165</gpxtpx:hr>
     </gpxtpx:TrackPointExtension>
    </extensions>
   </trkpt>
   <trkpt lat="27.7173920" lon="85.3245840">
    <ele>1298.4</ele>
    <time>2025-10-25T01:10:34Z</time>
    <extensions>
     <gpxtpx:TrackPointExtension>
      <gpxtpx:hr>165</gpxtpx:hr>
     </gpxtpx:TrackPointExtension>
    </extensions>
   </trkpt>
   <trkpt lat="27.7173990" lon="85.3245590">
    <ele>1298.4</ele>
    <time>2025-10-25T01:10:35Z</time>
    <extensions>
     <gpxtpx:TrackPointExtension>
      <gpxtpx:hr>165</gpxtpx:hr>
     </gpxtpx:TrackPointExtension>
    </extensions>
   </trkpt>
   <trkpt lat="27.7174050" lon="85.3245320">
    <ele>1298.4</ele>
    <time>2025-10-25T01:10:36Z</time>
    <extensions>
     <gpxtpx:TrackPointExtension>
      <gpxtpx:hr>165</gpxtpx:hr>
     </gpxtpx:TrackPointExtension>
    </extensions>
   </trkpt>
   <trkpt lat="27.7174110" lon="85.3245040">
    <ele>1298.4</ele>
    <time>2025-10-25T01:10:37Z</time>
    <extensions>
     <gpxtpx:TrackPointExtension>
      <gpxtpx:hr>165</gpxtpx:hr>
     </gpxtpx:TrackPointExtension>
    </extensions>
   </trkpt>
   <trkpt lat="27.7174170" lon="85.3244750">
    <ele>1298.6</ele>
    <time>2025-10-25T01:10:38Z</time>
    <extensions>
     <gpxtpx:TrackPointExtension>
      <gpxtpx:hr>165</gpxtpx:hr>
     </gpxtpx:TrackPointExtension>
    </extensions>
   </trkpt>
   <trkpt lat="27.7174230" lon="85.3244450">
    <ele>1298.4</ele>
    <time>2025-10-25T01:10:39Z</time>
    <extensions>
     <gpxtpx:TrackPointExtension>
      <gpxtpx:hr>165</gpxtpx:hr>
     </gpxtpx:TrackPointExtension>
    </extensions>
   </trkpt>
   <trkpt lat="27.7174300" lon="85.3244140">
    <ele>1298.4</ele>
    <time>2025-10-25T01:10:40Z</time>
    <extensions>
     <gpxtpx:TrackPointExtension>
      <gpxtpx:hr>165</gpxtpx:hr>
     </gpxtpx:TrackPointExtension>
    </extensions>
   </trkpt>
   <trkpt lat="27.7174360" lon="85.3243830">
    <ele>1298.4</ele>
    <time>2025-10-25T01:10:41Z</time>
    <extensions>
     <gpxtpx:TrackPointExtension>
      <gpxtpx:hr>165</gpxtpx:hr>
     </gpxtpx:TrackPointExtension>
    </extensions>
   </trkpt>
   <trkpt lat="27.7174440" lon="85.3243510">
    <ele>1298.4</ele>
    <time>2025-10-25T01:10:42Z</time>
    <extensions>
     <gpxtpx:TrackPointExtension>
      <gpxtpx:hr>165</gpxtpx:hr>
     </gpxtpx:TrackPointExtension>
    </extensions>
   </trkpt>
   <trkpt lat="27.7174510" lon="85.3243200">
    <ele>1298.4</ele>
    <time>2025-10-25T01:10:43Z</time>
    <extensions>
     <gpxtpx:TrackPointExtension>
      <gpxtpx:hr>165</gpxtpx:hr>
     </gpxtpx:TrackPointExtension>
    </extensions>
   </trkpt>
   <trkpt lat="27.7174580" lon="85.3242890">
    <ele>1298.2</ele>
    <time>2025-10-25T01:10:44Z</time>
    <extensions>
     <gpxtpx:TrackPointExtension>
      <gpxtpx:hr>165</gpxtpx:hr>
     </gpxtpx:TrackPointExtension>
    </extensions>
   </trkpt>
   <trkpt lat="27.7174650" lon="85.3242580">
    <ele>1298.2</ele>
    <time>2025-10-25T01:10:45Z</time>
    <extensions>
     <gpxtpx:TrackPointExtension>
      <gpxtpx:hr>165</gpxtpx:hr>
     </gpxtpx:TrackPointExtension>
    </extensions>
   </trkpt>
   <trkpt lat="27.7174730" lon="85.3242260">
    <ele>1298.2</ele>
    <time>2025-10-25T01:10:46Z</time>
    <extensions>
     <gpxtpx:TrackPointExtension>
      <gpxtpx:hr>165</gpxtpx:hr>
     </gpxtpx:TrackPointExtension>
    </extensions>
   </trkpt>
   <trkpt lat="27.7174810" lon="85.3241940">
    <ele>1298.0</ele>
    <time>2025-10-25T01:10:47Z</time>
    <extensions>
     <gpxtpx:TrackPointExtension>
      <gpxtpx:hr>165</gpxtpx:hr>
     </gpxtpx:TrackPointExtension>
    </extensions>
   </trkpt>
   <trkpt lat="27.7174890" lon="85.3241610">
    <ele>1298.0</ele>
    <time>2025-10-25T01:10:48Z</time>
    <extensions>
     <gpxtpx:TrackPointExtension>
      <gpxtpx:hr>165</gpxtpx:hr>
     </gpxtpx:TrackPointExtension>
    </extensions>
   </trkpt>
   <trkpt lat="27.7174970" lon="85.3241280">
    <ele>1297.8</ele>
    <time>2025-10-25T01:10:49Z</time>
    <extensions>
     <gpxtpx:TrackPointExtension>
      <gpxtpx:hr>165</gpxtpx:hr>
     </gpxtpx:TrackPointExtension>
    </extensions>
   </trkpt>
   <trkpt lat="27.7175060" lon="85.3240960">
    <ele>1297.8</ele>
    <time>2025-10-25T01:10:50Z</time>
    <extensions>
     <gpxtpx:TrackPointExtension>
      <gpxtpx:hr>165</gpxtpx:hr>
     </gpxtpx:TrackPointExtension>
    </extensions>
   </trkpt>
   <trkpt lat="27.7175140" lon="85.3240640">
    <ele>1297.8</ele>
    <time>2025-10-25T01:10:51Z</time>
    <extensions>
     <gpxtpx:TrackPointExtension>
      <gpxtpx:hr>165</gpxtpx:hr>
     </gpxtpx:TrackPointExtension>
    </extensions>
   </trkpt>
   <trkpt lat="27.7175230" lon="85.3240330">
    <ele>1297.8</ele>
    <time>2025-10-25T01:10:52Z</time>
    <extensions>
     <gpxtpx:TrackPointExtension>
      <gpxtpx:hr>165</gpxtpx:hr>
     </gpxtpx:TrackPointExtension>
    </extensions>
   </trkpt>
   <trkpt lat="27.7175320" lon="85.3240020">
    <ele>1297.8</ele>
    <time>2025-10-25T01:10:53Z</time>
    <extensions>
     <gpxtpx:TrackPointExtension>
      <gpxtpx:hr>165</gpxtpx:hr>
     </gpxtpx:TrackPointExtension>
    </extensions>
   </trkpt>
   <trkpt lat="27.7175400" lon="85.3239730">
    <ele>1297.6</ele>
    <time>2025-10-25T01:10:54Z</time>
    <extensions>
     <gpxtpx:TrackPointExtension>
      <gpxtpx:hr>165</gpxtpx:hr>
     </gpxtpx:TrackPointExtension>
    </extensions>
   </trkpt>
   <trkpt lat="27.7175490" lon="85.3239450">
    <ele>1297.6</ele>
    <time>2025-10-25T01:10:55Z</time>
    <extensions>
     <gpxtpx:TrackPointExtension>
      <gpxtpx:hr>165</gpxtpx:hr>
     </gpxtpx:TrackPointExtension>
    </extensions>
   </trkpt>
   <trkpt lat="27.7175570" lon="85.3239170">
    <ele>1297.6</ele>
    <time>2025-10-25T01:10:56Z</time>
    <extensions>
     <gpxtpx:TrackPointExtension>
      <gpxtpx:hr>165</gpxtpx:hr>
     </gpxtpx:TrackPointExtension>
    </extensions>
   </trkpt>
   <trkpt lat="27.7175650" lon="85.3238880">
    <ele>1297.6</ele>
    <time>2025-10-25T01:10:57Z</time>
    <extensions>
     <gpxtpx:TrackPointExtension>
      <gpxtpx:hr>165</gpxtpx:hr>
     </gpxtpx:TrackPointExtension>
    </extensions>
   </trkpt>
   <trkpt lat="27.7175730" lon="85.3238600">
    <ele>1297.6</ele>
    <time>2025-10-25T01:10:58Z</time>
    <extensions>
     <gpxtpx:TrackPointExtension>
      <gpxtpx:hr>165</gpxtpx:hr>
     </gpxtpx:TrackPointExtension>
    </extensions>
   </trkpt>
   <trkpt lat="27.7175820" lon="85.3238310">
    <ele>1297.6</ele>
    <time>2025-10-25T01:10:59Z</time>
    <extensions>
     <gpxtpx:TrackPointExtension>
      <gpxtpx:hr>165</gpxtpx:hr>
     </gpxtpx:TrackPointExtension>
    </extensions>
   </trkpt>
   <trkpt lat="27.7175900" lon="85.3238020">
    <ele>1297.6</ele>
    <time>2025-10-25T01:11:00Z</time>
    <extensions>
     <gpxtpx:TrackPointExtension>
      <gpxtpx:hr>165</gpxtpx:hr>
     </gpxtpx:TrackPointExtension>
    </extensions>
   </trkpt>
   <trkpt lat="27.7175980" lon="85.3237730">
    <ele>1297.6</ele>
    <time>2025-10-25T01:11:01Z</time>
    <extensions>
     <gpxtpx:TrackPointExtension>
      <gpxtpx:hr>165</gpxtpx:hr>
     </gpxtpx:TrackPointExtension>
    </extensions>
   </trkpt>
   <trkpt lat="27.7176060" lon="85.3237430">
    <ele>1297.6</ele>
    <time>2025-10-25T01:11:02Z</time>
    <extensions>
     <gpxtpx:TrackPointExtension>
      <gpxtpx:hr>165</gpxtpx:hr>
     </gpxtpx:TrackPointExtension>
    </extensions>
   </trkpt>
   <trkpt lat="27.7176140" lon="85.3237140">
    <ele>1297.6</ele>
    <time>2025-10-25T01:11:03Z</time>
    <extensions>
     <gpxtpx:TrackPointExtension>
      <gpxtpx:hr>165</gpxtpx:hr>
     </gpxtpx:TrackPointExtension>
    </extensions>
   </trkpt>
   <trkpt lat="27.7176230" lon="85.3236840">
    <ele>1297.6</ele>
    <time>2025-10-25T01:11:04Z</time>
    <extensions>
     <gpxtpx:TrackPointExtension>
      <gpxtpx:hr>165</gpxtpx:hr>
     </gpxtpx:TrackPointExtension>
    </extensions>
   </trkpt>
   <trkpt lat="27.7176320" lon="85.3236550">
    <ele>1297.6</ele>
    <time>2025-10-25T01:11:05Z</time>
    <extensions>
     <gpxtpx:TrackPointExtension>
      <gpxtpx:hr>165</gpxtpx:hr>
     </gpxtpx:TrackPointExtension>
    </extensions>
   </trkpt>
   <trkpt lat="27.7176410" lon="85.3236250">
    <ele>1297.6</ele>
    <time>2025-10-25T01:11:06Z</time>
    <extensions>
     <gpxtpx:TrackPointExtension>
      <gpxtpx:hr>165</gpxtpx:hr>
     </gpxtpx:TrackPointExtension>
    </extensions>
   </trkpt>
   <trkpt lat="27.7176490" lon="85.3235950">
    <ele>1297.6</ele>
    <time>2025-10-25T01:11:07Z</time>
    <extensions>
     <gpxtpx:TrackPointExtension>
      <gpxtpx:hr>165</gpxtpx:hr>
     </gpxtpx:TrackPointExtension>
    </extensions>
   </trkpt>
   <trkpt lat="27.7176580" lon="85.3235650">
    <ele>1297.6</ele>
    <time>2025-10-25T01:11:08Z</time>
    <extensions>
     <gpxtpx:TrackPointExtension>
      <gpxtpx:hr>165</gpxtpx:hr>
     </gpxtpx:TrackPointExtension>
    </extensions>
   </trkpt>
   <trkpt lat="27.7176670" lon="85.3235350">
    <ele>1297.6</ele>
    <time>2025-10-25T01:11:09Z</time>
    <extensions>
     <gpxtpx:TrackPointExtension>
      <gpxtpx:hr>165</gpxtpx:hr>
     </gpxtpx:TrackPointExtension>
    </extensions>
   </trkpt>
   <trkpt lat="27.7176770" lon="85.3235040">
    <ele>1297.6</ele>
    <time>2025-10-25T01:11:10Z</time>
    <extensions>
     <gpxtpx:TrackPointExtension>
      <gpxtpx:hr>165</gpxtpx:hr>
     </gpxtpx:TrackPointExtension>
    </extensions>
   </trkpt>
   <trkpt lat="27.7176860" lon="85.3234730">
    <ele>1297.4</ele>
    <time>2025-10-25T01:11:11Z</time>
    <extensions>
     <gpxtpx:TrackPointExtension>
      <gpxtpx:hr>165</gpxtpx:hr>
     </gpxtpx:TrackPointExtension>
    </extensions>
   </trkpt>
   <trkpt lat="27.7176960" lon="85.3234430">
    <ele>1297.4</ele>
    <time>2025-10-25T01:11:12Z</time>
    <extensions>
     <gpxtpx:TrackPointExtension>
      <gpxtpx:hr>165</gpxtpx:hr>
     </gpxtpx:TrackPointExtension>
    </extensions>
   </trkpt>
   <trkpt lat="27.7177070" lon="85.3234140">
    <ele>1297.4</ele>
    <time>2025-10-25T01:11:13Z</time>
    <extensions>
     <gpxtpx:TrackPointExtension>
      <gpxtpx:hr>165</gpxtpx:hr>
     </gpxtpx:TrackPointExtension>
    </extensions>
   </trkpt>
   <trkpt lat="27.7177190" lon="85.3233870">
    <ele>1297.4</ele>
    <time>2025-10-25T01:11:14Z</time>
    <extensions>
     <gpxtpx:TrackPointExtension>
      <gpxtpx:hr>165</gpxtpx:hr>
     </gpxtpx:TrackPointExtension>
    </extensions>
   </trkpt>
   <trkpt lat="27.7177320" lon="85.3233620">
    <ele>1297.4</ele>
    <time>2025-10-25T01:11:15Z</time>
    <extensions>
     <gpxtpx:TrackPointExtension>
      <gpxtpx:hr>165</gpxtpx:hr>
     </gpxtpx:TrackPointExtension>
    </extensions>
   </trkpt>
   <trkpt lat="27.7177460" lon="85.3233380">
    <ele>1297.4</ele>
    <time>2025-10-25T01:11:16Z</time>
    <extensions>
     <gpxtpx:TrackPointExtension>
      <gpxtpx:hr>165</gpxtpx:hr>
     </gpxtpx:TrackPointExtension>
    </extensions>
   </trkpt>
   <trkpt lat="27.7177610" lon="85.3233160">
    <ele>1297.4</ele>
    <time>2025-10-25T01:11:17Z</time>
    <extensions>
     <gpxtpx:TrackPointExtension>
      <gpxtpx:hr>165</gpxtpx:hr>
     </gpxtpx:TrackPointExtension>
    </extensions>
   </trkpt>
   <trkpt lat="27.7177770" lon="85.3232960">
    <ele>1297.4</ele>
    <time>2025-10-25T01:11:18Z</time>
    <extensions>
     <gpxtpx:TrackPointExtension>
      <gpxtpx:hr>165</gpxtpx:hr>
     </gpxtpx:TrackPointExtension>
    </extensions>
   </trkpt>
   <trkpt lat="27.7177930" lon="85.3232800">
    <ele>1297.4</ele>
    <time>2025-10-25T01:11:19Z</time>
    <extensions>
     <gpxtpx:TrackPointExtension>
      <gpxtpx:hr>165</gpxtpx:hr>
     </gpxtpx:TrackPointExtension>
    </extensions>
   </trkpt>
   <trkpt lat="27.7178090" lon="85.3232670">
    <ele>1297.4</ele>
    <time>2025-10-25T01:11:20Z</time>
    <extensions>
     <gpxtpx:TrackPointExtension>
      <gpxtpx:hr>165</gpxtpx:hr>
     </gpxtpx:TrackPointExtension>
    </extensions>
   </trkpt>
   <trkpt lat="27.7178220" lon="85.3232580">
    <ele>1297.4</ele>
    <time>2025-10-25T01:11:21Z</time>
    <extensions>
     <gpxtpx:TrackPointExtension>
      <gpxtpx:hr>165</gpxtpx:hr>
     </gpxtpx:TrackPointExtension>
    </extensions>
   </trkpt>
   <trkpt lat="27.7178340" lon="85.3232520">
    <ele>1297.4</ele>
    <time>2025-10-25T01:11:22Z</time>
    <extensions>
     <gpxtpx:TrackPointExtension>
      <gpxtpx:hr>165</gpxtpx:hr>
     </gpxtpx:TrackPointExtension>
    </extensions>
   </trkpt>
   <trkpt lat="27.7178420" lon="85.3232490">
    <ele>1297.2</ele>
    <time>2025-10-25T01:11:23Z</time>
    <extensions>
     <gpxtpx:TrackPointExtension>
      <gpxtpx:hr>165</gpxtpx:hr>
     </gpxtpx:TrackPointExtension>
    </extensions>
   </trkpt>
   <trkpt lat="27.7178480" lon="85.3232480">
    <ele>1297.2</ele>
    <time>2025-10-25T01:11:24Z</time>
    <extensions>
     <gpxtpx:TrackPointExtension>
      <gpxtpx:hr>165</gpxtpx:hr>
     </gpxtpx:TrackPointExtension>
    </extensions>
   </trkpt>
   <trkpt lat="27.7178540" lon="85.3232480">
    <ele>1297.2</ele>
    <time>2025-10-25T01:11:25Z</time>
    <extensions>
     <gpxtpx:TrackPointExtension>
      <gpxtpx:hr>165</gpxtpx:hr>
     </gpxtpx:TrackPointExtension>
    </extensions>
   </trkpt>
   <trkpt lat="27.7178580" lon="85.3232480">
    <ele>1297.2</ele>
    <time>2025-10-25T01:11:26Z</time>
    <extensions>
     <gpxtpx:TrackPointExtension>
      <gpxtpx:hr>165</gpxtpx:hr>
     </gpxtpx:TrackPointExtension>
    </extensions>
   </trkpt>
   <trkpt lat="27.7178620" lon="85.3232490">
    <ele>1297.2</ele>
    <time>2025-10-25T01:11:27Z</time>
    <extensions>
     <gpxtpx:TrackPointExtension>
      <gpxtpx:hr>165</gpxtpx:hr>
     </gpxtpx:TrackPointExtension>
    </extensions>
   </trkpt>
   <trkpt lat="27.7178660" lon="85.3232510">
    <ele>1297.2</ele>
    <time>2025-10-25T01:11:28Z</time>
    <extensions>
     <gpxtpx:TrackPointExtension>
      <gpxtpx:hr>165</gpxtpx:hr>
     </gpxtpx:TrackPointExtension>
    </extensions>
   </trkpt>
   <trkpt lat="27.7178710" lon="85.3232520">
    <ele>1297.2</ele>
    <time>2025-10-25T01:11:29Z</time>
    <extensions>
     <gpxtpx:TrackPointExtension>
      <gpxtpx:hr>165</gpxtpx:hr>
     </gpxtpx:TrackPointExtension>
    </extensions>
   </trkpt>
   <trkpt lat="27.7178770" lon="85.3232530">
    <ele>1297.2</ele>
    <time>2025-10-25T01:11:30Z</time>
    <extensions>
     <gpxtpx:TrackPointExtension>
      <gpxtpx:hr>165</gpxtpx:hr>
     </gpxtpx:TrackPointExtension>
    </extensions>
   </trkpt>
   <trkpt lat="27.7178840" lon="85.3232550">
    <ele>1297.2</ele>
    <time>2025-10-25T01:11:31Z</time>
    <extensions>
     <gpxtpx:TrackPointExtension>
      <gpxtpx:hr>165</gpxtpx:hr>
     </gpxtpx:TrackPointExtension>
    </extensions>
   </trkpt>
   <trkpt lat="27.7178910" lon="85.3232580">
    <ele>1297.2</ele>
    <time>2025-10-25T01:11:32Z</time>
    <extensions>
     <gpxtpx:TrackPointExtension>
      <gpxtpx:hr>165</gpxtpx:hr>
     </gpxtpx:TrackPointExtension>
    </extensions>
   </trkpt>
   <trkpt lat="27.7179000" lon="85.3232610">
    <ele>1297.2</ele>
    <time>2025-10-25T01:11:33Z</time>
    <extensions>
     <gpxtpx:TrackPointExtension>
      <gpxtpx:hr>165</gpxtpx:hr>
     </gpxtpx:TrackPointExtension>
    </extensions>
   </trkpt>
   <trkpt lat="27.7179090" lon="85.3232640">
    <ele>1297.2</ele>
    <time>2025-10-25T01:11:34Z</time>
    <extensions>
     <gpxtpx:TrackPointExtension>
      <gpxtpx:hr>165</gpxtpx:hr>
     </gpxtpx:TrackPointExtension>
    </extensions>
   </trkpt>
   <trkpt lat="27.7179190" lon="85.3232680">
    <ele>1297.2</ele>
    <time>2025-10-25T01:11:35Z</time>
    <extensions>
     <gpxtpx:TrackPointExtension>
      <gpxtpx:hr>165</gpxtpx:hr>
     </gpxtpx:TrackPointExtension>
    </extensions>
   </trkpt>
   <trkpt lat="27.7179320" lon="85.3232730">
    <ele>1297.2</ele>
    <time>2025-10-25T01:11:36Z</time>
    <extensions>
     <gpxtpx:TrackPointExtension>
      <gpxtpx:hr>160</gpxtpx:hr>
     </gpxtpx:TrackPointExtension>
    </extensions>
   </trkpt>
   <trkpt lat="27.7179480" lon="85.3232780">
    <ele>1297.2</ele>
    <time>2025-10-25T01:11:37Z</time>
    <extensions>
     <gpxtpx:TrackPointExtension>
      <gpxtpx:hr>160</gpxtpx:hr>
     </gpxtpx:TrackPointExtension>
    </extensions>
   </trkpt>
   <trkpt lat="27.7179660" lon="85.3232850">
    <ele>1297.2</ele>
    <time>2025-10-25T01:11:38Z</time>
    <extensions>
     <gpxtpx:TrackPointExtension>
      <gpxtpx:hr>160</gpxtpx:hr>
     </gpxtpx:TrackPointExtension>
    </extensions>
   </trkpt>
   <trkpt lat="27.7179860" lon="85.3232930">
    <ele>1297.2</ele>
    <time>2025-10-25T01:11:39Z</time>
    <extensions>
     <gpxtpx:TrackPointExtension>
      <gpxtpx:hr>160</gpxtpx:hr>
     </gpxtpx:TrackPointExtension>
    </extensions>
   </trkpt>
   <trkpt lat="27.7180080" lon="85.3233010">
    <ele>1297.2</ele>
    <time>2025-10-25T01:11:40Z</time>
    <extensions>
     <gpxtpx:TrackPointExtension>
      <gpxtpx:hr>160</gpxtpx:hr>
     </gpxtpx:TrackPointExtension>
    </extensions>
   </trkpt>
   <trkpt lat="27.7180300" lon="85.3233090">
    <ele>1297.0</ele>
    <time>2025-10-25T01:11:41Z</time>
    <extensions>
     <gpxtpx:TrackPointExtension>
      <gpxtpx:hr>160</gpxtpx:hr>
     </gpxtpx:TrackPointExtension>
    </extensions>
   </trkpt>
   <trkpt lat="27.7180530" lon="85.3233180">
    <ele>1297.0</ele>
    <time>2025-10-25T01:11:42Z</time>
    <extensions>
     <gpxtpx:TrackPointExtension>
      <gpxtpx:hr>160</gpxtpx:hr>
     </gpxtpx:TrackPointExtension>
    </extensions>
   </trkpt>
   <trkpt lat="27.7180760" lon="85.3233260">
    <ele>1297.0</ele>
    <time>2025-10-25T01:11:43Z</time>
    <extensions>
     <gpxtpx:TrackPointExtension>
      <gpxtpx:hr>160</gpxtpx:hr>
     </gpxtpx:TrackPointExtension>
    </extensions>
   </trkpt>
   <trkpt lat="27.7181000" lon="85.3233340">
    <ele>1297.0</ele>
    <time>2025-10-25T01:11:44Z</time>
    <extensions>
     <gpxtpx:TrackPointExtension>
      <gpxtpx:hr>160</gpxtpx:hr>
     </gpxtpx:TrackPointExtension>
    </extensions>
   </trkpt>
   <trkpt lat="27.7181240" lon="85.3233420">
    <ele>1297.0</ele>
    <time>2025-10-25T01:11:45Z</time>
    <extensions>
     <gpxtpx:TrackPointExtension>
      <gpxtpx:hr>160</gpxtpx:hr>
     </gpxtpx:TrackPointExtension>
    </extensions>
   </trkpt>
   <trkpt lat="27.7181480" lon="85.3233500">
    <ele>1297.0</ele>
    <time>2025-10-25T01:11:46Z</time>
    <extensions>
     <gpxtpx:TrackPointExtension>
      <gpxtpx:hr>160</gpxtpx:hr>
     </gpxtpx:TrackPointExtension>
    </extensions>
   </trkpt>
   <trkpt lat="27.7181720" lon="85.3233580">
    <ele>1297.0</ele>
    <time>2025-10-25T01:11:47Z</time>
    <extensions>
     <gpxtpx:TrackPointExtension>
      <gpxtpx:hr>160</gpxtpx:hr>
     </gpxtpx:TrackPointExtension>
    </extensions>
   </trkpt>
   <trkpt lat="27.7181950" lon="85.3233660">
    <ele>1297.0</ele>
    <time>2025-10-25T01:11:48Z</time>
    <extensions>
     <gpxtpx:TrackPointExtension>
      <gpxtpx:hr>160</gpxtpx:hr>
     </gpxtpx:TrackPointExtension>
    </extensions>
   </trkpt>
   <trkpt lat="27.7182190" lon="85.3233760">
    <ele>1297.0</ele>
    <time>2025-10-25T01:11:49Z</time>
    <extensions>
     <gpxtpx:TrackPointExtension>
      <gpxtpx:hr>160</gpxtpx:hr>
     </gpxtpx:TrackPointExtension>
    </extensions>
   </trkpt>
   <trkpt lat="27.7182440" lon="85.3233860">
    <ele>1297.0</ele>
    <time>2025-10-25T01:11:50Z</time>
    <extensions>
     <gpxtpx:TrackPointExtension>
      <gpxtpx:hr>160</gpxtpx:hr>
     </gpxtpx:TrackPointExtension>
    </extensions>
   </trkpt>
   <trkpt lat="27.7182690" lon="85.3233960">
    <ele>1297.0</ele>
    <time>2025-10-25T01:11:51Z</time>
    <extensions>
     <gpxtpx:TrackPointExtension>
      <gpxtpx:hr>160</gpxtpx:hr>
     </gpxtpx:TrackPointExtension>
    </extensions>
   </trkpt>
   <trkpt lat="27.7182940" lon="85.3234070">
    <ele>1297.0</ele>
    <time>2025-10-25T01:11:52Z</time>
    <extensions>
     <gpxtpx:TrackPointExtension>
      <gpxtpx:hr>160</gpxtpx:hr>
     </gpxtpx:TrackPointExtension>
    </extensions>
   </trkpt>
   <trkpt lat="27.7183180" lon="85.3234190">
    <ele>1297.0</ele>
    <time>2025-10-25T01:11:53Z</time>
    <extensions>
     <gpxtpx:TrackPointExtension>
      <gpxtpx:hr>160</gpxtpx:hr>
     </gpxtpx:TrackPointExtension>
    </extensions>
   </trkpt>
   <trkpt lat="27.7183420" lon="85.3234300">
    <ele>1297.0</ele>
    <time>2025-10-25T01:11:54Z</time>
    <extensions>
     <gpxtpx:TrackPointExtension>
      <gpxtpx:hr>160</gpxtpx:hr>
     </gpxtpx:TrackPointExtension>
    </extensions>
   </trkpt>
   <trkpt lat="27.7183650" lon="85.3234420">
    <ele>1297.0</ele>
    <time>2025-10-25T01:11:55Z</time>
    <extensions>
     <gpxtpx:TrackPointExtension>
      <gpxtpx:hr>160</gpxtpx:hr>
     </gpxtpx:TrackPointExtension>
    </extensions>
   </trkpt>
   <trkpt lat="27.7183870" lon="85.3234540">
    <ele>1297.0</ele>
    <time>2025-10-25T01:11:56Z</time>
    <extensions>
     <gpxtpx:TrackPointExtension>
      <gpxtpx:hr>160</gpxtpx:hr>
     </gpxtpx:TrackPointExtension>
    </extensions>
   </trkpt>
   <trkpt lat="27.7184090" lon="85.3234660">
    <ele>1297.0</ele>
    <time>2025-10-25T01:11:57Z</time>
    <extensions>
     <gpxtpx:TrackPointExtension>
      <gpxtpx:hr>160</gpxtpx:hr>
     </gpxtpx:TrackPointExtension>
    </extensions>
   </trkpt>
   <trkpt lat="27.7184300" lon="85.3234780">
    <ele>1297.0</ele>
    <time>2025-10-25T01:11:58Z</time>
    <extensions>
     <gpxtpx:TrackPointExtension>
      <gpxtpx:hr>160</gpxtpx:hr>
     </gpxtpx:TrackPointExtension>
    </extensions>
   </trkpt>
   <trkpt lat="27.7184520" lon="85.3234900">
    <ele>1297.0</ele>
    <time>2025-10-25T01:11:59Z</time>
    <extensions>
     <gpxtpx:TrackPointExtension>
      <gpxtpx:hr>160</gpxtpx:hr>
     </gpxtpx:TrackPointExtension>
    </extensions>
   </trkpt>
   <trkpt lat="27.7184740" lon="85.3235010">
    <ele>1297.0</ele>
    <time>2025-10-25T01:12:00Z</time>
    <extensions>
     <gpxtpx:TrackPointExtension>
      <gpxtpx:hr>160</gpxtpx:hr>
     </gpxtpx:TrackPointExtension>
    </extensions>
   </trkpt>
   <trkpt lat="27.7184960" lon="85.3235130">
    <ele>1297.0</ele>
    <time>2025-10-25T01:12:01Z</time>
    <extensions>
     <gpxtpx:TrackPointExtension>
      <gpxtpx:hr>160</gpxtpx:hr>
     </gpxtpx:TrackPointExtension>
    </extensions>
   </trkpt>
   <trkpt lat="27.7185170" lon="85.3235240">
    <ele>1297.2</ele>
    <time>2025-10-25T01:12:02Z</time>
    <extensions>
     <gpxtpx:TrackPointExtension>
      <gpxtpx:hr>160</gpxtpx:hr>
     </gpxtpx:TrackPointExtension>
    </extensions>
   </trkpt>
   <trkpt lat="27.7185390" lon="85.3235340">
    <ele>1297.2</ele>
    <time>2025-10-25T01:12:03Z</time>
    <extensions>
     <gpxtpx:TrackPointExtension>
      <gpxtpx:hr>160</gpxtpx:hr>
     </gpxtpx:TrackPointExtension>
    </extensions>
   </trkpt>
   <trkpt lat="27.7185620" lon="85.3235440">
    <ele>1297.2</ele>
    <time>2025-10-25T01:12:04Z</time>
    <extensions>
     <gpxtpx:TrackPointExtension>
      <gpxtpx:hr>160</gpxtpx:hr>
     </gpxtpx:TrackPointExtension>
    </extensions>
   </trkpt>
   <trkpt lat="27.7185850" lon="85.3235540">
    <ele>1297.2</ele>
    <time>2025-10-25T01:12:05Z</time>
    <extensions>
     <gpxtpx:TrackPointExtension>
      <gpxtpx:hr>160</gpxtpx:hr>
     </gpxtpx:TrackPointExtension>
    </extensions>
   </trkpt>
   <trkpt lat="27.7186090" lon="85.3235640">
    <ele>1297.2</ele>
    <time>2025-10-25T01:12:06Z</time>
    <extensions>
     <gpxtpx:TrackPointExtension>
      <gpxtpx:hr>160</gpxtpx:hr>
     </gpxtpx:TrackPointExtension>
    </extensions>
   </trkpt>
   <trkpt lat="27.7186330" lon="85.3235730">
    <ele>1297.2</ele>
    <time>2025-10-25T01:12:07Z</time>
    <extensions>
     <gpxtpx:TrackPointExtension>
      <gpxtpx:hr>160</gpxtpx:hr>
     </gpxtpx:TrackPointExtension>
    </extensions>
   </trkpt>
   <trkpt lat="27.7186570" lon="85.3235820">
    <ele>1297.2</ele>
    <time>2025-10-25T01:12:08Z</time>
    <extensions>
     <gpxtpx:TrackPointExtension>
      <gpxtpx:hr>160</gpxtpx:hr>
     </gpxtpx:TrackPointExtension>
    </extensions>
   </trkpt>
   <trkpt lat="27.7186810" lon="85.3235910">
    <ele>1297.2</ele>
    <time>2025-10-25T01:12:09Z</time>
    <extensions>
     <gpxtpx:TrackPointExtension>
      <gpxtpx:hr>160</gpxtpx:hr>
     </gpxtpx:TrackPointExtension>
    </extensions>
   </trkpt>
   <trkpt lat="27.7187040" lon="85.3236000">
    <ele>1297.2</ele>
    <time>2025-10-25T01:12:10Z</time>
    <extensions>
     <gpxtpx:TrackPointExtension>
      <gpxtpx:hr>160</gpxtpx:hr>
     </gpxtpx:TrackPointExtension>
    </extensions>
   </trkpt>
   <trkpt lat="27.7187270" lon="85.3236090">
    <ele>1297.2</ele>
    <time>2025-10-25T01:12:11Z</time>
    <extensions>
     <gpxtpx:TrackPointExtension>
      <gpxtpx:hr>160</gpxtpx:hr>
     </gpxtpx:TrackPointExtension>
    </extensions>
   </trkpt>
   <trkpt lat="27.7187500" lon="85.3236180">
    <ele>1297.4</ele>
    <time>2025-10-25T01:12:12Z</time>
    <extensions>
     <gpxtpx:TrackPointExtension>
      <gpxtpx:hr>160</gpxtpx:hr>
     </gpxtpx:TrackPointExtension>
    </extensions>
   </trkpt>
   <trkpt lat="27.7187730" lon="85.3236280">
    <ele>1297.4</ele>
    <time>2025-10-25T01:12:13Z</time>
    <extensions>
     <gpxtpx:TrackPointExtension>
      <gpxtpx:hr>160</gpxtpx:hr>
     </gpxtpx:TrackPointExtension>
    </extensions>
   </trkpt>
   <trkpt lat="27.7187970" lon="85.3236370">
    <ele>1297.4</ele>
    <time>2025-10-25T01:12:14Z</time>
    <extensions>
     <gpxtpx:TrackPointExtension>
      <gpxtpx:hr>160</gpxtpx:hr>
     </gpxtpx:TrackPointExtension>
    </extensions>
   </trkpt>
   <trkpt lat="27.7188210" lon="85.3236470">
    <ele>1297.4</ele>
    <time>2025-10-25T01:12:15Z</time>
    <extensions>
     <gpxtpx:TrackPointExtension>
      <gpxtpx:hr>160</gpxtpx:hr>
     </gpxtpx:TrackPointExtension>
    </extensions>
   </trkpt>
   <trkpt lat="27.7188460" lon="85.3236570">
    <ele>1297.4</ele>
    <time>2025-10-25T01:12:16Z</time>
    <extensions>
     <gpxtpx:TrackPointExtension>
      <gpxtpx:hr>160</gpxtpx:hr>
     </gpxtpx:TrackPointExtension>
    </extensions>
   </trkpt>
   <trkpt lat="27.7188720" lon="85.3236670">
    <ele>1297.4</ele>
    <time>2025-10-25T01:12:17Z</time>
    <extensions>
     <gpxtpx:TrackPointExtension>
      <gpxtpx:hr>160</gpxtpx:hr>
     </gpxtpx:TrackPointExtension>
    </extensions>
   </trkpt>
   <trkpt lat="27.7188970" lon="85.3236750">
    <ele>1297.6</ele>
    <time>2025-10-25T01:12:18Z</time>
    <extensions>
     <gpxtpx:TrackPointExtension>
      <gpxtpx:hr>160</gpxtpx:hr>
     </gpxtpx:TrackPointExtension>
    </extensions>
   </trkpt>
   <trkpt lat="27.7189220" lon="85.3236830">
    <ele>1297.6</ele>
    <time>2025-10-25T01:12:19Z</time>
    <extensions>
     <gpxtpx:TrackPointExtension>
      <gpxtpx:hr>160</gpxtpx:hr>
     </gpxtpx:TrackPointExtension>
    </extensions>
   </trkpt>
   <trkpt lat="27.7189480" lon="85.3236890">
    <ele>1297.6</ele>
    <time>2025-10-25T01:12:20Z</time>
    <extensions>
     <gpxtpx:TrackPointExtension>
      <gpxtpx:hr>160</gpxtpx:hr>
     </gpxtpx:TrackPointExtension>
    </extensions>
   </trkpt>
   <trkpt lat="27.7189740" lon="85.3236960">
    <ele>1297.6</ele>
    <time>2025-10-25T01:12:21Z</time>
    <extensions>
     <gpxtpx:TrackPointExtension>
      <gpxtpx:hr>160</gpxtpx:hr>
     </gpxtpx:TrackPointExtension>
    </extensions>
   </trkpt>
   <trkpt lat="27.7190000" lon="85.3237030">
    <ele>1297.6</ele>
    <time>2025-10-25T01:12:22Z</time>
    <extensions>
     <gpxtpx:TrackPointExtension>
      <gpxtpx:hr>160</gpxtpx:hr>
     </gpxtpx:TrackPointExtension>
    </extensions>
   </trkpt>
   <trkpt lat="27.7190250" lon="85.3237110">
    <ele>1297.6</ele>
    <time>2025-10-25T01:12:23Z</time>
    <extensions>
     <gpxtpx:TrackPointExtension>
      <gpxtpx:hr>160</gpxtpx:hr>
     </gpxtpx:TrackPointExtension>
    </extensions>
   </trkpt>
   <trkpt lat="27.7190500" lon="85.3237200">
    <ele>1297.6</ele>
    <time>2025-10-25T01:12:24Z</time>
    <extensions>
     <gpxtpx:TrackPointExtension>
      <gpxtpx:hr>160</gpxtpx:hr>
     </gpxtpx:TrackPointExtension>
    </extensions>
   </trkpt>
   <trkpt lat="27.7190750" lon="85.3237300">
    <ele>1297.6</ele>
    <time>2025-10-25T01:12:25Z</time>
    <extensions>
     <gpxtpx:TrackPointExtension>
      <gpxtpx:hr>160</gpxtpx:hr>
     </gpxtpx:TrackPointExtension>
    </extensions>
   </trkpt>
   <trkpt lat="27.7191000" lon="85.3237420">
    <ele>1297.6</ele>
    <time>2025-10-25T01:12:26Z</time>
    <extensions>
     <gpxtpx:TrackPointExtension>
      <gpxtpx:hr>160</gpxtpx:hr>
     </gpxtpx:TrackPointExtension>
    </extensions>
   </trkpt>
   <trkpt lat="27.7191240" lon="85.3237550">
    <ele>1297.6</ele>
    <time>2025-10-25T01:12:27Z</time>
    <extensions>
     <gpxtpx:TrackPointExtension>
      <gpxtpx:hr>160</gpxtpx:hr>
     </gpxtpx:TrackPointExtension>
    </extensions>
   </trkpt>
   <trkpt lat="27.7191480" lon="85.3237690">
    <ele>1297.6</ele>
    <time>2025-10-25T01:12:28Z</time>
    <extensions>
     <gpxtpx:TrackPointExtension>
      <gpxtpx:hr>160</gpxtpx:hr>
     </gpxtpx:TrackPointExtension>
    </extensions>
   </trkpt>
   <trkpt lat="27.7191710" lon="85.3237840">
    <ele>1297.6</ele>
    <time>2025-10-25T01:12:29Z</time>
    <extensions>
     <gpxtpx:TrackPointExtension>
      <gpxtpx:hr>160</gpxtpx:hr>
     </gpxtpx:TrackPointExtension>
    </extensions>
   </trkpt>
   <trkpt lat="27.7191930" lon="85.3238000">
    <ele>1297.8</ele>
    <time>2025-10-25T01:12:30Z</time>
    <extensions>
     <gpxtpx:TrackPointExtension>
      <gpxtpx:hr>160</gpxtpx:hr>
     </gpxtpx:TrackPointExtension>
    </extensions>
   </trkpt>
   <trkpt lat="27.7192360" lon="85.3238300">
    <ele>1297.8</ele>
    <time>2025-10-25T01:12:31Z</time>
    <extensions>
     <gpxtpx:TrackPointExtension>
      <gpxtpx:hr>160</gpxtpx:hr>
     </gpxtpx:TrackPointExtension>
    </extensions>
   </trkpt>
   <trkpt lat="27.7192570" lon="85.3238460">
    <ele>1297.8</ele>
    <time>2025-10-25T01:12:32Z</time>
    <extensions>
     <gpxtpx:TrackPointExtension>
      <gpxtpx:hr>160</gpxtpx:hr>
     </gpxtpx:TrackPointExtension>
    </extensions>
   </trkpt>
   <trkpt lat="27.7192780" lon="85.3238620">
    <ele>1297.8</ele>
    <time>2025-10-25T01:12:33Z</time>
    <extensions>
     <gpxtpx:TrackPointExtension>
      <gpxtpx:hr>160</gpxtpx:hr>
     </gpxtpx:TrackPointExtension>
    </extensions>
   </trkpt>
   <trkpt lat="27.7192980" lon="85.3238780">
    <ele>1297.8</ele>
    <time>2025-10-25T01:12:34Z</time>
    <extensions>
     <gpxtpx:TrackPointExtension>
      <gpxtpx:hr>160</gpxtpx:hr>
     </gpxtpx:TrackPointExtension>
    </extensions>
   </trkpt>
   <trkpt lat="27.7193200" lon="85.3238940">
    <ele>1297.8</ele>
    <time>2025-10-25T01:12:35Z</time>
    <extensions>
     <gpxtpx:TrackPointExtension>
      <gpxtpx:hr>160</gpxtpx:hr>
     </gpxtpx:TrackPointExtension>
    </extensions>
   </trkpt>
   <trkpt lat="27.7193410" lon="85.3239100">
    <ele>1297.8</ele>
    <time>2025-10-25T01:12:36Z</time>
    <extensions>
     <gpxtpx:TrackPointExtension>
      <gpxtpx:hr>160</gpxtpx:hr>
     </gpxtpx:TrackPointExtension>
    </extensions>
   </trkpt>
   <trkpt lat="27.7193620" lon="85.3239270">
    <ele>1297.8</ele>
    <time>2025-10-25T01:12:37Z</time>
    <extensions>
     <gpxtpx:TrackPointExtension>
      <gpxtpx:hr>160</gpxtpx:hr>
     </gpxtpx:TrackPointExtension>
    </extensions>
   </trkpt>
   <trkpt lat="27.7193830" lon="85.3239440">
    <ele>1297.8</ele>
    <time>2025-10-25T01:12:38Z</time>
    <extensions>
     <gpxtpx:TrackPointExtension>
      <gpxtpx:hr>160</gpxtpx:hr>
     </gpxtpx:TrackPointExtension>
    </extensions>
   </trkpt>
   <trkpt lat="27.7194030" lon="85.3239620">
    <ele>1297.8</ele>
    <time>2025-10-25T01:12:39Z</time>
    <extensions>
     <gpxtpx:TrackPointExtension>
      <gpxtpx:hr>160</gpxtpx:hr>
     </gpxtpx:TrackPointExtension>
    </extensions>
   </trkpt>
   <trkpt lat="27.7194230" lon="85.3239800">
    <ele>1297.8</ele>
    <time>2025-10-25T01:12:40Z</time>
    <extensions>
     <gpxtpx:TrackPointExtension>
      <gpxtpx:hr>160</gpxtpx:hr>
     </gpxtpx:TrackPointExtension>
    </extensions>
   </trkpt>
   <trkpt lat="27.7194420" lon="85.3239970">
    <ele>1297.8</ele>
    <time>2025-10-25T01:12:41Z</time>
    <extensions>
     <gpxtpx:TrackPointExtension>
      <gpxtpx:hr>160</gpxtpx:hr>
     </gpxtpx:TrackPointExtension>
    </extensions>
   </trkpt>
   <trkpt lat="27.7194620" lon="85.3240150">
    <ele>1297.8</ele>
    <time>2025-10-25T01:12:42Z</time>
    <extensions>
     <gpxtpx:TrackPointExtension>
      <gpxtpx:hr>160</gpxtpx:hr>
     </gpxtpx:TrackPointExtension>
    </extensions>
   </trkpt>
   <trkpt lat="27.7194820" lon="85.3240340">
    <ele>1297.8</ele>
    <time>2025-10-25T01:12:43Z</time>
    <extensions>
     <gpxtpx:TrackPointExtension>
      <gpxtpx:hr>160</gpxtpx:hr>
     </gpxtpx:TrackPointExtension>
    </extensions>
   </trkpt>
   <trkpt lat="27.7195020" lon="85.3240520">
    <ele>1297.8</ele>
    <time>2025-10-25T01:12:44Z</time>
    <extensions>
     <gpxtpx:TrackPointExtension>
      <gpxtpx:hr>160</gpxtpx:hr>
     </gpxtpx:TrackPointExtension>
    </extensions>
   </trkpt>
   <trkpt lat="27.7195220" lon="85.3240700">
    <ele>1297.8</ele>
    <time>2025-10-25T01:12:45Z</time>
    <extensions>
     <gpxtpx:TrackPointExtension>
      <gpxtpx:hr>160</gpxtpx:hr>
     </gpxtpx:TrackPointExtension>
    </extensions>
   </trkpt>
   <trkpt lat="27.7195410" lon="85.3240880">
    <ele>1297.8</ele>
    <time>2025-10-25T01:12:46Z</time>
    <extensions>
     <gpxtpx:TrackPointExtension>
      <gpxtpx:hr>160</gpxtpx:hr>
     </gpxtpx:TrackPointExtension>
    </extensions>
   </trkpt>
   <trkpt lat="27.7195600" lon="85.3241060">
    <ele>1297.8</ele>
    <time>2025-10-25T01:12:47Z</time>
    <extensions>
     <gpxtpx:TrackPointExtension>
      <gpxtpx:hr>160</gpxtpx:hr>
     </gpxtpx:TrackPointExtension>
    </extensions>
   </trkpt>
   <trkpt lat="27.7195780" lon="85.3241230">
    <ele>1297.8</ele>
    <time>2025-10-25T01:12:48Z</time>
    <extensions>
     <gpxtpx:TrackPointExtension>
      <gpxtpx:hr>160</gpxtpx:hr>
     </gpxtpx:TrackPointExtension>
    </extensions>
   </trkpt>
   <trkpt lat="27.7195970" lon="85.3241400">
    <ele>1297.8</ele>
    <time>2025-10-25T01:12:49Z</time>
    <extensions>
     <gpxtpx:TrackPointExtension>
      <gpxtpx:hr>160</gpxtpx:hr>
     </gpxtpx:TrackPointExtension>
    </extensions>
   </trkpt>
   <trkpt lat="27.7196160" lon="85.3241560">
    <ele>1297.8</ele>
    <time>2025-10-25T01:12:50Z</time>
    <extensions>
     <gpxtpx:TrackPointExtension>
      <gpxtpx:hr>160</gpxtpx:hr>
     </gpxtpx:TrackPointExtension>
    </extensions>
   </trkpt>
   <trkpt lat="27.7196370" lon="85.3241730">
    <ele>1297.8</ele>
    <time>2025-10-25T01:12:51Z</time>
    <extensions>
     <gpxtpx:TrackPointExtension>
      <gpxtpx:hr>160</gpxtpx:hr>
     </gpxtpx:TrackPointExtension>
    </extensions>
   </trkpt>
   <trkpt lat="27.7196570" lon="85.3241900">
    <ele>1297.8</ele>
    <time>2025-10-25T01:12:52Z</time>
    <extensions>
     <gpxtpx:TrackPointExtension>
      <gpxtpx:hr>160</gpxtpx:hr>
     </gpxtpx:TrackPointExtension>
    </extensions>
   </trkpt>
   <trkpt lat="27.7196780" lon="85.3242060">
    <ele>1297.8</ele>
    <time>2025-10-25T01:12:53Z</time>
    <extensions>
     <gpxtpx:TrackPointExtension>
      <gpxtpx:hr>160</gpxtpx:hr>
     </gpxtpx:TrackPointExtension>
    </extensions>
   </trkpt>
   <trkpt lat="27.7196980" lon="85.3242220">
    <ele>1297.8</ele>
    <time>2025-10-25T01:12:54Z</time>
    <extensions>
     <gpxtpx:TrackPointExtension>
      <gpxtpx:hr>160</gpxtpx:hr>
     </gpxtpx:TrackPointExtension>
    </extensions>
   </trkpt>
   <trkpt lat="27.7197180" lon="85.3242380">
    <ele>1297.8</ele>
    <time>2025-10-25T01:12:55Z</time>
    <extensions>
     <gpxtpx:TrackPointExtension>
      <gpxtpx:hr>160</gpxtpx:hr>
     </gpxtpx:TrackPointExtension>
    </extensions>
   </trkpt>
   <trkpt lat="27.7197380" lon="85.3242530">
    <ele>1297.8</ele>
    <time>2025-10-25T01:12:56Z</time>
    <extensions>
     <gpxtpx:TrackPointExtension>
      <gpxtpx:hr>163</gpxtpx:hr>
     </gpxtpx:TrackPointExtension>
    </extensions>
   </trkpt>
   <trkpt lat="27.7197580" lon="85.3242670">
    <ele>1297.8</ele>
    <time>2025-10-25T01:12:57Z</time>
    <extensions>
     <gpxtpx:TrackPointExtension>
      <gpxtpx:hr>163</gpxtpx:hr>
     </gpxtpx:TrackPointExtension>
    </extensions>
   </trkpt>
   <trkpt lat="27.7197790" lon="85.3242800">
    <ele>1297.8</ele>
    <time>2025-10-25T01:12:58Z</time>
    <extensions>
     <gpxtpx:TrackPointExtension>
      <gpxtpx:hr>163</gpxtpx:hr>
     </gpxtpx:TrackPointExtension>
    </extensions>
   </trkpt>
   <trkpt lat="27.7197990" lon="85.3242920">
    <ele>1297.8</ele>
    <time>2025-10-25T01:12:59Z</time>
    <extensions>
     <gpxtpx:TrackPointExtension>
      <gpxtpx:hr>163</gpxtpx:hr>
     </gpxtpx:TrackPointExtension>
    </extensions>
   </trkpt>
   <trkpt lat="27.7198190" lon="85.3243010">
    <ele>1298.0</ele>
    <time>2025-10-25T01:13:00Z</time>
    <extensions>
     <gpxtpx:TrackPointExtension>
      <gpxtpx:hr>163</gpxtpx:hr>
     </gpxtpx:TrackPointExtension>
    </extensions>
   </trkpt>
   <trkpt lat="27.7198390" lon="85.3243090">
    <ele>1298.0</ele>
    <time>2025-10-25T01:13:01Z</time>
    <extensions>
     <gpxtpx:TrackPointExtension>
      <gpxtpx:hr>163</gpxtpx:hr>
     </gpxtpx:TrackPointExtension>
    </extensions>
   </trkpt>
   <trkpt lat="27.7198590" lon="85.3243140">
    <ele>1298.0</ele>
    <time>2025-10-25T01:13:02Z</time>
    <extensions>
     <gpxtpx:TrackPointExtension>
      <gpxtpx:hr>163</gpxtpx:hr>
     </gpxtpx:TrackPointExtension>
    </extensions>
   </trkpt>
   <trkpt lat="27.7198810" lon="85.3243160">
    <ele>1298.0</ele>
    <time>2025-10-25T01:13:03Z</time>
    <extensions>
     <gpxtpx:TrackPointExtension>
      <gpxtpx:hr>163</gpxtpx:hr>
     </gpxtpx:TrackPointExtension>
    </extensions>
   </trkpt>
   <trkpt lat="27.7199050" lon="85.3243150">
    <ele>1298.0</ele>
    <time>2025-10-25T01:13:04Z</time>
    <extensions>
     <gpxtpx:TrackPointExtension>
      <gpxtpx:hr>163</gpxtpx:hr>
     </gpxtpx:TrackPointExtension>
    </extensions>
   </trkpt>
   <trkpt lat="27.7199300" lon="85.3243110">
    <ele>1298.0</ele>
    <time>2025-10-25T01:13:05Z</time>
    <extensions>
     <gpxtpx:TrackPointExtension>
      <gpxtpx:hr>163</gpxtpx:hr>
     </gpxtpx:TrackPointExtension>
    </extensions>
   </trkpt>
   <trkpt lat="27.7199560" lon="85.3243060">
    <ele>1298.0</ele>
    <time>2025-10-25T01:13:06Z</time>
    <extensions>
     <gpxtpx:TrackPointExtension>
      <gpxtpx:hr>163</gpxtpx:hr>
     </gpxtpx:TrackPointExtension>
    </extensions>
   </trkpt>
   <trkpt lat="27.7199810" lon="85.3242990">
    <ele>1298.0</ele>
    <time>2025-10-25T01:13:07Z</time>
    <extensions>
     <gpxtpx:TrackPointExtension>
      <gpxtpx:hr>163</gpxtpx:hr>
     </gpxtpx:TrackPointExtension>
    </extensions>
   </trkpt>
   <trkpt lat="27.7200050" lon="85.3242920">
    <ele>1298.2</ele>
    <time>2025-10-25T01:13:08Z</time>
    <extensions>
     <gpxtpx:TrackPointExtension>
      <gpxtpx:hr>163</gpxtpx:hr>
     </gpxtpx:TrackPointExtension>
    </extensions>
   </trkpt>
   <trkpt lat="27.7200290" lon="85.3242850">
    <ele>1298.2</ele>
    <time>2025-10-25T01:13:09Z</time>
    <extensions>
     <gpxtpx:TrackPointExtension>
      <gpxtpx:hr>163</gpxtpx:hr>
     </gpxtpx:TrackPointExtension>
    </extensions>
   </trkpt>
   <trkpt lat="27.7200530" lon="85.3242780">
    <ele>1298.2</ele>
    <time>2025-10-25T01:13:10Z</time>
    <extensions>
     <gpxtpx:TrackPointExtension>
      <gpxtpx:hr>163</gpxtpx:hr>
     </gpxtpx:TrackPointExtension>
    </extensions>
   </trkpt>
   <trkpt lat="27.7200780" lon="85.3242710">
    <ele>1298.2</ele>
    <time>2025-10-25T01:13:11Z</time>
    <extensions>
     <gpxtpx:TrackPointExtension>
      <gpxtpx:hr>163</gpxtpx:hr>
     </gpxtpx:TrackPointExtension>
    </extensions>
   </trkpt>
   <trkpt lat="27.7201020" lon="85.3242650">
    <ele>1298.2</ele>
    <time>2025-10-25T01:13:12Z</time>
    <extensions>
     <gpxtpx:TrackPointExtension>
      <gpxtpx:hr>163</gpxtpx:hr>
     </gpxtpx:TrackPointExtension>
    </extensions>
   </trkpt>
   <trkpt lat="27.7201270" lon="85.3242580">
    <ele>1298.2</ele>
    <time>2025-10-25T01:13:13Z</time>
    <extensions>
     <gpxtpx:TrackPointExtension>
      <gpxtpx:hr>163</gpxtpx:hr>
     </gpxtpx:TrackPointExtension>
    </extensions>
   </trkpt>
   <trkpt lat="27.7201520" lon="85.3242510">
    <ele>1298.2</ele>
    <time>2025-10-25T01:13:14Z</time>
    <extensions>
     <gpxtpx:TrackPointExtension>
      <gpxtpx:hr>163</gpxtpx:hr>
     </gpxtpx:TrackPointExtension>
    </extensions>
   </trkpt>
   <trkpt lat="27.7201770" lon="85.3242430">
    <ele>1298.2</ele>
    <time>2025-10-25T01:13:15Z</time>
    <extensions>
     <gpxtpx:TrackPointExtension>
      <gpxtpx:hr>163</gpxtpx:hr>
     </gpxtpx:TrackPointExtension>
    </extensions>
   </trkpt>
   <trkpt lat="27.7202010" lon="85.3242350">
    <ele>1298.4</ele>
    <time>2025-10-25T01:13:16Z</time>
    <extensions>
     <gpxtpx:TrackPointExtension>
      <gpxtpx:hr>163</gpxtpx:hr>
     </gpxtpx:TrackPointExtension>
    </extensions>
   </trkpt>
   <trkpt lat="27.7202250" lon="85.3242270">
    <ele>1298.4</ele>
    <time>2025-10-25T01:13:17Z</time>
    <extensions>
     <gpxtpx:TrackPointExtension>
      <gpxtpx:hr>163</gpxtpx:hr>
     </gpxtpx:TrackPointExtension>
    </extensions>
   </trkpt>
   <trkpt lat="27.7202470" lon="85.3242170">
    <ele>1298.4</ele>
    <time>2025-10-25T01:13:18Z</time>
    <extensions>
     <gpxtpx:TrackPointExtension>
      <gpxtpx:hr>163</gpxtpx:hr>
     </gpxtpx:TrackPointExtension>
    </extensions>
   </trkpt>
   <trkpt lat="27.7202690" lon="85.3242080">
    <ele>1298.4</ele>
    <time>2025-10-25T01:13:19Z</time>
    <extensions>
     <gpxtpx:TrackPointExtension>
      <gpxtpx:hr>163</gpxtpx:hr>
     </gpxtpx:TrackPointExtension>
    </extensions>
   </trkpt>
   <trkpt lat="27.7202900" lon="85.3241980">
    <ele>1298.4</ele>
    <time>2025-10-25T01:13:20Z</time>
    <extensions>
     <gpxtpx:TrackPointExtension>
      <gpxtpx:hr>163</gpxtpx:hr>
     </gpxtpx:TrackPointExtension>
    </extensions>
   </trkpt>
   <trkpt lat="27.7203120" lon="85.3241870">
    <ele>1298.4</ele>
    <time>2025-10-25T01:13:21Z</time>
    <extensions>
     <gpxtpx:TrackPointExtension>
      <gpxtpx:hr>163</gpxtpx:hr>
     </gpxtpx:TrackPointExtension>
    </extensions>
   </trkpt>
   <trkpt lat="27.7203350" lon="85.3241760">
    <ele>1298.6</ele>
    <time>2025-10-25T01:13:22Z</time>
    <extensions>
     <gpxtpx:TrackPointExtension>
      <gpxtpx:hr>163</gpxtpx:hr>
     </gpxtpx:TrackPointExtension>
    </extensions>
   </trkpt>
   <trkpt lat="27.7203580" lon="85.3241650">
    <ele>1298.6</ele>
    <time>2025-10-25T01:13:23Z</time>
    <extensions>
     <gpxtpx:TrackPointExtension>
      <gpxtpx:hr>163</gpxtpx:hr>
     </gpxtpx:TrackPointExtension>
    </extensions>
   </trkpt>
   <trkpt lat="27.7203800" lon="85.3241530">
    <ele>1298.6</ele>
    <time>2025-10-25T01:13:24Z</time>
    <extensions>
     <gpxtpx:TrackPointExtension>
      <gpxtpx:hr>163</gpxtpx:hr>
     </gpxtpx:TrackPointExtension>
    </extensions>
   </trkpt>
   <trkpt lat="27.7204030" lon="85.3241400">
    <ele>1298.6</ele>
    <time>2025-10-25T01:13:25Z</time>
    <extensions>
     <gpxtpx:TrackPointExtension>
      <gpxtpx:hr>163</gpxtpx:hr>
     </gpxtpx:TrackPointExtension>
    </extensions>
   </trkpt>
   <trkpt lat="27.7204240" lon="85.3241260">
    <ele>1298.8</ele>
    <time>2025-10-25T01:13:26Z</time>
    <extensions>
     <gpxtpx:TrackPointExtension>
      <gpxtpx:hr>163</gpxtpx:hr>
     </gpxtpx:TrackPointExtension>
    </extensions>
   </trkpt>
   <trkpt lat="27.7204460" lon="85.3241120">
    <ele>1298.8</ele>
    <time>2025-10-25T01:13:27Z</time>
    <extensions>
     <gpxtpx:TrackPointExtension>
      <gpxtpx:hr>163</gpxtpx:hr>
     </gpxtpx:TrackPointExtension>
    </extensions>
   </trkpt>
   <trkpt lat="27.7204670" lon="85.3240970">
    <ele>1298.8</ele>
    <time>2025-10-25T01:13:28Z</time>
    <extensions>
     <gpxtpx:TrackPointExtension>
      <gpxtpx:hr>163</gpxtpx:hr>
     </gpxtpx:TrackPointExtension>
    </extensions>
   </trkpt>
   <trkpt lat="27.7204880" lon="85.3240820">
    <ele>1299.0</ele>
    <time>2025-10-25T01:13:29Z</time>
    <extensions>
     <gpxtpx:TrackPointExtension>
      <gpxtpx:hr>163</gpxtpx:hr>
     </gpxtpx:TrackPointExtension>
    </extensions>
   </trkpt>
   <trkpt lat="27.7205070" lon="85.3240650">
    <ele>1299.0</ele>
    <time>2025-10-25T01:13:30Z</time>
    <extensions>
     <gpxtpx:TrackPointExtension>
      <gpxtpx:hr>163</gpxtpx:hr>
     </gpxtpx:TrackPointExtension>
    </extensions>
   </trkpt>
   <trkpt lat="27.7205260" lon="85.3240480">
    <ele>1299.0</ele>
    <time>2025-10-25T01:13:31Z</time>
    <extensions>
     <gpxtpx:TrackPointExtension>
      <gpxtpx:hr>163</gpxtpx:hr>
     </gpxtpx:TrackPointExtension>
    </extensions>
   </trkpt>
   <trkpt lat="27.7205430" lon="85.3240300">
    <ele>1299.2</ele>
    <time>2025-10-25T01:13:32Z</time>
    <extensions>
     <gpxtpx:TrackPointExtension>
      <gpxtpx:hr>163</gpxtpx:hr>
     </gpxtpx:TrackPointExtension>
    </extensions>
   </trkpt>
   <trkpt lat="27.7205600" lon="85.3240110">
    <ele>1299.2</ele>
    <time>2025-10-25T01:13:33Z</time>
    <extensions>
     <gpxtpx:TrackPointExtension>
      <gpxtpx:hr>163</gpxtpx:hr>
     </gpxtpx:TrackPointExtension>
    </extensions>
   </trkpt>
   <trkpt lat="27.7205760" lon="85.3239930">
    <ele>1299.2</ele>
    <time>2025-10-25T01:13:34Z</time>
    <extensions>
     <gpxtpx:TrackPointExtension>
      <gpxtpx:hr>163</gpxtpx:hr>
     </gpxtpx:TrackPointExtension>
    </extensions>
   </trkpt>
   <trkpt lat="27.7205910" lon="85.3239740">
    <ele>1299.4</ele>
    <time>2025-10-25T01:13:35Z</time>
    <extensions>
     <gpxtpx:TrackPointExtension>
      <gpxtpx:hr>163</gpxtpx:hr>
     </gpxtpx:TrackPointExtension>
    </extensions>
   </trkpt>
   <trkpt lat="27.7206050" lon="85.3239550">
    <ele>1299.4</ele>
    <time>2025-10-25T01:13:36Z</time>
    <extensions>
     <gpxtpx:TrackPointExtension>
      <gpxtpx:hr>163</gpxtpx:hr>
     </gpxtpx:TrackPointExtension>
    </extensions>
   </trkpt>
   <trkpt lat="27.7206190" lon="85.3239360">
    <ele>1299.4</ele>
    <time>2025-10-25T01:13:37Z</time>
    <extensions>
     <gpxtpx:TrackPointExtension>
      <gpxtpx:hr>163</gpxtpx:hr>
     </gpxtpx:TrackPointExtension>
    </extensions>
   </trkpt>
   <trkpt lat="27.7206320" lon="85.3239160">
    <ele>1299.6</ele>
    <time>2025-10-25T01:13:38Z</time>
    <extensions>
     <gpxtpx:TrackPointExtension>
      <gpxtpx:hr>163</gpxtpx:hr>
     </gpxtpx:TrackPointExtension>
    </extensions>
   </trkpt>
   <trkpt lat="27.7206460" lon="85.3238940">
    <ele>1299.6</ele>
    <time>2025-10-25T01:13:39Z</time>
    <extensions>
     <gpxtpx:TrackPointExtension>
      <gpxtpx:hr>163</gpxtpx:hr>
     </gpxtpx:TrackPointExtension>
    </extensions>
   </trkpt>
   <trkpt lat="27.7206600" lon="85.3238720">
    <ele>1299.8</ele>
    <time>2025-10-25T01:13:40Z</time>
    <extensions>
     <gpxtpx:TrackPointExtension>
      <gpxtpx:hr>163</gpxtpx:hr>
     </gpxtpx:TrackPointExtension>
    </extensions>
   </trkpt>
   <trkpt lat="27.7206740" lon="85.3238510">
    <ele>1299.8</ele>
    <time>2025-10-25T01:13:41Z</time>
    <extensions>
     <gpxtpx:TrackPointExtension>
      <gpxtpx:hr>163</gpxtpx:hr>
     </gpxtpx:TrackPointExtension>
    </extensions>
   </trkpt>
   <trkpt lat="27.7206900" lon="85.3238310">
    <ele>1300.0</ele>
    <time>2025-10-25T01:13:42Z</time>
    <extensions>
     <gpxtpx:TrackPointExtension>
      <gpxtpx:hr>163</gpxtpx:hr>
     </gpxtpx:TrackPointExtension>
    </extensions>
   </trkpt>
   <trkpt lat="27.7207060" lon="85.3238110">
    <ele>1300.0</ele>
    <time>2025-10-25T01:13:43Z</time>
    <extensions>
     <gpxtpx:TrackPointExtension>
      <gpxtpx:hr>163</gpxtpx:hr>
     </gpxtpx:TrackPointExtension>
    </extensions>
   </trkpt>
   <trkpt lat="27.7207230" lon="85.3237930">
    <ele>1300.2</ele>
    <time>2025-10-25T01:13:44Z</time>
    <extensions>
     <gpxtpx:TrackPointExtension>
      <gpxtpx:hr>163</gpxtpx:hr>
     </gpxtpx:TrackPointExtension>
    </extensions>
   </trkpt>
   <trkpt lat="27.7207400" lon="85.3237760">
    <ele>1300.2</ele>
    <time>2025-10-25T01:13:45Z</time>
    <extensions>
     <gpxtpx:TrackPointExtension>
      <gpxtpx:hr>163</gpxtpx:hr>
     </gpxtpx:TrackPointExtension>
    </extensions>
   </trkpt>
   <trkpt lat="27.7207570" lon="85.3237590">
    <ele>1300.4</ele>
    <time>2025-10-25T01:13:46Z</time>
    <extensions>
     <gpxtpx:TrackPointExtension>
      <gpxtpx:hr>163</gpxtpx:hr>
     </gpxtpx:TrackPointExtension>
    </extensions>
   </trkpt>
   <trkpt lat="27.7207740" lon="85.3237420">
    <ele>1300.4</ele>
    <time>2025-10-25T01:13:47Z</time>
    <extensions>
     <gpxtpx:TrackPointExtension>
      <gpxtpx:hr>163</gpxtpx:hr>
     </gpxtpx:TrackPointExtension>
    </extensions>
   </trkpt>
   <trkpt lat="27.7207910" lon="85.3237260">
    <ele>1300.4</ele>
    <time>2025-10-25T01:13:48Z</time>
    <extensions>
     <gpxtpx:TrackPointExtension>
      <gpxtpx:hr>163</gpxtpx:hr>
     </gpxtpx:TrackPointExtension>
    </extensions>
   </trkpt>
   <trkpt lat="27.7208090" lon="85.3237090">
    <ele>1300.6</ele>
    <time>2025-10-25T01:13:49Z</time>
    <extensions>
     <gpxtpx:TrackPointExtension>
      <gpxtpx:hr>163</gpxtpx:hr>
     </gpxtpx:TrackPointExtension>
    </extensions>
   </trkpt>
   <trkpt lat="27.7208280" lon="85.3236940">
    <ele>1300.6</ele>
    <time>2025-10-25T01:13:50Z</time>
    <extensions>
     <gpxtpx:TrackPointExtension>
      <gpxtpx:hr>163</gpxtpx:hr>
     </gpxtpx:TrackPointExtension>
    </extensions>
   </trkpt>
   <trkpt lat="27.7208480" lon="85.3236800">
    <ele>1300.8</ele>
    <time>2025-10-25T01:13:51Z</time>
    <extensions>
     <gpxtpx:TrackPointExtension>
      <gpxtpx:hr>163</gpxtpx:hr>
     </gpxtpx:TrackPointExtension>
    </extensions>
   </trkpt>
   <trkpt lat="27.7208680" lon="85.3236660">
    <ele>1300.8</ele>
    <time>2025-10-25T01:13:52Z</time>
    <extensions>
     <gpxtpx:TrackPointExtension>
      <gpxtpx:hr>166</gpxtpx:hr>
     </gpxtpx:TrackPointExtension>
    </extensions>
   </trkpt>
   <trkpt lat="27.7208880" lon="85.3236540">
    <ele>1300.8</ele>
    <time>2025-10-25T01:13:53Z</time>
    <extensions>
     <gpxtpx:TrackPointExtension>
      <gpxtpx:hr>166</gpxtpx:hr>
     </gpxtpx:TrackPointExtension>
    </extensions>
   </trkpt>
   <trkpt lat="27.7209090" lon="85.3236430">
    <ele>1301.0</ele>
    <time>2025-10-25T01:13:54Z</time>
    <extensions>
     <gpxtpx:TrackPointExtension>
      <gpxtpx:hr>166</gpxtpx:hr>
     </gpxtpx:TrackPointExtension>
    </extensions>
   </trkpt>
   <trkpt lat="27.7209300" lon="85.3236320">
    <ele>1301.0</ele>
    <time>2025-10-25T01:13:55Z</time>
    <extensions>
     <gpxtpx:TrackPointExtension>
      <gpxtpx:hr>166</gpxtpx:hr>
     </gpxtpx:TrackPointExtension>
    </extensions>
   </trkpt>
   <trkpt lat="27.7209520" lon="85.3236210">
    <ele>1301.0</ele>
    <time>2025-10-25T01:13:56Z</time>
    <extensions>
     <gpxtpx:TrackPointExtension>
      <gpxtpx:hr>166</gpxtpx:hr>
     </gpxtpx:TrackPointExtension>
    </extensions>
   </trkpt>
   <trkpt lat="27.7209740" lon="85.3236100">
    <ele>1301.0</ele>
    <time>2025-10-25T01:13:57Z</time>
    <extensions>
     <gpxtpx:TrackPointExtension>
      <gpxtpx:hr>167</gpxtpx:hr>
     </gpxtpx:TrackPointExtension>
    </extensions>
   </trkpt>
   <trkpt lat="27.7209960" lon="85.3235990">
    <ele>1301.2</ele>
    <time>2025-10-25T01:13:58Z</time>
    <extensions>
     <gpxtpx:TrackPointExtension>
      <gpxtpx:hr>167</gpxtpx:hr>
     </gpxtpx:TrackPointExtension>
    </extensions>
   </trkpt>
   <trkpt lat="27.7210180" lon="85.3235880">
    <ele>1301.2</ele>
    <time>2025-10-25T01:13:59Z</time>
    <extensions>
     <gpxtpx:TrackPointExtension>
      <gpxtpx:hr>167</gpxtpx:hr>
     </gpxtpx:TrackPointExtension>
    </extensions>
   </trkpt>
   <trkpt lat="27.7210400" lon="85.3235760">
    <ele>1301.2</ele>
    <time>2025-10-25T01:14:00Z</time>
    <extensions>
     <gpxtpx:TrackPointExtension>
      <gpxtpx:hr>167</gpxtpx:hr>
     </gpxtpx:TrackPointExtension>
    </extensions>
   </trkpt>
   <trkpt lat="27.7210620" lon="85.3235640">
    <ele>1301.2</ele>
    <time>2025-10-25T01:14:01Z</time>
    <extensions>
     <gpxtpx:TrackPointExtension>
      <gpxtpx:hr>167</gpxtpx:hr>
     </gpxtpx:TrackPointExtension>
    </extensions>
   </trkpt>
   <trkpt lat="27.7210840" lon="85.3235520">
    <ele>1301.2</ele>
    <time>2025-10-25T01:14:02Z</time>
    <extensions>
     <gpxtpx:TrackPointExtension>
      <gpxtpx:hr>167</gpxtpx:hr>
     </gpxtpx:TrackPointExtension>
    </extensions>
   </trkpt>
   <trkpt lat="27.7211060" lon="85.3235390">
    <ele>1301.2</ele>
    <time>2025-10-25T01:14:03Z</time>
    <extensions>
     <gpxtpx:TrackPointExtension>
      <gpxtpx:hr>167</gpxtpx:hr>
     </gpxtpx:TrackPointExtension>
    </extensions>
   </trkpt>
   <trkpt lat="27.7211270" lon="85.3235250">
    <ele>1301.2</ele>
    <time>2025-10-25T01:14:04Z</time>
    <extensions>
     <gpxtpx:TrackPointExtension>
      <gpxtpx:hr>167</gpxtpx:hr>
     </gpxtpx:TrackPointExtension>
    </extensions>
   </trkpt>
   <trkpt lat="27.7211470" lon="85.3235110">
    <ele>1301.2</ele>
    <time>2025-10-25T01:14:05Z</time>
    <extensions>
     <gpxtpx:TrackPointExtension>
      <gpxtpx:hr>168</gpxtpx:hr>
     </gpxtpx:TrackPointExtension>
    </extensions>
   </trkpt>
   <trkpt lat="27.7211670" lon="85.3234970">
    <ele>1301.4</ele>
    <time>2025-10-25T01:14:06Z</time>
    <extensions>
     <gpxtpx:TrackPointExtension>
      <gpxtpx:hr>168</gpxtpx:hr>
     </gpxtpx:TrackPointExtension>
    </extensions>
   </trkpt>
   <trkpt lat="27.7211860" lon="85.3234810">
    <ele>1301.4</ele>
    <time>2025-10-25T01:14:07Z</time>
    <extensions>
     <gpxtpx:TrackPointExtension>
      <gpxtpx:hr>168</gpxtpx:hr>
     </gpxtpx:TrackPointExtension>
    </extensions>
   </trkpt>
   <trkpt lat="27.7212040" lon="85.3234640">
    <ele>1301.4</ele>
    <time>2025-10-25T01:14:08Z</time>
    <extensions>
     <gpxtpx:TrackPointExtension>
      <gpxtpx:hr>168</gpxtpx:hr>
     </gpxtpx:TrackPointExtension>
    </extensions>
   </trkpt>
   <trkpt lat="27.7212230" lon="85.3234470">
    <ele>1301.4</ele>
    <time>2025-10-25T01:14:09Z</time>
    <extensions>
     <gpxtpx:TrackPointExtension>
      <gpxtpx:hr>168</gpxtpx:hr>
     </gpxtpx:TrackPointExtension>
    </extensions>
   </trkpt>
   <trkpt lat="27.7212420" lon="85.3234280">
    <ele>1301.6</ele>
    <time>2025-10-25T01:14:10Z</time>
    <extensions>
     <gpxtpx:TrackPointExtension>
      <gpxtpx:hr>168</gpxtpx:hr>
     </gpxtpx:TrackPointExtension>
    </extensions>
   </trkpt>
   <trkpt lat="27.7212610" lon="85.3234090">
    <ele>1301.6</ele>
    <time>2025-10-25T01:14:11Z</time>
    <extensions>
     <gpxtpx:TrackPointExtension>
      <gpxtpx:hr>168</gpxtpx:hr>
     </gpxtpx:TrackPointExtension>
    </extensions>
   </trkpt>
   <trkpt lat="27.7212810" lon="85.3233910">
    <ele>1301.6</ele>
    <time>2025-10-25T01:14:12Z</time>
    <extensions>
     <gpxtpx:TrackPointExtension>
      <gpxtpx:hr>168</gpxtpx:hr>
     </gpxtpx:TrackPointExtension>
    </extensions>
   </trkpt>
   <trkpt lat="27.7213010" lon="85.3233730">
    <ele>1301.8</ele>
    <time>2025-10-25T01:14:13Z</time>
    <extensions>
     <gpxtpx:TrackPointExtension>
      <gpxtpx:hr>168</gpxtpx:hr>
     </gpxtpx:TrackPointExtension>
    </extensions>
   </trkpt>
   <trkpt lat="27.7213210" lon="85.3233560">
    <ele>1301.8</ele>
    <time>2025-10-25T01:14:14Z</time>
    <extensions>
     <gpxtpx:TrackPointExtension>
      <gpxtpx:hr>168</gpxtpx:hr>
     </gpxtpx:TrackPointExtension>
    </extensions>
   </trkpt>
   <trkpt lat="27.7213410" lon="85.3233410">
    <ele>1301.8</ele>
    <time>2025-10-25T01:14:15Z</time>
    <extensions>
     <gpxtpx:TrackPointExtension>
      <gpxtpx:hr>168</gpxtpx:hr>
     </gpxtpx:TrackPointExtension>
    </extensions>
   </trkpt>
   <trkpt lat="27.7213610" lon="85.3233260">
    <ele>1302.0</ele>
    <time>2025-10-25T01:14:16Z</time>
    <extensions>
     <gpxtpx:TrackPointExtension>
      <gpxtpx:hr>168</gpxtpx:hr>
     </gpxtpx:TrackPointExtension>
    </extensions>
   </trkpt>
   <trkpt lat="27.7213810" lon="85.3233120">
    <ele>1302.0</ele>
    <time>2025-10-25T01:14:17Z</time>
    <extensions>
     <gpxtpx:TrackPointExtension>
      <gpxtpx:hr>168</gpxtpx:hr>
     </gpxtpx:TrackPointExtension>
    </extensions>
   </trkpt>
   <trkpt lat="27.7214020" lon="85.3232990">
    <ele>1302.0</ele>
    <time>2025-10-25T01:14:18Z</time>
    <extensions>
     <gpxtpx:TrackPointExtension>
      <gpxtpx:hr>168</gpxtpx:hr>
     </gpxtpx:TrackPointExtension>
    </extensions>
   </trkpt>
   <trkpt lat="27.7214230" lon="85.3232850">
    <ele>1302.2</ele>
    <time>2025-10-25T01:14:19Z</time>
    <extensions>
     <gpxtpx:TrackPointExtension>
      <gpxtpx:hr>168</gpxtpx:hr>
     </gpxtpx:TrackPointExtension>
    </extensions>
   </trkpt>
   <trkpt lat="27.7214430" lon="85.3232710">
    <ele>1302.2</ele>
    <time>2025-10-25T01:14:20Z</time>
    <extensions>
     <gpxtpx:TrackPointExtension>
      <gpxtpx:hr>168</gpxtpx:hr>
     </gpxtpx:TrackPointExtension>
    </extensions>
   </trkpt>
   <trkpt lat="27.7214640" lon="85.3232570">
    <ele>1302.2</ele>
    <time>2025-10-25T01:14:21Z</time>
    <extensions>
     <gpxtpx:TrackPointExtension>
      <gpxtpx:hr>168</gpxtpx:hr>
     </gpxtpx:TrackPointExtension>
    </extensions>
   </trkpt>
   <trkpt lat="27.7214850" lon="85.3232420">
    <ele>1302.2</ele>
    <time>2025-10-25T01:14:22Z</time>
    <extensions>
     <gpxtpx:TrackPointExtension>
      <gpxtpx:hr>168</gpxtpx:hr>
     </gpxtpx:TrackPointExtension>
    </extensions>
   </trkpt>
   <trkpt lat="27.7215040" lon="85.3232280">
    <ele>1302.4</ele>
    <time>2025-10-25T01:14:23Z</time>
    <extensions>
     <gpxtpx:TrackPointExtension>
      <gpxtpx:hr>168</gpxtpx:hr>
     </gpxtpx:TrackPointExtension>
    </extensions>
   </trkpt>
   <trkpt lat="27.7215230" lon="85.3232140">
    <ele>1302.4</ele>
    <time>2025-10-25T01:14:24Z</time>
    <extensions>
     <gpxtpx:TrackPointExtension>
      <gpxtpx:hr>168</gpxtpx:hr>
     </gpxtpx:TrackPointExtension>
    </extensions>
   </trkpt>
   <trkpt lat="27.7215410" lon="85.3232000">
    <ele>1302.4</ele>
    <time>2025-10-25T01:14:25Z</time>
    <extensions>
     <gpxtpx:TrackPointExtension>
      <gpxtpx:hr>168</gpxtpx:hr>
     </gpxtpx:TrackPointExtension>
    </extensions>
   </trkpt>
   <trkpt lat="27.7215600" lon="85.3231860">
    <ele>1302.4</ele>
    <time>2025-10-25T01:14:26Z</time>
    <extensions>
     <gpxtpx:TrackPointExtension>
      <gpxtpx:hr>168</gpxtpx:hr>
     </gpxtpx:TrackPointExtension>
    </extensions>
   </trkpt>
   <trkpt lat="27.7215780" lon="85.3231710">
    <ele>1302.4</ele>
    <time>2025-10-25T01:14:27Z</time>
    <extensions>
     <gpxtpx:TrackPointExtension>
      <gpxtpx:hr>168</gpxtpx:hr>
     </gpxtpx:TrackPointExtension>
    </extensions>
   </trkpt>
   <trkpt lat="27.7215980" lon="85.3231560">
    <ele>1302.6</ele>
    <time>2025-10-25T01:14:28Z</time>
    <extensions>
     <gpxtpx:TrackPointExtension>
      <gpxtpx:hr>168</gpxtpx:hr>
     </gpxtpx:TrackPointExtension>
    </extensions>
   </trkpt>
   <trkpt lat="27.7216180" lon="85.3231410">
    <ele>1302.6</ele>
    <time>2025-10-25T01:14:29Z</time>
    <extensions>
     <gpxtpx:TrackPointExtension>
      <gpxtpx:hr>167</gpxtpx:hr>
     </gpxtpx:TrackPointExtension>
    </extensions>
   </trkpt>
   <trkpt lat="27.7216400" lon="85.3231260">
    <ele>1302.6</ele>
    <time>2025-10-25T01:14:30Z</time>
    <extensions>
     <gpxtpx:TrackPointExtension>
      <gpxtpx:hr>167</gpxtpx:hr>
     </gpxtpx:TrackPointExtension>
    </extensions>
   </trkpt>
   <trkpt lat="27.7216610" lon="85.3231120">
    <ele>1302.6</ele>
    <time>2025-10-25T01:14:31Z</time>
    <extensions>
     <gpxtpx:TrackPointExtension>
      <gpxtpx:hr>167</gpxtpx:hr>
     </gpxtpx:TrackPointExtension>
    </extensions>
   </trkpt>
   <trkpt lat="27.7216830" lon="85.3230970">
    <ele>1302.6</ele>
    <time>2025-10-25T01:14:32Z</time>
    <extensions>
     <gpxtpx:TrackPointExtension>
      <gpxtpx:hr>167</gpxtpx:hr>
     </gpxtpx:TrackPointExtension>
    </extensions>
   </trkpt>
   <trkpt lat="27.7217030" lon="85.3230830">
    <ele>1302.6</ele>
    <time>2025-10-25T01:14:33Z</time>
    <extensions>
     <gpxtpx:TrackPointExtension>
      <gpxtpx:hr>167</gpxtpx:hr>
     </gpxtpx:TrackPointExtension>
    </extensions>
   </trkpt>
   <trkpt lat="27.7217240" lon="85.3230690">
    <ele>1302.6</ele>
    <time>2025-10-25T01:14:34Z</time>
    <extensions>
     <gpxtpx:TrackPointExtension>
      <gpxtpx:hr>167</gpxtpx:hr>
     </gpxtpx:TrackPointExtension>
    </extensions>
   </trkpt>
   <trkpt lat="27.7217440" lon="85.3230550">
    <ele>1302.6</ele>
    <time>2025-10-25T01:14:35Z</time>
    <extensions>
     <gpxtpx:TrackPointExtension>
      <gpxtpx:hr>167</gpxtpx:hr>
     </gpxtpx:TrackPointExtension>
    </extensions>
   </trkpt>
   <trkpt lat="27.7217640" lon="85.3230390">
    <ele>1302.6</ele>
    <time>2025-10-25T01:14:36Z</time>
    <extensions>
     <gpxtpx:TrackPointExtension>
      <gpxtpx:hr>167</gpxtpx:hr>
     </gpxtpx:TrackPointExtension>
    </extensions>
   </trkpt>
   <trkpt lat="27.7217850" lon="85.3230230">
    <ele>1302.4</ele>
    <time>2025-10-25T01:14:37Z</time>
    <extensions>
     <gpxtpx:TrackPointExtension>
      <gpxtpx:hr>167</gpxtpx:hr>
     </gpxtpx:TrackPointExtension>
    </extensions>
   </trkpt>
   <trkpt lat="27.7218070" lon="85.3230070">
    <ele>1302.4</ele>
    <time>2025-10-25T01:14:38Z</time>
    <extensions>
     <gpxtpx:TrackPointExtension>
      <gpxtpx:hr>167</gpxtpx:hr>
     </gpxtpx:TrackPointExtension>
    </extensions>
   </trkpt>
   <trkpt lat="27.7218300" lon="85.3229900">
    <ele>1302.4</ele>
    <time>2025-10-25T01:14:39Z</time>
    <extensions>
     <gpxtpx:TrackPointExtension>
      <gpxtpx:hr>167</gpxtpx:hr>
     </gpxtpx:TrackPointExtension>
    </extensions>
   </trkpt>
   <trkpt lat="27.7218520" lon="85.3229740">
    <ele>1302.4</ele>
    <time>2025-10-25T01:14:40Z</time>
    <extensions>
     <gpxtpx:TrackPointExtension>
      <gpxtpx:hr>167</gpxtpx:hr>
     </gpxtpx:TrackPointExtension>
    </extensions>
   </trkpt>
   <trkpt lat="27.7218740" lon="85.3229580">
    <ele>1302.4</ele>
    <time>2025-10-25T01:14:41Z</time>
    <extensions>
     <gpxtpx:TrackPointExtension>
      <gpxtpx:hr>167</gpxtpx:hr>
     </gpxtpx:TrackPointExtension>
    </extensions>
   </trkpt>
   <trkpt lat="27.7218960" lon="85.3229420">
    <ele>1302.4</ele>
    <time>2025-10-25T01:14:42Z</time>
    <extensions>
     <gpxtpx:TrackPointExtension>
      <gpxtpx:hr>167</gpxtpx:hr>
     </gpxtpx:TrackPointExtension>
    </extensions>
   </trkpt>
   <trkpt lat="27.7219180" lon="85.3229260">
    <ele>1302.4</ele>
    <time>2025-10-25T01:14:43Z</time>
    <extensions>
     <gpxtpx:TrackPointExtension>
      <gpxtpx:hr>167</gpxtpx:hr>
     </gpxtpx:TrackPointExtension>
    </extensions>
   </trkpt>
   <trkpt lat="27.7219410" lon="85.3229080">
    <ele>1302.4</ele>
    <time>2025-10-25T01:14:44Z</time>
    <extensions>
     <gpxtpx:TrackPointExtension>
      <gpxtpx:hr>167</gpxtpx:hr>
     </gpxtpx:TrackPointExtension>
    </extensions>
   </trkpt>
   <trkpt lat="27.7219640" lon="85.3228910">
    <ele>1302.4</ele>
    <time>2025-10-25T01:14:45Z</time>
    <extensions>
     <gpxtpx:TrackPointExtension>
      <gpxtpx:hr>167</gpxtpx:hr>
     </gpxtpx:TrackPointExtension>
    </extensions>
   </trkpt>
   <trkpt lat="27.7219860" lon="85.3228750">
    <ele>1302.4</ele>
    <time>2025-10-25T01:14:46Z</time>
    <extensions>
     <gpxtpx:TrackPointExtension>
      <gpxtpx:hr>167</gpxtpx:hr>
     </gpxtpx:TrackPointExtension>
    </extensions>
   </trkpt>
   <trkpt lat="27.7220080" lon="85.3228590">
    <ele>1302.4</ele>
    <time>2025-10-25T01:14:47Z</time>
    <extensions>
     <gpxtpx:TrackPointExtension>
      <gpxtpx:hr>167</gpxtpx:hr>
     </gpxtpx:TrackPointExtension>
    </extensions>
   </trkpt>
   <trkpt lat="27.7220280" lon="85.3228430">
    <ele>1302.4</ele>
    <time>2025-10-25T01:14:48Z</time>
    <extensions>
     <gpxtpx:TrackPointExtension>
      <gpxtpx:hr>167</gpxtpx:hr>
     </gpxtpx:TrackPointExtension>
    </extensions>
   </trkpt>
   <trkpt lat="27.7220480" lon="85.3228270">
    <ele>1302.4</ele>
    <time>2025-10-25T01:14:49Z</time>
    <extensions>
     <gpxtpx:TrackPointExtension>
      <gpxtpx:hr>167</gpxtpx:hr>
     </gpxtpx:TrackPointExtension>
    </extensions>
   </trkpt>
   <trkpt lat="27.7220680" lon="85.3228110">
    <ele>1302.4</ele>
    <time>2025-10-25T01:14:50Z</time>
    <extensions>
     <gpxtpx:TrackPointExtension>
      <gpxtpx:hr>167</gpxtpx:hr>
     </gpxtpx:TrackPointExtension>
    </extensions>
   </trkpt>
   <trkpt lat="27.7220870" lon="85.3227970">
    <ele>1302.4</ele>
    <time>2025-10-25T01:14:51Z</time>
    <extensions>
     <gpxtpx:TrackPointExtension>
      <gpxtpx:hr>167</gpxtpx:hr>
     </gpxtpx:TrackPointExtension>
    </extensions>
   </trkpt>
   <trkpt lat="27.7221080" lon="85.3227820">
    <ele>1302.4</ele>
    <time>2025-10-25T01:14:52Z</time>
    <extensions>
     <gpxtpx:TrackPointExtension>
      <gpxtpx:hr>167</gpxtpx:hr>
     </gpxtpx:TrackPointExtension>
    </extensions>
   </trkpt>
   <trkpt lat="27.7221290" lon="85.3227680">
    <ele>1302.4</ele>
    <time>2025-10-25T01:14:53Z</time>
    <extensions>
     <gpxtpx:TrackPointExtension>
      <gpxtpx:hr>167</gpxtpx:hr>
     </gpxtpx:TrackPointExtension>
    </extensions>
   </trkpt>
   <trkpt lat="27.7221520" lon="85.3227540">
    <ele>1302.4</ele>
    <time>2025-10-25T01:14:54Z</time>
    <extensions>
     <gpxtpx:TrackPointExtension>
      <gpxtpx:hr>167</gpxtpx:hr>
     </gpxtpx:TrackPointExtension>
    </extensions>
   </trkpt>
   <trkpt lat="27.7221750" lon="85.3227420">
    <ele>1302.4</ele>
    <time>2025-10-25T01:14:55Z</time>
    <extensions>
     <gpxtpx:TrackPointExtension>
      <gpxtpx:hr>167</gpxtpx:hr>
     </gpxtpx:TrackPointExtension>
    </extensions>
   </trkpt>
   <trkpt lat="27.7221980" lon="85.3227300">
    <ele>1302.6</ele>
    <time>2025-10-25T01:14:56Z</time>
    <extensions>
     <gpxtpx:TrackPointExtension>
      <gpxtpx:hr>167</gpxtpx:hr>
     </gpxtpx:TrackPointExtension>
    </extensions>
   </trkpt>
   <trkpt lat="27.7222210" lon="85.3227180">
    <ele>1302.6</ele>
    <time>2025-10-25T01:14:57Z</time>
    <extensions>
     <gpxtpx:TrackPointExtension>
      <gpxtpx:hr>167</gpxtpx:hr>
     </gpxtpx:TrackPointExtension>
    </extensions>
   </trkpt>
   <trkpt lat="27.7222440" lon="85.3227060">
    <ele>1302.6</ele>
    <time>2025-10-25T01:14:58Z</time>
    <extensions>
     <gpxtpx:TrackPointExtension>
      <gpxtpx:hr>167</gpxtpx:hr>
     </gpxtpx:TrackPointExtension>
    </extensions>
   </trkpt>
   <trkpt lat="27.7222670" lon="85.3226940">
    <ele>1302.6</ele>
    <time>2025-10-25T01:14:59Z</time>
    <extensions>
     <gpxtpx:TrackPointExtension>
      <gpxtpx:hr>167</gpxtpx:hr>
     </gpxtpx:TrackPointExtension>
    </extensions>
   </trkpt>
   <trkpt lat="27.7222910" lon="85.3226820">
    <ele>1302.6</ele>
    <time>2025-10-25T01:15:00Z</time>
    <extensions>
     <gpxtpx:TrackPointExtension>
      <gpxtpx:hr>167</gpxtpx:hr>
     </gpxtpx:TrackPointExtension>
    </extensions>
   </trkpt>
   <trkpt lat="27.7223150" lon="85.3226690">
    <ele>1302.6</ele>
    <time>2025-10-25T01:15:01Z</time>
    <extensions>
     <gpxtpx:TrackPointExtension>
      <gpxtpx:hr>167</gpxtpx:hr>
     </gpxtpx:TrackPointExtension>
    </extensions>
   </trkpt>
   <trkpt lat="27.7223390" lon="85.3226570">
    <ele>1302.6</ele>
    <time>2025-10-25T01:15:02Z</time>
    <extensions>
     <gpxtpx:TrackPointExtension>
      <gpxtpx:hr>167</gpxtpx:hr>
     </gpxtpx:TrackPointExtension>
    </extensions>
   </trkpt>
   <trkpt lat="27.7223630" lon="85.3226450">
    <ele>1302.6</ele>
    <time>2025-10-25T01:15:03Z</time>
    <extensions>
     <gpxtpx:TrackPointExtension>
      <gpxtpx:hr>167</gpxtpx:hr>
     </gpxtpx:TrackPointExtension>
    </extensions>
   </trkpt>
   <trkpt lat="27.7223850" lon="85.3226330">
    <ele>1302.6</ele>
    <time>2025-10-25T01:15:04Z</time>
    <extensions>
     <gpxtpx:TrackPointExtension>
      <gpxtpx:hr>167</gpxtpx:hr>
     </gpxtpx:TrackPointExtension>
    </extensions>
   </trkpt>
   <trkpt lat="27.7224060" lon="85.3226210">
    <ele>1302.6</ele>
    <time>2025-10-25T01:15:05Z</time>
    <extensions>
     <gpxtpx:TrackPointExtension>
      <gpxtpx:hr>167</gpxtpx:hr>
     </gpxtpx:TrackPointExtension>
    </extensions>
   </trkpt>
   <trkpt lat="27.7224250" lon="85.3226080">
    <ele>1302.6</ele>
    <time>2025-10-25T01:15:06Z</time>
    <extensions>
     <gpxtpx:TrackPointExtension>
      <gpxtpx:hr>167</gpxtpx:hr>
     </gpxtpx:TrackPointExtension>
    </extensions>
   </trkpt>
   <trkpt lat="27.7224440" lon="85.3225940">
    <ele>1302.6</ele>
    <time>2025-10-25T01:15:07Z</time>
    <extensions>
     <gpxtpx:TrackPointExtension>
      <gpxtpx:hr>167</gpxtpx:hr>
     </gpxtpx:TrackPointExtension>
    </extensions>
   </trkpt>
   <trkpt lat="27.7224610" lon="85.3225780">
    <ele>1302.6</ele>
    <time>2025-10-25T01:15:08Z</time>
    <extensions>
     <gpxtpx:TrackPointExtension>
      <gpxtpx:hr>167</gpxtpx:hr>
     </gpxtpx:TrackPointExtension>
    </extensions>
   </trkpt>
   <trkpt lat="27.7224770" lon="85.3225590">
    <ele>1302.6</ele>
    <time>2025-10-25T01:15:09Z</time>
    <extensions>
     <gpxtpx:TrackPointExtension>
      <gpxtpx:hr>167</gpxtpx:hr>
     </gpxtpx:TrackPointExtension>
    </extensions>
   </trkpt>
   <trkpt lat="27.7224920" lon="85.3225390">
    <ele>1302.6</ele>
    <time>2025-10-25T01:15:10Z</time>
    <extensions>
     <gpxtpx:TrackPointExtension>
      <gpxtpx:hr>167</gpxtpx:hr>
     </gpxtpx:TrackPointExtension>
    </extensions>
   </trkpt>
   <trkpt lat="27.7225030" lon="85.3225150">
    <ele>1302.6</ele>
    <time>2025-10-25T01:15:11Z</time>
    <extensions>
     <gpxtpx:TrackPointExtension>
      <gpxtpx:hr>167</gpxtpx:hr>
     </gpxtpx:TrackPointExtension>
    </extensions>
   </trkpt>
   <trkpt lat="27.7225130" lon="85.3224900">
    <ele>1302.6</ele>
    <time>2025-10-25T01:15:12Z</time>
    <extensions>
     <gpxtpx:TrackPointExtension>
      <gpxtpx:hr>167</gpxtpx:hr>
     </gpxtpx:TrackPointExtension>
    </extensions>
   </trkpt>
   <trkpt lat="27.7225210" lon="85.3224640">
    <ele>1302.8</ele>
    <time>2025-10-25T01:15:13Z</time>
    <extensions>
     <gpxtpx:TrackPointExtension>
      <gpxtpx:hr>167</gpxtpx:hr>
     </gpxtpx:TrackPointExtension>
    </extensions>
   </trkpt>
   <trkpt lat="27.7225290" lon="85.3224390">
    <ele>1302.8</ele>
    <time>2025-10-25T01:15:14Z</time>
    <extensions>
     <gpxtpx:TrackPointExtension>
      <gpxtpx:hr>167</gpxtpx:hr>
     </gpxtpx:TrackPointExtension>
    </extensions>
   </trkpt>
   <trkpt lat="27.7225370" lon="85.3224140">
    <ele>1302.8</ele>
    <time>2025-10-25T01:15:15Z</time>
    <extensions>
     <gpxtpx:TrackPointExtension>
      <gpxtpx:hr>167</gpxtpx:hr>
     </gpxtpx:TrackPointExtension>
    </extensions>
   </trkpt>
   <trkpt lat="27.7225460" lon="85.3223890">
    <ele>1302.8</ele>
    <time>2025-10-25T01:15:16Z</time>
    <extensions>
     <gpxtpx:TrackPointExtension>
      <gpxtpx:hr>167</gpxtpx:hr>
     </gpxtpx:TrackPointExtension>
    </extensions>
   </trkpt>
   <trkpt lat="27.7225560" lon="85.3223650">
    <ele>1303.0</ele>
    <time>2025-10-25T01:15:17Z</time>
    <extensions>
     <gpxtpx:TrackPointExtension>
      <gpxtpx:hr>167</gpxtpx:hr>
     </gpxtpx:TrackPointExtension>
    </extensions>
   </trkpt>
   <trkpt lat="27.7225670" lon="85.3223410">
    <ele>1303.0</ele>
    <time>2025-10-25T01:15:18Z</time>
    <extensions>
     <gpxtpx:TrackPointExtension>
      <gpxtpx:hr>167</gpxtpx:hr>
     </gpxtpx:TrackPointExtension>
    </extensions>
   </trkpt>
   <trkpt lat="27.7225790" lon="85.3223170">
    <ele>1303.2</ele>
    <time>2025-10-25T01:15:19Z</time>
    <extensions>
     <gpxtpx:TrackPointExtension>
      <gpxtpx:hr>167</gpxtpx:hr>
     </gpxtpx:TrackPointExtension>
    </extensions>
   </trkpt>
   <trkpt lat="27.7225910" lon="85.3222930">
    <ele>1303.2</ele>
    <time>2025-10-25T01:15:20Z</time>
    <extensions>
     <gpxtpx:TrackPointExtension>
      <gpxtpx:hr>167</gpxtpx:hr>
     </gpxtpx:TrackPointExtension>
    </extensions>
   </trkpt>
   <trkpt lat="27.7226030" lon="85.3222680">
    <ele>1303.2</ele>
    <time>2025-10-25T01:15:21Z</time>
    <extensions>
     <gpxtpx:TrackPointExtension>
      <gpxtpx:hr>167</gpxtpx:hr>
     </gpxtpx:TrackPointExtension>
    </extensions>
   </trkpt>
   <trkpt lat="27.7226140" lon="85.3222420">
    <ele>1303.4</ele>
    <time>2025-10-25T01:15:22Z</time>
    <extensions>
     <gpxtpx:TrackPointExtension>
      <gpxtpx:hr>167</gpxtpx:hr>
     </gpxtpx:TrackPointExtension>
    </extensions>
   </trkpt>
   <trkpt lat="27.7226240" lon="85.3222150">
    <ele>1303.4</ele>
    <time>2025-10-25T01:15:23Z</time>
    <extensions>
     <gpxtpx:TrackPointExtension>
      <gpxtpx:hr>167</gpxtpx:hr>
     </gpxtpx:TrackPointExtension>
    </extensions>
   </trkpt>
   <trkpt lat="27.7226330" lon="85.3221880">
    <ele>1303.4</ele>
    <time>2025-10-25T01:15:24Z</time>
    <extensions>
     <gpxtpx:TrackPointExtension>
      <gpxtpx:hr>167</gpxtpx:hr>
     </gpxtpx:TrackPointExtension>
    </extensions>
   </trkpt>
   <trkpt lat="27.7226410" lon="85.3221630">
    <ele>1303.4</ele>
    <time>2025-10-25T01:15:25Z</time>
    <extensions>
     <gpxtpx:TrackPointExtension>
      <gpxtpx:hr>167</gpxtpx:hr>
     </gpxtpx:TrackPointExtension>
    </extensions>
   </trkpt>
   <trkpt lat="27.7226470" lon="85.3221370">
    <ele>1303.4</ele>
    <time>2025-10-25T01:15:26Z</time>
    <extensions>
     <gpxtpx:TrackPointExtension>
      <gpxtpx:hr>167</gpxtpx:hr>
     </gpxtpx:TrackPointExtension>
    </extensions>
   </trkpt>
   <trkpt lat="27.7226520" lon="85.3221120">
    <ele>1303.6</ele>
    <time>2025-10-25T01:15:27Z</time>
    <extensions>
     <gpxtpx:TrackPointExtension>
      <gpxtpx:hr>167</gpxtpx:hr>
     </gpxtpx:TrackPointExtension>
    </extensions>
   </trkpt>
   <trkpt lat="27.7226570" lon="85.3220860">
    <ele>1303.6</ele>
    <time>2025-10-25T01:15:28Z</time>
    <extensions>
     <gpxtpx:TrackPointExtension>
      <gpxtpx:hr>167</gpxtpx:hr>
     </gpxtpx:TrackPointExtension>
    </extensions>
   </trkpt>
   <trkpt lat="27.7226600" lon="85.3220590">
    <ele>1303.6</ele>
    <time>2025-10-25T01:15:29Z</time>
    <extensions>
     <gpxtpx:TrackPointExtension>
      <gpxtpx:hr>166</gpxtpx:hr>
     </gpxtpx:TrackPointExtension>
    </extensions>
   </trkpt>
   <trkpt lat="27.7226630" lon="85.3220310">
    <ele>1303.6</ele>
    <time>2025-10-25T01:15:30Z</time>
    <extensions>
     <gpxtpx:TrackPointExtension>
      <gpxtpx:hr>166</gpxtpx:hr>
     </gpxtpx:TrackPointExtension>
    </extensions>
   </trkpt>
   <trkpt lat="27.7226650" lon="85.3220030">
    <ele>1303.6</ele>
    <time>2025-10-25T01:15:31Z</time>
    <extensions>
     <gpxtpx:TrackPointExtension>
      <gpxtpx:hr>166</gpxtpx:hr>
     </gpxtpx:TrackPointExtension>
    </extensions>
   </trkpt>
   <trkpt lat="27.7226670" lon="85.3219740">
    <ele>1303.6</ele>
    <time>2025-10-25T01:15:32Z</time>
    <extensions>
     <gpxtpx:TrackPointExtension>
      <gpxtpx:hr>166</gpxtpx:hr>
     </gpxtpx:TrackPointExtension>
    </extensions>
   </trkpt>
   <trkpt lat="27.7226690" lon="85.3219460">
    <ele>1303.6</ele>
    <time>2025-10-25T01:15:33Z</time>
    <extensions>
     <gpxtpx:TrackPointExtension>
      <gpxtpx:hr>166</gpxtpx:hr>
     </gpxtpx:TrackPointExtension>
    </extensions>
   </trkpt>
   <trkpt lat="27.7226720" lon="85.3219190">
    <ele>1303.6</ele>
    <time>2025-10-25T01:15:34Z</time>
    <extensions>
     <gpxtpx:TrackPointExtension>
      <gpxtpx:hr>166</gpxtpx:hr>
     </gpxtpx:TrackPointExtension>
    </extensions>
   </trkpt>
   <trkpt lat="27.7226760" lon="85.3218920">
    <ele>1303.6</ele>
    <time>2025-10-25T01:15:35Z</time>
    <extensions>
     <gpxtpx:TrackPointExtension>
      <gpxtpx:hr>166</gpxtpx:hr>
     </gpxtpx:TrackPointExtension>
    </extensions>
   </trkpt>
   <trkpt lat="27.7226810" lon="85.3218660">
    <ele>1303.6</ele>
    <time>2025-10-25T01:15:36Z</time>
    <extensions>
     <gpxtpx:TrackPointExtension>
      <gpxtpx:hr>166</gpxtpx:hr>
     </gpxtpx:TrackPointExtension>
    </extensions>
   </trkpt>
   <trkpt lat="27.7226870" lon="85.3218410">
    <ele>1303.6</ele>
    <time>2025-10-25T01:15:37Z</time>
    <extensions>
     <gpxtpx:TrackPointExtension>
      <gpxtpx:hr>166</gpxtpx:hr>
     </gpxtpx:TrackPointExtension>
    </extensions>
   </trkpt>
   <trkpt lat="27.7226940" lon="85.3218170">
    <ele>1303.6</ele>
    <time>2025-10-25T01:15:38Z</time>
    <extensions>
     <gpxtpx:TrackPointExtension>
      <gpxtpx:hr>166</gpxtpx:hr>
     </gpxtpx:TrackPointExtension>
    </extensions>
   </trkpt>
   <trkpt lat="27.7227020" lon="85.3217930">
    <ele>1303.6</ele>
    <time>2025-10-25T01:15:39Z</time>
    <extensions>
     <gpxtpx:TrackPointExtension>
      <gpxtpx:hr>166</gpxtpx:hr>
     </gpxtpx:TrackPointExtension>
    </extensions>
   </trkpt>
   <trkpt lat="27.7227110" lon="85.3217680">
    <ele>1303.6</ele>
    <time>2025-10-25T01:15:40Z</time>
    <extensions>
     <gpxtpx:TrackPointExtension>
      <gpxtpx:hr>166</gpxtpx:hr>
     </gpxtpx:TrackPointExtension>
    </extensions>
   </trkpt>
   <trkpt lat="27.7227190" lon="85.3217430">
    <ele>1303.6</ele>
    <time>2025-10-25T01:15:41Z</time>
    <extensions>
     <gpxtpx:TrackPointExtension>
      <gpxtpx:hr>166</gpxtpx:hr>
     </gpxtpx:TrackPointExtension>
    </extensions>
   </trkpt>
   <trkpt lat="27.7227280" lon="85.3217170">
    <ele>1303.6</ele>
    <time>2025-10-25T01:15:42Z</time>
    <extensions>
     <gpxtpx:TrackPointExtension>
      <gpxtpx:hr>166</gpxtpx:hr>
     </gpxtpx:TrackPointExtension>
    </extensions>
   </trkpt>
   <trkpt lat="27.7227350" lon="85.3216900">
    <ele>1303.6</ele>
    <time>2025-10-25T01:15:43Z</time>
    <extensions>
     <gpxtpx:TrackPointExtension>
      <gpxtpx:hr>166</gpxtpx:hr>
     </gpxtpx:TrackPointExtension>
    </extensions>
   </trkpt>
   <trkpt lat="27.7227410" lon="85.3216640">
    <ele>1303.8</ele>
    <time>2025-10-25T01:15:44Z</time>
    <extensions>
     <gpxtpx:TrackPointExtension>
      <gpxtpx:hr>166</gpxtpx:hr>
     </gpxtpx:TrackPointExtension>
    </extensions>
   </trkpt>
   <trkpt lat="27.7227460" lon="85.3216370">
    <ele>1303.8</ele>
    <time>2025-10-25T01:15:45Z</time>
    <extensions>
     <gpxtpx:TrackPointExtension>
      <gpxtpx:hr>166</gpxtpx:hr>
     </gpxtpx:TrackPointExtension>
    </extensions>
   </trkpt>
   <trkpt lat="27.7227490" lon="85.3216100">
    <ele>1304.0</ele>
    <time>2025-10-25T01:15:46Z</time>
    <extensions>
     <gpxtpx:TrackPointExtension>
      <gpxtpx:hr>167</gpxtpx:hr>
     </gpxtpx:TrackPointExtension>
    </extensions>
   </trkpt>
   <trkpt lat="27.7227520" lon="85.3215830">
    <ele>1304.0</ele>
    <time>2025-10-25T01:15:47Z</time>
    <extensions>
     <gpxtpx:TrackPointExtension>
      <gpxtpx:hr>167</gpxtpx:hr>
     </gpxtpx:TrackPointExtension>
    </extensions>
   </trkpt>
   <trkpt lat="27.7227540" lon="85.3215550">
    <ele>1304.2</ele>
    <time>2025-10-25T01:15:48Z</time>
    <extensions>
     <gpxtpx:TrackPointExtension>
      <gpxtpx:hr>167</gpxtpx:hr>
     </gpxtpx:TrackPointExtension>
    </extensions>
   </trkpt>
   <trkpt lat="27.7227550" lon="85.3215270">
    <ele>1304.2</ele>
    <time>2025-10-25T01:15:49Z</time>
    <extensions>
     <gpxtpx:TrackPointExtension>
      <gpxtpx:hr>167</gpxtpx:hr>
     </gpxtpx:TrackPointExtension>
    </extensions>
   </trkpt>
   <trkpt lat="27.7227550" lon="85.3214990">
    <ele>1304.4</ele>
    <time>2025-10-25T01:15:50Z</time>
    <extensions>
     <gpxtpx:TrackPointExtension>
      <gpxtpx:hr>167</gpxtpx:hr>
     </gpxtpx:TrackPointExtension>
    </extensions>
   </trkpt>
   <trkpt lat="27.7227550" lon="85.3214730">
    <ele>1304.4</ele>
    <time>2025-10-25T01:15:51Z</time>
    <extensions>
     <gpxtpx:TrackPointExtension>
      <gpxtpx:hr>167</gpxtpx:hr>
     </gpxtpx:TrackPointExtension>
    </extensions>
   </trkpt>
   <trkpt lat="27.7227540" lon="85.3214460">
    <ele>1304.6</ele>
    <time>2025-10-25T01:15:52Z</time>
    <extensions>
     <gpxtpx:TrackPointExtension>
      <gpxtpx:hr>167</gpxtpx:hr>
     </gpxtpx:TrackPointExtension>
    </extensions>
   </trkpt>
   <trkpt lat="27.7227530" lon="85.3214210">
    <ele>1304.6</ele>
    <time>2025-10-25T01:15:53Z</time>
    <extensions>
     <gpxtpx:TrackPointExtension>
      <gpxtpx:hr>167</gpxtpx:hr>
     </gpxtpx:TrackPointExtension>
    </extensions>
   </trkpt>
   <trkpt lat="27.7227510" lon="85.3213950">
    <ele>1304.8</ele>
    <time>2025-10-25T01:15:54Z</time>
    <extensions>
     <gpxtpx:TrackPointExtension>
      <gpxtpx:hr>167</gpxtpx:hr>
     </gpxtpx:TrackPointExtension>
    </extensions>
   </trkpt>
   <trkpt lat="27.7227500" lon="85.3213690">
    <ele>1304.8</ele>
    <time>2025-10-25T01:15:55Z</time>
    <extensions>
     <gpxtpx:TrackPointExtension>
      <gpxtpx:hr>167</gpxtpx:hr>
     </gpxtpx:TrackPointExtension>
    </extensions>
   </trkpt>
   <trkpt lat="27.7227490" lon="85.3213440">
    <ele>1304.8</ele>
    <time>2025-10-25T01:15:56Z</time>
    <extensions>
     <gpxtpx:TrackPointExtension>
      <gpxtpx:hr>167</gpxtpx:hr>
     </gpxtpx:TrackPointExtension>
    </extensions>
   </trkpt>
   <trkpt lat="27.7227480" lon="85.3213180">
    <ele>1304.8</ele>
    <time>2025-10-25T01:15:57Z</time>
    <extensions>
     <gpxtpx:TrackPointExtension>
      <gpxtpx:hr>167</gpxtpx:hr>
     </gpxtpx:TrackPointExtension>
    </extensions>
   </trkpt>
   <trkpt lat="27.7227470" lon="85.3212900">
    <ele>1305.0</ele>
    <time>2025-10-25T01:15:58Z</time>
    <extensions>
     <gpxtpx:TrackPointExtension>
      <gpxtpx:hr>167</gpxtpx:hr>
     </gpxtpx:TrackPointExtension>
    </extensions>
   </trkpt>
   <trkpt lat="27.7227450" lon="85.3212620">
    <ele>1305.0</ele>
    <time>2025-10-25T01:15:59Z</time>
    <extensions>
     <gpxtpx:TrackPointExtension>
      <gpxtpx:hr>167</gpxtpx:hr>
     </gpxtpx:TrackPointExtension>
    </extensions>
   </trkpt>
   <trkpt lat="27.7227430" lon="85.3212350">
    <ele>1305.0</ele>
    <time>2025-10-25T01:16:00Z</time>
    <extensions>
     <gpxtpx:TrackPointExtension>
      <gpxtpx:hr>167</gpxtpx:hr>
     </gpxtpx:TrackPointExtension>
    </extensions>
   </trkpt>
   <trkpt lat="27.7227380" lon="85.3212100">
    <ele>1304.8</ele>
    <time>2025-10-25T01:16:01Z</time>
    <extensions>
     <gpxtpx:TrackPointExtension>
      <gpxtpx:hr>167</gpxtpx:hr>
     </gpxtpx:TrackPointExtension>
    </extensions>
   </trkpt>
   <trkpt lat="27.7227310" lon="85.3211890">
    <ele>1304.8</ele>
    <time>2025-10-25T01:16:02Z</time>
    <extensions>
     <gpxtpx:TrackPointExtension>
      <gpxtpx:hr>167</gpxtpx:hr>
     </gpxtpx:TrackPointExtension>
    </extensions>
   </trkpt>
   <trkpt lat="27.7227210" lon="85.3211710">
    <ele>1304.8</ele>
    <time>2025-10-25T01:16:03Z</time>
    <extensions>
     <gpxtpx:TrackPointExtension>
      <gpxtpx:hr>167</gpxtpx:hr>
     </gpxtpx:TrackPointExtension>
    </extensions>
   </trkpt>
   <trkpt lat="27.7227060" lon="85.3211560">
    <ele>1304.8</ele>
    <time>2025-10-25T01:16:04Z</time>
    <extensions>
     <gpxtpx:TrackPointExtension>
      <gpxtpx:hr>167</gpxtpx:hr>
     </gpxtpx:TrackPointExtension>
    </extensions>
   </trkpt>
   <trkpt lat="27.7226870" lon="85.3211410">
    <ele>1304.6</ele>
    <time>2025-10-25T01:16:05Z</time>
    <extensions>
     <gpxtpx:TrackPointExtension>
      <gpxtpx:hr>167</gpxtpx:hr>
     </gpxtpx:TrackPointExtension>
    </extensions>
   </trkpt>
   <trkpt lat="27.7226660" lon="85.3211270">
    <ele>1304.6</ele>
    <time>2025-10-25T01:16:06Z</time>
    <extensions>
     <gpxtpx:TrackPointExtension>
      <gpxtpx:hr>167</gpxtpx:hr>
     </gpxtpx:TrackPointExtension>
    </extensions>
   </trkpt>
   <trkpt lat="27.7226440" lon="85.3211140">
    <ele>1304.6</ele>
    <time>2025-10-25T01:16:07Z</time>
    <extensions>
     <gpxtpx:TrackPointExtension>
      <gpxtpx:hr>167</gpxtpx:hr>
     </gpxtpx:TrackPointExtension>
    </extensions>
   </trkpt>
   <trkpt lat="27.7226210" lon="85.3211000">
    <ele>1304.6</ele>
    <time>2025-10-25T01:16:08Z</time>
    <extensions>
     <gpxtpx:TrackPointExtension>
      <gpxtpx:hr>167</gpxtpx:hr>
     </gpxtpx:TrackPointExtension>
    </extensions>
   </trkpt>
   <trkpt lat="27.7225990" lon="85.3210850">
    <ele>1304.6</ele>
    <time>2025-10-25T01:16:09Z</time>
    <extensions>
     <gpxtpx:TrackPointExtension>
      <gpxtpx:hr>167</gpxtpx:hr>
     </gpxtpx:TrackPointExtension>
    </extensions>
   </trkpt>
   <trkpt lat="27.7225760" lon="85.3210710">
    <ele>1304.4</ele>
    <time>2025-10-25T01:16:10Z</time>
    <extensions>
     <gpxtpx:TrackPointExtension>
      <gpxtpx:hr>167</gpxtpx:hr>
     </gpxtpx:TrackPointExtension>
    </extensions>
   </trkpt>
   <trkpt lat="27.7225550" lon="85.3210560">
    <ele>1304.4</ele>
    <time>2025-10-25T01:16:11Z</time>
    <extensions>
     <gpxtpx:TrackPointExtension>
      <gpxtpx:hr>167</gpxtpx:hr>
     </gpxtpx:TrackPointExtension>
    </extensions>
   </trkpt>
   <trkpt lat="27.7225330" lon="85.3210400">
    <ele>1304.4</ele>
    <time>2025-10-25T01:16:12Z</time>
    <extensions>
     <gpxtpx:TrackPointExtension>
      <gpxtpx:hr>167</gpxtpx:hr>
     </gpxtpx:TrackPointExtension>
    </extensions>
   </trkpt>
   <trkpt lat="27.7225120" lon="85.3210250">
    <ele>1304.4</ele>
    <time>2025-10-25T01:16:13Z</time>
    <extensions>
     <gpxtpx:TrackPointExtension>
      <gpxtpx:hr>167</gpxtpx:hr>
     </gpxtpx:TrackPointExtension>
    </extensions>
   </trkpt>
   <trkpt lat="27.7224920" lon="85.3210090">
    <ele>1304.4</ele>
    <time>2025-10-25T01:16:14Z</time>
    <extensions>
     <gpxtpx:TrackPointExtension>
      <gpxtpx:hr>167</gpxtpx:hr>
     </gpxtpx:TrackPointExtension>
    </extensions>
   </trkpt>
   <trkpt lat="27.7224720" lon="85.3209920">
    <ele>1304.4</ele>
    <time>2025-10-25T01:16:15Z</time>
    <extensions>
     <gpxtpx:TrackPointExtension>
      <gpxtpx:hr>167</gpxtpx:hr>
     </gpxtpx:TrackPointExtension>
    </extensions>
   </trkpt>
   <trkpt lat="27.7224510" lon="85.3209740">
    <ele>1304.4</ele>
    <time>2025-10-25T01:16:16Z</time>
    <extensions>
     <gpxtpx:TrackPointExtension>
      <gpxtpx:hr>167</gpxtpx:hr>
     </gpxtpx:TrackPointExtension>
    </extensions>
   </trkpt>
   <trkpt lat="27.7224300" lon="85.3209570">
    <ele>1304.4</ele>
    <time>2025-10-25T01:16:17Z</time>
    <extensions>
     <gpxtpx:TrackPointExtension>
      <gpxtpx:hr>167</gpxtpx:hr>
     </gpxtpx:TrackPointExtension>
    </extensions>
   </trkpt>
   <trkpt lat="27.7224090" lon="85.3209410">
    <ele>1304.4</ele>
    <time>2025-10-25T01:16:18Z</time>
    <extensions>
     <gpxtpx:TrackPointExtension>
      <gpxtpx:hr>167</gpxtpx:hr>
     </gpxtpx:TrackPointExtension>
    </extensions>
   </trkpt>
   <trkpt lat="27.7223870" lon="85.3209250">
    <ele>1304.4</ele>
    <time>2025-10-25T01:16:19Z</time>
    <extensions>
     <gpxtpx:TrackPointExtension>
      <gpxtpx:hr>167</gpxtpx:hr>
     </gpxtpx:TrackPointExtension>
    </extensions>
   </trkpt>
   <trkpt lat="27.7223660" lon="85.3209100">
    <ele>1304.4</ele>
    <time>2025-10-25T01:16:20Z</time>
    <extensions>
     <gpxtpx:TrackPointExtension>
      <gpxtpx:hr>167</gpxtpx:hr>
     </gpxtpx:TrackPointExtension>
    </extensions>
   </trkpt>
   <trkpt lat="27.7223440" lon="85.3208940">
    <ele>1304.4</ele>
    <time>2025-10-25T01:16:21Z</time>
    <extensions>
     <gpxtpx:TrackPointExtension>
      <gpxtpx:hr>167</gpxtpx:hr>
     </gpxtpx:TrackPointExtension>
    </extensions>
   </trkpt>
   <trkpt lat="27.7223210" lon="85.3208790">
    <ele>1304.4</ele>
    <time>2025-10-25T01:16:22Z</time>
    <extensions>
     <gpxtpx:TrackPointExtension>
      <gpxtpx:hr>167</gpxtpx:hr>
     </gpxtpx:TrackPointExtension>
    </extensions>
   </trkpt>
   <trkpt lat="27.7222990" lon="85.3208650">
    <ele>1304.4</ele>
    <time>2025-10-25T01:16:23Z</time>
    <extensions>
     <gpxtpx:TrackPointExtension>
      <gpxtpx:hr>167</gpxtpx:hr>
     </gpxtpx:TrackPointExtension>
    </extensions>
   </trkpt>
   <trkpt lat="27.7222770" lon="85.3208500">
    <ele>1304.4</ele>
    <time>2025-10-25T01:16:24Z</time>
    <extensions>
     <gpxtpx:TrackPointExtension>
      <gpxtpx:hr>167</gpxtpx:hr>
     </gpxtpx:TrackPointExtension>
    </extensions>
   </trkpt>
   <trkpt lat="27.7222550" lon="85.3208360">
    <ele>1304.4</ele>
    <time>2025-10-25T01:16:25Z</time>
    <extensions>
     <gpxtpx:TrackPointExtension>
      <gpxtpx:hr>167</gpxtpx:hr>
     </gpxtpx:TrackPointExtension>
    </extensions>
   </trkpt>
   <trkpt lat="27.7222330" lon="85.3208210">
    <ele>1304.4</ele>
    <time>2025-10-25T01:16:26Z</time>
    <extensions>
     <gpxtpx:TrackPointExtension>
      <gpxtpx:hr>167</gpxtpx:hr>
     </gpxtpx:TrackPointExtension>
    </extensions>
   </trkpt>
   <trkpt lat="27.7222120" lon="85.3208070">
    <ele>1304.4</ele>
    <time>2025-10-25T01:16:27Z</time>
    <extensions>
     <gpxtpx:TrackPointExtension>
      <gpxtpx:hr>167</gpxtpx:hr>
     </gpxtpx:TrackPointExtension>
    </extensions>
   </trkpt>
   <trkpt lat="27.7221910" lon="85.3207910">
    <ele>1304.4</ele>
    <time>2025-10-25T01:16:28Z</time>
    <extensions>
     <gpxtpx:TrackPointExtension>
      <gpxtpx:hr>167</gpxtpx:hr>
     </gpxtpx:TrackPointExtension>
    </extensions>
   </trkpt>
   <trkpt lat="27.7221710" lon="85.3207760">
    <ele>1304.4</ele>
    <time>2025-10-25T01:16:29Z</time>
    <extensions>
     <gpxtpx:TrackPointExtension>
      <gpxtpx:hr>167</gpxtpx:hr>
     </gpxtpx:TrackPointExtension>
    </extensions>
   </trkpt>
   <trkpt lat="27.7221500" lon="85.3207610">
    <ele>1304.4</ele>
    <time>2025-10-25T01:16:30Z</time>
    <extensions>
     <gpxtpx:TrackPointExtension>
      <gpxtpx:hr>167</gpxtpx:hr>
     </gpxtpx:TrackPointExtension>
    </extensions>
   </trkpt>
   <trkpt lat="27.7221290" lon="85.3207450">
    <ele>1304.4</ele>
    <time>2025-10-25T01:16:31Z</time>
    <extensions>
     <gpxtpx:TrackPointExtension>
      <gpxtpx:hr>167</gpxtpx:hr>
     </gpxtpx:TrackPointExtension>
    </extensions>
   </trkpt>
   <trkpt lat="27.7221080" lon="85.3207300">
    <ele>1304.4</ele>
    <time>2025-10-25T01:16:32Z</time>
    <extensions>
     <gpxtpx:TrackPointExtension>
      <gpxtpx:hr>167</gpxtpx:hr>
     </gpxtpx:TrackPointExtension>
    </extensions>
   </trkpt>
   <trkpt lat="27.7220880" lon="85.3207150">
    <ele>1304.4</ele>
    <time>2025-10-25T01:16:33Z</time>
    <extensions>
     <gpxtpx:TrackPointExtension>
      <gpxtpx:hr>167</gpxtpx:hr>
     </gpxtpx:TrackPointExtension>
    </extensions>
   </trkpt>
   <trkpt lat="27.7220680" lon="85.3207010">
    <ele>1304.4</ele>
    <time>2025-10-25T01:16:34Z</time>
    <extensions>
     <gpxtpx:TrackPointExtension>
      <gpxtpx:hr>167</gpxtpx:hr>
     </gpxtpx:TrackPointExtension>
    </extensions>
   </trkpt>
   <trkpt lat="27.7220480" lon="85.3206860">
    <ele>1304.4</ele>
    <time>2025-10-25T01:16:35Z</time>
    <extensions>
     <gpxtpx:TrackPointExtension>
      <gpxtpx:hr>167</gpxtpx:hr>
     </gpxtpx:TrackPointExtension>
    </extensions>
   </trkpt>
   <trkpt lat="27.7220270" lon="85.3206710">
    <ele>1304.4</ele>
    <time>2025-10-25T01:16:36Z</time>
    <extensions>
     <gpxtpx:TrackPointExtension>
      <gpxtpx:hr>167</gpxtpx:hr>
     </gpxtpx:TrackPointExtension>
    </extensions>
   </trkpt>
   <trkpt lat="27.7220050" lon="85.3206550">
    <ele>1304.6</ele>
    <time>2025-10-25T01:16:37Z</time>
    <extensions>
     <gpxtpx:TrackPointExtension>
      <gpxtpx:hr>167</gpxtpx:hr>
     </gpxtpx:TrackPointExtension>
    </extensions>
   </trkpt>
   <trkpt lat="27.7219810" lon="85.3206380">
    <ele>1304.6</ele>
    <time>2025-10-25T01:16:38Z</time>
    <extensions>
     <gpxtpx:TrackPointExtension>
      <gpxtpx:hr>167</gpxtpx:hr>
     </gpxtpx:TrackPointExtension>
    </extensions>
   </trkpt>
   <trkpt lat="27.7219580" lon="85.3206220">
    <ele>1304.6</ele>
    <time>2025-10-25T01:16:39Z</time>
    <extensions>
     <gpxtpx:TrackPointExtension>
      <gpxtpx:hr>167</gpxtpx:hr>
     </gpxtpx:TrackPointExtension>
    </extensions>
   </trkpt>
   <trkpt lat="27.7219350" lon="85.3206060">
    <ele>1304.6</ele>
    <time>2025-10-25T01:16:40Z</time>
    <extensions>
     <gpxtpx:TrackPointExtension>
      <gpxtpx:hr>167</gpxtpx:hr>
     </gpxtpx:TrackPointExtension>
    </extensions>
   </trkpt>
   <trkpt lat="27.7219120" lon="85.3205900">
    <ele>1304.6</ele>
    <time>2025-10-25T01:16:41Z</time>
    <extensions>
     <gpxtpx:TrackPointExtension>
      <gpxtpx:hr>167</gpxtpx:hr>
     </gpxtpx:TrackPointExtension>
    </extensions>
   </trkpt>
   <trkpt lat="27.7218890" lon="85.3205750">
    <ele>1304.8</ele>
    <time>2025-10-25T01:16:42Z</time>
    <extensions>
     <gpxtpx:TrackPointExtension>
      <gpxtpx:hr>167</gpxtpx:hr>
     </gpxtpx:TrackPointExtension>
    </extensions>
   </trkpt>
   <trkpt lat="27.7218680" lon="85.3205610">
    <ele>1304.8</ele>
    <time>2025-10-25T01:16:43Z</time>
    <extensions>
     <gpxtpx:TrackPointExtension>
      <gpxtpx:hr>167</gpxtpx:hr>
     </gpxtpx:TrackPointExtension>
    </extensions>
   </trkpt>
   <trkpt lat="27.7218460" lon="85.3205470">
    <ele>1304.8</ele>
    <time>2025-10-25T01:16:44Z</time>
    <extensions>
     <gpxtpx:TrackPointExtension>
      <gpxtpx:hr>167</gpxtpx:hr>
     </gpxtpx:TrackPointExtension>
    </extensions>
   </trkpt>
   <trkpt lat="27.7218250" lon="85.3205340">
    <ele>1304.8</ele>
    <time>2025-10-25T01:16:45Z</time>
    <extensions>
     <gpxtpx:TrackPointExtension>
      <gpxtpx:hr>167</gpxtpx:hr>
     </gpxtpx:TrackPointExtension>
    </extensions>
   </trkpt>
   <trkpt lat="27.7218030" lon="85.3205190">
    <ele>1305.0</ele>
    <time>2025-10-25T01:16:46Z</time>
    <extensions>
     <gpxtpx:TrackPointExtension>
      <gpxtpx:hr>167</gpxtpx:hr>
     </gpxtpx:TrackPointExtension>
    </extensions>
   </trkpt>
   <trkpt lat="27.7217800" lon="85.3205040">
    <ele>1305.0</ele>
    <time>2025-10-25T01:16:47Z</time>
    <extensions>
     <gpxtpx:TrackPointExtension>
      <gpxtpx:hr>167</gpxtpx:hr>
     </gpxtpx:TrackPointExtension>
    </extensions>
   </trkpt>
   <trkpt lat="27.7217570" lon="85.3204880">
    <ele>1305.0</ele>
    <time>2025-10-25T01:16:48Z</time>
    <extensions>
     <gpxtpx:TrackPointExtension>
      <gpxtpx:hr>167</gpxtpx:hr>
     </gpxtpx:TrackPointExtension>
    </extensions>
   </trkpt>
   <trkpt lat="27.7217330" lon="85.3204710">
    <ele>1305.2</ele>
    <time>2025-10-25T01:16:49Z</time>
    <extensions>
     <gpxtpx:TrackPointExtension>
      <gpxtpx:hr>167</gpxtpx:hr>
     </gpxtpx:TrackPointExtension>
    </extensions>
   </trkpt>
   <trkpt lat="27.7217100" lon="85.3204540">
    <ele>1305.2</ele>
    <time>2025-10-25T01:16:50Z</time>
    <extensions>
     <gpxtpx:TrackPointExtension>
      <gpxtpx:hr>167</gpxtpx:hr>
     </gpxtpx:TrackPointExtension>
    </extensions>
   </trkpt>
   <trkpt lat="27.7216870" lon="85.3204370">
    <ele>1305.2</ele>
    <time>2025-10-25T01:16:51Z</time>
    <extensions>
     <gpxtpx:TrackPointExtension>
      <gpxtpx:hr>167</gpxtpx:hr>
     </gpxtpx:TrackPointExtension>
    </extensions>
   </trkpt>
   <trkpt lat="27.7216640" lon="85.3204200">
    <ele>1305.4</ele>
    <time>2025-10-25T01:16:52Z</time>
    <extensions>
     <gpxtpx:TrackPointExtension>
      <gpxtpx:hr>167</gpxtpx:hr>
     </gpxtpx:TrackPointExtension>
    </extensions>
   </trkpt>
   <trkpt lat="27.7216410" lon="85.3204040">
    <ele>1305.4</ele>
    <time>2025-10-25T01:16:53Z</time>
    <extensions>
     <gpxtpx:TrackPointExtension>
      <gpxtpx:hr>167</gpxtpx:hr>
     </gpxtpx:TrackPointExtension>
    </extensions>
   </trkpt>
   <trkpt lat="27.7216190" lon="85.3203880">
    <ele>1305.4</ele>
    <time>2025-10-25T01:16:54Z</time>
    <extensions>
     <gpxtpx:TrackPointExtension>
      <gpxtpx:hr>167</gpxtpx:hr>
     </gpxtpx:TrackPointExtension>
    </extensions>
   </trkpt>
   <trkpt lat="27.7215960" lon="85.3203730">
    <ele>1305.6</ele>
    <time>2025-10-25T01:16:55Z</time>
    <extensions>
     <gpxtpx:TrackPointExtension>
      <gpxtpx:hr>167</gpxtpx:hr>
     </gpxtpx:TrackPointExtension>
    </extensions>
   </trkpt>
   <trkpt lat="27.7215740" lon="85.3203570">
    <ele>1305.6</ele>
    <time>2025-10-25T01:16:56Z</time>
    <extensions>
     <gpxtpx:TrackPointExtension>
      <gpxtpx:hr>167</gpxtpx:hr>
     </gpxtpx:TrackPointExtension>
    </extensions>
   </trkpt>
   <trkpt lat="27.7215510" lon="85.3203410">
    <ele>1305.6</ele>
    <time>2025-10-25T01:16:57Z</time>
    <extensions>
     <gpxtpx:TrackPointExtension>
      <gpxtpx:hr>167</gpxtpx:hr>
     </gpxtpx:TrackPointExtension>
    </extensions>
   </trkpt>
   <trkpt lat="27.7215290" lon="85.3203250">
    <ele>1305.6</ele>
    <time>2025-10-25T01:16:58Z</time>
    <extensions>
     <gpxtpx:TrackPointExtension>
      <gpxtpx:hr>167</gpxtpx:hr>
     </gpxtpx:TrackPointExtension>
    </extensions>
   </trkpt>
   <trkpt lat="27.7215070" lon="85.3203090">
    <ele>1305.6</ele>
    <time>2025-10-25T01:16:59Z</time>
    <extensions>
     <gpxtpx:TrackPointExtension>
      <gpxtpx:hr>167</gpxtpx:hr>
     </gpxtpx:TrackPointExtension>
    </extensions>
   </trkpt>
   <trkpt lat="27.7214850" lon="85.3202920">
    <ele>1305.8</ele>
    <time>2025-10-25T01:17:00Z</time>
    <extensions>
     <gpxtpx:TrackPointExtension>
      <gpxtpx:hr>167</gpxtpx:hr>
     </gpxtpx:TrackPointExtension>
    </extensions>
   </trkpt>
   <trkpt lat="27.7214640" lon="85.3202760">
    <ele>1305.8</ele>
    <time>2025-10-25T01:17:01Z</time>
    <extensions>
     <gpxtpx:TrackPointExtension>
      <gpxtpx:hr>167</gpxtpx:hr>
     </gpxtpx:TrackPointExtension>
    </extensions>
   </trkpt>
   <trkpt lat="27.7214440" lon="85.3202600">
    <ele>1305.8</ele>
    <time>2025-10-25T01:17:02Z</time>
    <extensions>
     <gpxtpx:TrackPointExtension>
      <gpxtpx:hr>167</gpxtpx:hr>
     </gpxtpx:TrackPointExtension>
    </extensions>
   </trkpt>
   <trkpt lat="27.7214250" lon="85.3202450">
    <ele>1305.8</ele>
    <time>2025-10-25T01:17:03Z</time>
    <extensions>
     <gpxtpx:TrackPointExtension>
      <gpxtpx:hr>167</gpxtpx:hr>
     </gpxtpx:TrackPointExtension>
    </extensions>
   </trkpt>
   <trkpt lat="27.7214060" lon="85.3202300">
    <ele>1305.8</ele>
    <time>2025-10-25T01:17:04Z</time>
    <extensions>
     <gpxtpx:TrackPointExtension>
      <gpxtpx:hr>167</gpxtpx:hr>
     </gpxtpx:TrackPointExtension>
    </extensions>
   </trkpt>
   <trkpt lat="27.7213870" lon="85.3202160">
    <ele>1305.8</ele>
    <time>2025-10-25T01:17:05Z</time>
    <extensions>
     <gpxtpx:TrackPointExtension>
      <gpxtpx:hr>167</gpxtpx:hr>
     </gpxtpx:TrackPointExtension>
    </extensions>
   </trkpt>
   <trkpt lat="27.7213660" lon="85.3202020">
    <ele>1305.8</ele>
    <time>2025-10-25T01:17:06Z</time>
    <extensions>
     <gpxtpx:TrackPointExtension>
      <gpxtpx:hr>167</gpxtpx:hr>
     </gpxtpx:TrackPointExtension>
    </extensions>
   </trkpt>
   <trkpt lat="27.7213450" lon="85.3201880">
    <ele>1306.0</ele>
    <time>2025-10-25T01:17:07Z</time>
    <extensions>
     <gpxtpx:TrackPointExtension>
      <gpxtpx:hr>167</gpxtpx:hr>
     </gpxtpx:TrackPointExtension>
    </extensions>
   </trkpt>
   <trkpt lat="27.7213230" lon="85.3201740">
    <ele>1306.0</ele>
    <time>2025-10-25T01:17:08Z</time>
    <extensions>
     <gpxtpx:TrackPointExtension>
      <gpxtpx:hr>167</gpxtpx:hr>
     </gpxtpx:TrackPointExtension>
    </extensions>
   </trkpt>
   <trkpt lat="27.7213000" lon="85.3201590">
    <ele>1306.0</ele>
    <time>2025-10-25T01:17:09Z</time>
    <extensions>
     <gpxtpx:TrackPointExtension>
      <gpxtpx:hr>167</gpxtpx:hr>
     </gpxtpx:TrackPointExtension>
    </extensions>
   </trkpt>
   <trkpt lat="27.7212780" lon="85.3201450">
    <ele>1306.0</ele>
    <time>2025-10-25T01:17:10Z</time>
    <extensions>
     <gpxtpx:TrackPointExtension>
      <gpxtpx:hr>167</gpxtpx:hr>
     </gpxtpx:TrackPointExtension>
    </extensions>
   </trkpt>
   <trkpt lat="27.7212560" lon="85.3201300">
    <ele>1306.0</ele>
    <time>2025-10-25T01:17:11Z</time>
    <extensions>
     <gpxtpx:TrackPointExtension>
      <gpxtpx:hr>167</gpxtpx:hr>
     </gpxtpx:TrackPointExtension>
    </extensions>
   </trkpt>
   <trkpt lat="27.7212350" lon="85.3201150">
    <ele>1306.0</ele>
    <time>2025-10-25T01:17:12Z</time>
    <extensions>
     <gpxtpx:TrackPointExtension>
      <gpxtpx:hr>167</gpxtpx:hr>
     </gpxtpx:TrackPointExtension>
    </extensions>
   </trkpt>
   <trkpt lat="27.7212140" lon="85.3201000">
    <ele>1306.0</ele>
    <time>2025-10-25T01:17:13Z</time>
    <extensions>
     <gpxtpx:TrackPointExtension>
      <gpxtpx:hr>167</gpxtpx:hr>
     </gpxtpx:TrackPointExtension>
    </extensions>
   </trkpt>
   <trkpt lat="27.7211930" lon="85.3200850">
    <ele>1306.0</ele>
    <time>2025-10-25T01:17:14Z</time>
    <extensions>
     <gpxtpx:TrackPointExtension>
      <gpxtpx:hr>167</gpxtpx:hr>
     </gpxtpx:TrackPointExtension>
    </extensions>
   </trkpt>
   <trkpt lat="27.7211720" lon="85.3200690">
    <ele>1306.0</ele>
    <time>2025-10-25T01:17:15Z</time>
    <extensions>
     <gpxtpx:TrackPointExtension>
      <gpxtpx:hr>167</gpxtpx:hr>
     </gpxtpx:TrackPointExtension>
    </extensions>
   </trkpt>
   <trkpt lat="27.7211520" lon="85.3200540">
    <ele>1306.0</ele>
    <time>2025-10-25T01:17:16Z</time>
    <extensions>
     <gpxtpx:TrackPointExtension>
      <gpxtpx:hr>167</gpxtpx:hr>
     </gpxtpx:TrackPointExtension>
    </extensions>
   </trkpt>
   <trkpt lat="27.7211320" lon="85.3200380">
    <ele>1306.0</ele>
    <time>2025-10-25T01:17:17Z</time>
    <extensions>
     <gpxtpx:TrackPointExtension>
      <gpxtpx:hr>167</gpxtpx:hr>
     </gpxtpx:TrackPointExtension>
    </extensions>
   </trkpt>
   <trkpt lat="27.7211110" lon="85.3200210">
    <ele>1306.0</ele>
    <time>2025-10-25T01:17:18Z</time>
    <extensions>
     <gpxtpx:TrackPointExtension>
      <gpxtpx:hr>167</gpxtpx:hr>
     </gpxtpx:TrackPointExtension>
    </extensions>
   </trkpt>
   <trkpt lat="27.7210910" lon="85.3200040">
    <ele>1306.0</ele>
    <time>2025-10-25T01:17:19Z</time>
    <extensions>
     <gpxtpx:TrackPointExtension>
      <gpxtpx:hr>167</gpxtpx:hr>
     </gpxtpx:TrackPointExtension>
    </extensions>
   </trkpt>
   <trkpt lat="27.7210700" lon="85.3199880">
    <ele>1306.0</ele>
    <time>2025-10-25T01:17:20Z</time>
    <extensions>
     <gpxtpx:TrackPointExtension>
      <gpxtpx:hr>167</gpxtpx:hr>
     </gpxtpx:TrackPointExtension>
    </extensions>
   </trkpt>
   <trkpt lat="27.7210510" lon="85.3199710">
    <ele>1306.0</ele>
    <time>2025-10-25T01:17:21Z</time>
    <extensions>
     <gpxtpx:TrackPointExtension>
      <gpxtpx:hr>167</gpxtpx:hr>
     </gpxtpx:TrackPointExtension>
    </extensions>
   </trkpt>
   <trkpt lat="27.7210310" lon="85.3199530">
    <ele>1306.0</ele>
    <time>2025-10-25T01:17:22Z</time>
    <extensions>
     <gpxtpx:TrackPointExtension>
      <gpxtpx:hr>167</gpxtpx:hr>
     </gpxtpx:TrackPointExtension>
    </extensions>
   </trkpt>
   <trkpt lat="27.7210120" lon="85.3199350">
    <ele>1306.0</ele>
    <time>2025-10-25T01:17:23Z</time>
    <extensions>
     <gpxtpx:TrackPointExtension>
      <gpxtpx:hr>167</gpxtpx:hr>
     </gpxtpx:TrackPointExtension>
    </extensions>
   </trkpt>
   <trkpt lat="27.7209930" lon="85.3199160">
    <ele>1306.0</ele>
    <time>2025-10-25T01:17:24Z</time>
    <extensions>
     <gpxtpx:TrackPointExtension>
      <gpxtpx:hr>167</gpxtpx:hr>
     </gpxtpx:TrackPointExtension>
    </extensions>
   </trkpt>
   <trkpt lat="27.7209750" lon="85.3198960">
    <ele>1306.0</ele>
    <time>2025-10-25T01:17:25Z</time>
    <extensions>
     <gpxtpx:TrackPointExtension>
      <gpxtpx:hr>167</gpxtpx:hr>
     </gpxtpx:TrackPointExtension>
    </extensions>
   </trkpt>
   <trkpt lat="27.7209580" lon="85.3198750">
    <ele>1306.0</ele>
    <time>2025-10-25T01:17:26Z</time>
    <extensions>
     <gpxtpx:TrackPointExtension>
      <gpxtpx:hr>167</gpxtpx:hr>
     </gpxtpx:TrackPointExtension>
    </extensions>
   </trkpt>
   <trkpt lat="27.7209410" lon="85.3198540">
    <ele>1306.0</ele>
    <time>2025-10-25T01:17:27Z</time>
    <extensions>
     <gpxtpx:TrackPointExtension>
      <gpxtpx:hr>167</gpxtpx:hr>
     </gpxtpx:TrackPointExtension>
    </extensions>
   </trkpt>
   <trkpt lat="27.7209230" lon="85.3198340">
    <ele>1306.2</ele>
    <time>2025-10-25T01:17:28Z</time>
    <extensions>
     <gpxtpx:TrackPointExtension>
      <gpxtpx:hr>167</gpxtpx:hr>
     </gpxtpx:TrackPointExtension>
    </extensions>
   </trkpt>
   <trkpt lat="27.7209060" lon="85.3198140">
    <ele>1306.2</ele>
    <time>2025-10-25T01:17:29Z</time>
    <extensions>
     <gpxtpx:TrackPointExtension>
      <gpxtpx:hr>167</gpxtpx:hr>
     </gpxtpx:TrackPointExtension>
    </extensions>
   </trkpt>
   <trkpt lat="27.7208890" lon="85.3197960">
    <ele>1306.2</ele>
    <time>2025-10-25T01:17:30Z</time>
    <extensions>
     <gpxtpx:TrackPointExtension>
      <gpxtpx:hr>167</gpxtpx:hr>
     </gpxtpx:TrackPointExtension>
    </extensions>
   </trkpt>
   <trkpt lat="27.7208710" lon="85.3197780">
    <ele>1306.2</ele>
    <time>2025-10-25T01:17:31Z</time>
    <extensions>
     <gpxtpx:TrackPointExtension>
      <gpxtpx:hr>167</gpxtpx:hr>
     </gpxtpx:TrackPointExtension>
    </extensions>
   </trkpt>
   <trkpt lat="27.7208530" lon="85.3197600">
    <ele>1306.2</ele>
    <time>2025-10-25T01:17:32Z</time>
    <extensions>
     <gpxtpx:TrackPointExtension>
      <gpxtpx:hr>167</gpxtpx:hr>
     </gpxtpx:TrackPointExtension>
    </extensions>
   </trkpt>
   <trkpt lat="27.7208340" lon="85.3197430">
    <ele>1306.2</ele>
    <time>2025-10-25T01:17:33Z</time>
    <extensions>
     <gpxtpx:TrackPointExtension>
      <gpxtpx:hr>167</gpxtpx:hr>
     </gpxtpx:TrackPointExtension>
    </extensions>
   </trkpt>
   <trkpt lat="27.7208140" lon="85.3197260">
    <ele>1306.2</ele>
    <time>2025-10-25T01:17:34Z</time>
    <extensions>
     <gpxtpx:TrackPointExtension>
      <gpxtpx:hr>167</gpxtpx:hr>
     </gpxtpx:TrackPointExtension>
    </extensions>
   </trkpt>
   <trkpt lat="27.7207930" lon="85.3197090">
    <ele>1306.2</ele>
    <time>2025-10-25T01:17:35Z</time>
    <extensions>
     <gpxtpx:TrackPointExtension>
      <gpxtpx:hr>167</gpxtpx:hr>
     </gpxtpx:TrackPointExtension>
    </extensions>
   </trkpt>
   <trkpt lat="27.7207710" lon="85.3196920">
    <ele>1306.2</ele>
    <time>2025-10-25T01:17:36Z</time>
    <extensions>
     <gpxtpx:TrackPointExtension>
      <gpxtpx:hr>167</gpxtpx:hr>
     </gpxtpx:TrackPointExtension>
    </extensions>
   </trkpt>
   <trkpt lat="27.7207500" lon="85.3196740">
    <ele>1306.2</ele>
    <time>2025-10-25T01:17:37Z</time>
    <extensions>
     <gpxtpx:TrackPointExtension>
      <gpxtpx:hr>167</gpxtpx:hr>
     </gpxtpx:TrackPointExtension>
    </extensions>
   </trkpt>
   <trkpt lat="27.7207290" lon="85.3196560">
    <ele>1306.2</ele>
    <time>2025-10-25T01:17:38Z</time>
    <extensions>
     <gpxtpx:TrackPointExtension>
      <gpxtpx:hr>167</gpxtpx:hr>
     </gpxtpx:TrackPointExtension>
    </extensions>
   </trkpt>
   <trkpt lat="27.7207090" lon="85.3196380">
    <ele>1306.2</ele>
    <time>2025-10-25T01:17:39Z</time>
    <extensions>
     <gpxtpx:TrackPointExtension>
      <gpxtpx:hr>167</gpxtpx:hr>
     </gpxtpx:TrackPointExtension>
    </extensions>
   </trkpt>
   <trkpt lat="27.7206890" lon="85.3196200">
    <ele>1306.2</ele>
    <time>2025-10-25T01:17:40Z</time>
    <extensions>
     <gpxtpx:TrackPointExtension>
      <gpxtpx:hr>167</gpxtpx:hr>
     </gpxtpx:TrackPointExtension>
    </extensions>
   </trkpt>
   <trkpt lat="27.7206700" lon="85.3196020">
    <ele>1306.2</ele>
    <time>2025-10-25T01:17:41Z</time>
    <extensions>
     <gpxtpx:TrackPointExtension>
      <gpxtpx:hr>167</gpxtpx:hr>
     </gpxtpx:TrackPointExtension>
    </extensions>
   </trkpt>
   <trkpt lat="27.7206500" lon="85.3195840">
    <ele>1306.2</ele>
    <time>2025-10-25T01:17:42Z</time>
    <extensions>
     <gpxtpx:TrackPointExtension>
      <gpxtpx:hr>167</gpxtpx:hr>
     </gpxtpx:TrackPointExtension>
    </extensions>
   </trkpt>
   <trkpt lat="27.7206300" lon="85.3195650">
    <ele>1306.2</ele>
    <time>2025-10-25T01:17:43Z</time>
    <extensions>
     <gpxtpx:TrackPointExtension>
      <gpxtpx:hr>167</gpxtpx:hr>
     </gpxtpx:TrackPointExtension>
    </extensions>
   </trkpt>
   <trkpt lat="27.7206100" lon="85.3195460">
    <ele>1306.2</ele>
    <time>2025-10-25T01:17:44Z</time>
    <extensions>
     <gpxtpx:TrackPointExtension>
      <gpxtpx:hr>167</gpxtpx:hr>
     </gpxtpx:TrackPointExtension>
    </extensions>
   </trkpt>
   <trkpt lat="27.7205890" lon="85.3195270">
    <ele>1306.2</ele>
    <time>2025-10-25T01:17:45Z</time>
    <extensions>
     <gpxtpx:TrackPointExtension>
      <gpxtpx:hr>167</gpxtpx:hr>
     </gpxtpx:TrackPointExtension>
    </extensions>
   </trkpt>
   <trkpt lat="27.7205690" lon="85.3195070">
    <ele>1306.4</ele>
    <time>2025-10-25T01:17:46Z</time>
    <extensions>
     <gpxtpx:TrackPointExtension>
      <gpxtpx:hr>167</gpxtpx:hr>
     </gpxtpx:TrackPointExtension>
    </extensions>
   </trkpt>
   <trkpt lat="27.7205500" lon="85.3194880">
    <ele>1306.4</ele>
    <time>2025-10-25T01:17:47Z</time>
    <extensions>
     <gpxtpx:TrackPointExtension>
      <gpxtpx:hr>167</gpxtpx:hr>
     </gpxtpx:TrackPointExtension>
    </extensions>
   </trkpt>
   <trkpt lat="27.7205320" lon="85.3194690">
    <ele>1306.4</ele>
    <time>2025-10-25T01:17:48Z</time>
    <extensions>
     <gpxtpx:TrackPointExtension>
      <gpxtpx:hr>167</gpxtpx:hr>
     </gpxtpx:TrackPointExtension>
    </extensions>
   </trkpt>
   <trkpt lat="27.7205150" lon="85.3194500">
    <ele>1306.4</ele>
    <time>2025-10-25T01:17:49Z</time>
    <extensions>
     <gpxtpx:TrackPointExtension>
      <gpxtpx:hr>167</gpxtpx:hr>
     </gpxtpx:TrackPointExtension>
    </extensions>
   </trkpt>
   <trkpt lat="27.7204980" lon="85.3194300">
    <ele>1306.4</ele>
    <time>2025-10-25T01:17:50Z</time>
    <extensions>
     <gpxtpx:TrackPointExtension>
      <gpxtpx:hr>167</gpxtpx:hr>
     </gpxtpx:TrackPointExtension>
    </extensions>
   </trkpt>
   <trkpt lat="27.7204810" lon="85.3194080">
    <ele>1306.4</ele>
    <time>2025-10-25T01:17:51Z</time>
    <extensions>
     <gpxtpx:TrackPointExtension>
      <gpxtpx:hr>167</gpxtpx:hr>
     </gpxtpx:TrackPointExtension>
    </extensions>
   </trkpt>
   <trkpt lat="27.7204640" lon="85.3193860">
    <ele>1306.4</ele>
    <time>2025-10-25T01:17:52Z</time>
    <extensions>
     <gpxtpx:TrackPointExtension>
      <gpxtpx:hr>167</gpxtpx:hr>
     </gpxtpx:TrackPointExtension>
    </extensions>
   </trkpt>
   <trkpt lat="27.7204470" lon="85.3193630">
    <ele>1306.6</ele>
    <time>2025-10-25T01:17:53Z</time>
    <extensions>
     <gpxtpx:TrackPointExtension>
      <gpxtpx:hr>167</gpxtpx:hr>
     </gpxtpx:TrackPointExtension>
    </extensions>
   </trkpt>
   <trkpt lat="27.7204290" lon="85.3193400">
    <ele>1306.6</ele>
    <time>2025-10-25T01:17:54Z</time>
    <extensions>
     <gpxtpx:TrackPointExtension>
      <gpxtpx:hr>167</gpxtpx:hr>
     </gpxtpx:TrackPointExtension>
    </extensions>
   </trkpt>
   <trkpt lat="27.7204120" lon="85.3193180">
    <ele>1306.6</ele>
    <time>2025-10-25T01:17:55Z</time>
    <extensions>
     <gpxtpx:TrackPointExtension>
      <gpxtpx:hr>167</gpxtpx:hr>
     </gpxtpx:TrackPointExtension>
    </extensions>
   </trkpt>
   <trkpt lat="27.7203950" lon="85.3192970">
    <ele>1306.6</ele>
    <time>2025-10-25T01:17:56Z</time>
    <extensions>
     <gpxtpx:TrackPointExtension>
      <gpxtpx:hr>167</gpxtpx:hr>
     </gpxtpx:TrackPointExtension>
    </extensions>
   </trkpt>
   <trkpt lat="27.7203770" lon="85.3192760">
    <ele>1306.6</ele>
    <time>2025-10-25T01:17:57Z</time>
    <extensions>
     <gpxtpx:TrackPointExtension>
      <gpxtpx:hr>167</gpxtpx:hr>
     </gpxtpx:TrackPointExtension>
    </extensions>
   </trkpt>
   <trkpt lat="27.7203600" lon="85.3192560">
    <ele>1306.6</ele>
    <time>2025-10-25T01:17:58Z</time>
    <extensions>
     <gpxtpx:TrackPointExtension>
      <gpxtpx:hr>167</gpxtpx:hr>
     </gpxtpx:TrackPointExtension>
    </extensions>
   </trkpt>
   <trkpt lat="27.7203420" lon="85.3192370">
    <ele>1306.6</ele>
    <time>2025-10-25T01:17:59Z</time>
    <extensions>
     <gpxtpx:TrackPointExtension>
      <gpxtpx:hr>167</gpxtpx:hr>
     </gpxtpx:TrackPointExtension>
    </extensions>
   </trkpt>
   <trkpt lat="27.7203240" lon="85.3192170">
    <ele>1306.6</ele>
    <time>2025-10-25T01:18:00Z</time>
    <extensions>
     <gpxtpx:TrackPointExtension>
      <gpxtpx:hr>167</gpxtpx:hr>
     </gpxtpx:TrackPointExtension>
    </extensions>
   </trkpt>
   <trkpt lat="27.7203050" lon="85.3191980">
    <ele>1306.6</ele>
    <time>2025-10-25T01:18:01Z</time>
    <extensions>
     <gpxtpx:TrackPointExtension>
      <gpxtpx:hr>167</gpxtpx:hr>
     </gpxtpx:TrackPointExtension>
    </extensions>
   </trkpt>
   <trkpt lat="27.7202860" lon="85.3191790">
    <ele>1306.6</ele>
    <time>2025-10-25T01:18:02Z</time>
    <extensions>
     <gpxtpx:TrackPointExtension>
      <gpxtpx:hr>167</gpxtpx:hr>
     </gpxtpx:TrackPointExtension>
    </extensions>
   </trkpt>
   <trkpt lat="27.7202670" lon="85.3191600">
    <ele>1306.6</ele>
    <time>2025-10-25T01:18:03Z</time>
    <extensions>
     <gpxtpx:TrackPointExtension>
      <gpxtpx:hr>167</gpxtpx:hr>
     </gpxtpx:TrackPointExtension>
    </extensions>
   </trkpt>
   <trkpt lat="27.7202480" lon="85.3191410">
    <ele>1306.6</ele>
    <time>2025-10-25T01:18:04Z</time>
    <extensions>
     <gpxtpx:TrackPointExtension>
      <gpxtpx:hr>167</gpxtpx:hr>
     </gpxtpx:TrackPointExtension>
    </extensions>
   </trkpt>
   <trkpt lat="27.7202290" lon="85.3191220">
    <ele>1306.6</ele>
    <time>2025-10-25T01:18:05Z</time>
    <extensions>
     <gpxtpx:TrackPointExtension>
      <gpxtpx:hr>167</gpxtpx:hr>
     </gpxtpx:TrackPointExtension>
    </extensions>
   </trkpt>
   <trkpt lat="27.7202100" lon="85.3191040">
    <ele>1306.6</ele>
    <time>2025-10-25T01:18:06Z</time>
    <extensions>
     <gpxtpx:TrackPointExtension>
      <gpxtpx:hr>167</gpxtpx:hr>
     </gpxtpx:TrackPointExtension>
    </extensions>
   </trkpt>
   <trkpt lat="27.7201910" lon="85.3190860">
    <ele>1306.6</ele>
    <time>2025-10-25T01:18:07Z</time>
    <extensions>
     <gpxtpx:TrackPointExtension>
      <gpxtpx:hr>167</gpxtpx:hr>
     </gpxtpx:TrackPointExtension>
    </extensions>
   </trkpt>
   <trkpt lat="27.7201710" lon="85.3190680">
    <ele>1306.6</ele>
    <time>2025-10-25T01:18:08Z</time>
    <extensions>
     <gpxtpx:TrackPointExtension>
      <gpxtpx:hr>167</gpxtpx:hr>
     </gpxtpx:TrackPointExtension>
    </extensions>
   </trkpt>
   <trkpt lat="27.7201510" lon="85.3190500">
    <ele>1306.6</ele>
    <time>2025-10-25T01:18:09Z</time>
    <extensions>
     <gpxtpx:TrackPointExtension>
      <gpxtpx:hr>167</gpxtpx:hr>
     </gpxtpx:TrackPointExtension>
    </extensions>
   </trkpt>
   <trkpt lat="27.7201310" lon="85.3190330">
    <ele>1306.6</ele>
    <time>2025-10-25T01:18:10Z</time>
    <extensions>
     <gpxtpx:TrackPointExtension>
      <gpxtpx:hr>167</gpxtpx:hr>
     </gpxtpx:TrackPointExtension>
    </extensions>
   </trkpt>
   <trkpt lat="27.7201110" lon="85.3190150">
    <ele>1306.6</ele>
    <time>2025-10-25T01:18:11Z</time>
    <extensions>
     <gpxtpx:TrackPointExtension>
      <gpxtpx:hr>167</gpxtpx:hr>
     </gpxtpx:TrackPointExtension>
    </extensions>
   </trkpt>
   <trkpt lat="27.7200910" lon="85.3189980">
    <ele>1306.6</ele>
    <time>2025-10-25T01:18:12Z</time>
    <extensions>
     <gpxtpx:TrackPointExtension>
      <gpxtpx:hr>167</gpxtpx:hr>
     </gpxtpx:TrackPointExtension>
    </extensions>
   </trkpt>
   <trkpt lat="27.7200720" lon="85.3189800">
    <ele>1306.6</ele>
    <time>2025-10-25T01:18:13Z</time>
    <extensions>
     <gpxtpx:TrackPointExtension>
      <gpxtpx:hr>167</gpxtpx:hr>
     </gpxtpx:TrackPointExtension>
    </extensions>
   </trkpt>
   <trkpt lat="27.7200520" lon="85.3189620">
    <ele>1306.6</ele>
    <time>2025-10-25T01:18:14Z</time>
    <extensions>
     <gpxtpx:TrackPointExtension>
      <gpxtpx:hr>167</gpxtpx:hr>
     </gpxtpx:TrackPointExtension>
    </extensions>
   </trkpt>
   <trkpt lat="27.7200320" lon="85.3189420">
    <ele>1306.6</ele>
    <time>2025-10-25T01:18:15Z</time>
    <extensions>
     <gpxtpx:TrackPointExtension>
      <gpxtpx:hr>167</gpxtpx:hr>
     </gpxtpx:TrackPointExtension>
    </extensions>
   </trkpt>
   <trkpt lat="27.7200100" lon="85.3189210">
    <ele>1306.6</ele>
    <time>2025-10-25T01:18:16Z</time>
    <extensions>
     <gpxtpx:TrackPointExtension>
      <gpxtpx:hr>167</gpxtpx:hr>
     </gpxtpx:TrackPointExtension>
    </extensions>
   </trkpt>
   <trkpt lat="27.7199870" lon="85.3189000">
    <ele>1306.6</ele>
    <time>2025-10-25T01:18:17Z</time>
    <extensions>
     <gpxtpx:TrackPointExtension>
      <gpxtpx:hr>167</gpxtpx:hr>
     </gpxtpx:TrackPointExtension>
    </extensions>
   </trkpt>
   <trkpt lat="27.7199640" lon="85.3188800">
    <ele>1306.6</ele>
    <time>2025-10-25T01:18:18Z</time>
    <extensions>
     <gpxtpx:TrackPointExtension>
      <gpxtpx:hr>167</gpxtpx:hr>
     </gpxtpx:TrackPointExtension>
    </extensions>
   </trkpt>
   <trkpt lat="27.7199410" lon="85.3188610">
    <ele>1306.6</ele>
    <time>2025-10-25T01:18:19Z</time>
    <extensions>
     <gpxtpx:TrackPointExtension>
      <gpxtpx:hr>167</gpxtpx:hr>
     </gpxtpx:TrackPointExtension>
    </extensions>
   </trkpt>
   <trkpt lat="27.7199190" lon="85.3188430">
    <ele>1306.6</ele>
    <time>2025-10-25T01:18:20Z</time>
    <extensions>
     <gpxtpx:TrackPointExtension>
      <gpxtpx:hr>167</gpxtpx:hr>
     </gpxtpx:TrackPointExtension>
    </extensions>
   </trkpt>
   <trkpt lat="27.7198970" lon="85.3188260">
    <ele>1306.6</ele>
    <time>2025-10-25T01:18:21Z</time>
    <extensions>
     <gpxtpx:TrackPointExtension>
      <gpxtpx:hr>167</gpxtpx:hr>
     </gpxtpx:TrackPointExtension>
    </extensions>
   </trkpt>
   <trkpt lat="27.7198750" lon="85.3188090">
    <ele>1306.6</ele>
    <time>2025-10-25T01:18:22Z</time>
    <extensions>
     <gpxtpx:TrackPointExtension>
      <gpxtpx:hr>167</gpxtpx:hr>
     </gpxtpx:TrackPointExtension>
    </extensions>
   </trkpt>
   <trkpt lat="27.7198540" lon="85.3187920">
    <ele>1306.6</ele>
    <time>2025-10-25T01:18:23Z</time>
    <extensions>
     <gpxtpx:TrackPointExtension>
      <gpxtpx:hr>167</gpxtpx:hr>
     </gpxtpx:TrackPointExtension>
    </extensions>
   </trkpt>
   <trkpt lat="27.7198330" lon="85.3187750">
    <ele>1306.6</ele>
    <time>2025-10-25T01:18:24Z</time>
    <extensions>
     <gpxtpx:TrackPointExtension>
      <gpxtpx:hr>167</gpxtpx:hr>
     </gpxtpx:TrackPointExtension>
    </extensions>
   </trkpt>
   <trkpt lat="27.7198120" lon="85.3187570">
    <ele>1306.6</ele>
    <time>2025-10-25T01:18:25Z</time>
    <extensions>
     <gpxtpx:TrackPointExtension>
      <gpxtpx:hr>167</gpxtpx:hr>
     </gpxtpx:TrackPointExtension>
    </extensions>
   </trkpt>
   <trkpt lat="27.7197900" lon="85.3187390">
    <ele>1306.6</ele>
    <time>2025-10-25T01:18:26Z</time>
    <extensions>
     <gpxtpx:TrackPointExtension>
      <gpxtpx:hr>167</gpxtpx:hr>
     </gpxtpx:TrackPointExtension>
    </extensions>
   </trkpt>
   <trkpt lat="27.7197670" lon="85.3187200">
    <ele>1306.6</ele>
    <time>2025-10-25T01:18:28Z</time>
    <extensions>
     <gpxtpx:TrackPointExtension>
      <gpxtpx:hr>167</gpxtpx:hr>
     </gpxtpx:TrackPointExtension>
    </extensions>
   </trkpt>
   <trkpt lat="27.7197460" lon="85.3187020">
    <ele>1306.6</ele>
    <time>2025-10-25T01:18:29Z</time>
    <extensions>
     <gpxtpx:TrackPointExtension>
      <gpxtpx:hr>167</gpxtpx:hr>
     </gpxtpx:TrackPointExtension>
    </extensions>
   </trkpt>
   <trkpt lat="27.7197250" lon="85.3186850">
    <ele>1306.6</ele>
    <time>2025-10-25T01:18:30Z</time>
    <extensions>
     <gpxtpx:TrackPointExtension>
      <gpxtpx:hr>167</gpxtpx:hr>
     </gpxtpx:TrackPointExtension>
    </extensions>
   </trkpt>
   <trkpt lat="27.7197040" lon="85.3186690">
    <ele>1306.6</ele>
    <time>2025-10-25T01:18:31Z</time>
    <extensions>
     <gpxtpx:TrackPointExtension>
      <gpxtpx:hr>167</gpxtpx:hr>
     </gpxtpx:TrackPointExtension>
    </extensions>
   </trkpt>
   <trkpt lat="27.7196850" lon="85.3186520">
    <ele>1306.8</ele>
    <time>2025-10-25T01:18:32Z</time>
    <extensions>
     <gpxtpx:TrackPointExtension>
      <gpxtpx:hr>167</gpxtpx:hr>
     </gpxtpx:TrackPointExtension>
    </extensions>
   </trkpt>
   <trkpt lat="27.7196640" lon="85.3186350">
    <ele>1306.8</ele>
    <time>2025-10-25T01:18:33Z</time>
    <extensions>
     <gpxtpx:TrackPointExtension>
      <gpxtpx:hr>167</gpxtpx:hr>
     </gpxtpx:TrackPointExtension>
    </extensions>
   </trkpt>
   <trkpt lat="27.7196440" lon="85.3186170">
    <ele>1306.8</ele>
    <time>2025-10-25T01:18:34Z</time>
    <extensions>
     <gpxtpx:TrackPointExtension>
      <gpxtpx:hr>167</gpxtpx:hr>
     </gpxtpx:TrackPointExtension>
    </extensions>
   </trkpt>
   <trkpt lat="27.7196240" lon="85.3185990">
    <ele>1306.8</ele>
    <time>2025-10-25T01:18:35Z</time>
    <extensions>
     <gpxtpx:TrackPointExtension>
      <gpxtpx:hr>167</gpxtpx:hr>
     </gpxtpx:TrackPointExtension>
    </extensions>
   </trkpt>
   <trkpt lat="27.7196030" lon="85.3185810">
    <ele>1306.8</ele>
    <time>2025-10-25T01:18:36Z</time>
    <extensions>
     <gpxtpx:TrackPointExtension>
      <gpxtpx:hr>167</gpxtpx:hr>
     </gpxtpx:TrackPointExtension>
    </extensions>
   </trkpt>
   <trkpt lat="27.7195830" lon="85.3185610">
    <ele>1306.8</ele>
    <time>2025-10-25T01:18:37Z</time>
    <extensions>
     <gpxtpx:TrackPointExtension>
      <gpxtpx:hr>167</gpxtpx:hr>
     </gpxtpx:TrackPointExtension>
    </extensions>
   </trkpt>
   <trkpt lat="27.7195610" lon="85.3185420">
    <ele>1306.8</ele>
    <time>2025-10-25T01:18:38Z</time>
    <extensions>
     <gpxtpx:TrackPointExtension>
      <gpxtpx:hr>167</gpxtpx:hr>
     </gpxtpx:TrackPointExtension>
    </extensions>
   </trkpt>
   <trkpt lat="27.7195400" lon="85.3185220">
    <ele>1306.8</ele>
    <time>2025-10-25T01:18:39Z</time>
    <extensions>
     <gpxtpx:TrackPointExtension>
      <gpxtpx:hr>167</gpxtpx:hr>
     </gpxtpx:TrackPointExtension>
    </extensions>
   </trkpt>
   <trkpt lat="27.7195180" lon="85.3185040">
    <ele>1306.8</ele>
    <time>2025-10-25T01:18:40Z</time>
    <extensions>
     <gpxtpx:TrackPointExtension>
      <gpxtpx:hr>167</gpxtpx:hr>
     </gpxtpx:TrackPointExtension>
    </extensions>
   </trkpt>
   <trkpt lat="27.7194960" lon="85.3184860">
    <ele>1306.6</ele>
    <time>2025-10-25T01:18:41Z</time>
    <extensions>
     <gpxtpx:TrackPointExtension>
      <gpxtpx:hr>167</gpxtpx:hr>
     </gpxtpx:TrackPointExtension>
    </extensions>
   </trkpt>
   <trkpt lat="27.7194750" lon="85.3184680">
    <ele>1306.6</ele>
    <time>2025-10-25T01:18:42Z</time>
    <extensions>
     <gpxtpx:TrackPointExtension>
      <gpxtpx:hr>167</gpxtpx:hr>
     </gpxtpx:TrackPointExtension>
    </extensions>
   </trkpt>
   <trkpt lat="27.7194550" lon="85.3184500">
    <ele>1306.6</ele>
    <time>2025-10-25T01:18:43Z</time>
    <extensions>
     <gpxtpx:TrackPointExtension>
      <gpxtpx:hr>167</gpxtpx:hr>
     </gpxtpx:TrackPointExtension>
    </extensions>
   </trkpt>
   <trkpt lat="27.7194340" lon="85.3184310">
    <ele>1306.6</ele>
    <time>2025-10-25T01:18:44Z</time>
    <extensions>
     <gpxtpx:TrackPointExtension>
      <gpxtpx:hr>167</gpxtpx:hr>
     </gpxtpx:TrackPointExtension>
    </extensions>
   </trkpt>
   <trkpt lat="27.7194140" lon="85.3184120">
    <ele>1306.6</ele>
    <time>2025-10-25T01:18:45Z</time>
    <extensions>
     <gpxtpx:TrackPointExtension>
      <gpxtpx:hr>167</gpxtpx:hr>
     </gpxtpx:TrackPointExtension>
    </extensions>
   </trkpt>
   <trkpt lat="27.7193930" lon="85.3183930">
    <ele>1306.6</ele>
    <time>2025-10-25T01:18:46Z</time>
    <extensions>
     <gpxtpx:TrackPointExtension>
      <gpxtpx:hr>167</gpxtpx:hr>
     </gpxtpx:TrackPointExtension>
    </extensions>
   </trkpt>
   <trkpt lat="27.7193720" lon="85.3183730">
    <ele>1306.6</ele>
    <time>2025-10-25T01:18:47Z</time>
    <extensions>
     <gpxtpx:TrackPointExtension>
      <gpxtpx:hr>167</gpxtpx:hr>
     </gpxtpx:TrackPointExtension>
    </extensions>
   </trkpt>
   <trkpt lat="27.7193520" lon="85.3183530">
    <ele>1306.4</ele>
    <time>2025-10-25T01:18:48Z</time>
    <extensions>
     <gpxtpx:TrackPointExtension>
      <gpxtpx:hr>167</gpxtpx:hr>
     </gpxtpx:TrackPointExtension>
    </extensions>
   </trkpt>
   <trkpt lat="27.7193320" lon="85.3183330">
    <ele>1306.4</ele>
    <time>2025-10-25T01:18:49Z</time>
    <extensions>
     <gpxtpx:TrackPointExtension>
      <gpxtpx:hr>167</gpxtpx:hr>
     </gpxtpx:TrackPointExtension>
    </extensions>
   </trkpt>
   <trkpt lat="27.7193120" lon="85.3183130">
    <ele>1306.4</ele>
    <time>2025-10-25T01:18:50Z</time>
    <extensions>
     <gpxtpx:TrackPointExtension>
      <gpxtpx:hr>167</gpxtpx:hr>
     </gpxtpx:TrackPointExtension>
    </extensions>
   </trkpt>
   <trkpt lat="27.7192920" lon="85.3182930">
    <ele>1306.4</ele>
    <time>2025-10-25T01:18:51Z</time>
    <extensions>
     <gpxtpx:TrackPointExtension>
      <gpxtpx:hr>167</gpxtpx:hr>
     </gpxtpx:TrackPointExtension>
    </extensions>
   </trkpt>
   <trkpt lat="27.7192720" lon="85.3182730">
    <ele>1306.4</ele>
    <time>2025-10-25T01:18:52Z</time>
    <extensions>
     <gpxtpx:TrackPointExtension>
      <gpxtpx:hr>167</gpxtpx:hr>
     </gpxtpx:TrackPointExtension>
    </extensions>
   </trkpt>
   <trkpt lat="27.7192520" lon="85.3182530">
    <ele>1306.4</ele>
    <time>2025-10-25T01:18:53Z</time>
    <extensions>
     <gpxtpx:TrackPointExtension>
      <gpxtpx:hr>167</gpxtpx:hr>
     </gpxtpx:TrackPointExtension>
    </extensions>
   </trkpt>
   <trkpt lat="27.7192330" lon="85.3182320">
    <ele>1306.4</ele>
    <time>2025-10-25T01:18:54Z</time>
    <extensions>
     <gpxtpx:TrackPointExtension>
      <gpxtpx:hr>167</gpxtpx:hr>
     </gpxtpx:TrackPointExtension>
    </extensions>
   </trkpt>
   <trkpt lat="27.7192140" lon="85.3182120">
    <ele>1306.4</ele>
    <time>2025-10-25T01:18:55Z</time>
    <extensions>
     <gpxtpx:TrackPointExtension>
      <gpxtpx:hr>167</gpxtpx:hr>
     </gpxtpx:TrackPointExtension>
    </extensions>
   </trkpt>
   <trkpt lat="27.7191950" lon="85.3181920">
    <ele>1306.4</ele>
    <time>2025-10-25T01:18:56Z</time>
    <extensions>
     <gpxtpx:TrackPointExtension>
      <gpxtpx:hr>167</gpxtpx:hr>
     </gpxtpx:TrackPointExtension>
    </extensions>
   </trkpt>
   <trkpt lat="27.7191760" lon="85.3181730">
    <ele>1306.4</ele>
    <time>2025-10-25T01:18:57Z</time>
    <extensions>
     <gpxtpx:TrackPointExtension>
      <gpxtpx:hr>167</gpxtpx:hr>
     </gpxtpx:TrackPointExtension>
    </extensions>
   </trkpt>
   <trkpt lat="27.7191560" lon="85.3181530">
    <ele>1306.4</ele>
    <time>2025-10-25T01:18:58Z</time>
    <extensions>
     <gpxtpx:TrackPointExtension>
      <gpxtpx:hr>167</gpxtpx:hr>
     </gpxtpx:TrackPointExtension>
    </extensions>
   </trkpt>
   <trkpt lat="27.7191370" lon="85.3181340">
    <ele>1306.4</ele>
    <time>2025-10-25T01:18:59Z</time>
    <extensions>
     <gpxtpx:TrackPointExtension>
      <gpxtpx:hr>167</gpxtpx:hr>
     </gpxtpx:TrackPointExtension>
    </extensions>
   </trkpt>
   <trkpt lat="27.7191160" lon="85.3181150">
    <ele>1306.4</ele>
    <time>2025-10-25T01:19:00Z</time>
    <extensions>
     <gpxtpx:TrackPointExtension>
      <gpxtpx:hr>167</gpxtpx:hr>
     </gpxtpx:TrackPointExtension>
    </extensions>
   </trkpt>
   <trkpt lat="27.7190950" lon="85.3180960">
    <ele>1306.4</ele>
    <time>2025-10-25T01:19:01Z</time>
    <extensions>
     <gpxtpx:TrackPointExtension>
      <gpxtpx:hr>167</gpxtpx:hr>
     </gpxtpx:TrackPointExtension>
    </extensions>
   </trkpt>
   <trkpt lat="27.7190740" lon="85.3180780">
    <ele>1306.4</ele>
    <time>2025-10-25T01:19:02Z</time>
    <extensions>
     <gpxtpx:TrackPointExtension>
      <gpxtpx:hr>167</gpxtpx:hr>
     </gpxtpx:TrackPointExtension>
    </extensions>
   </trkpt>
   <trkpt lat="27.7190520" lon="85.3180590">
    <ele>1306.4</ele>
    <time>2025-10-25T01:19:03Z</time>
    <extensions>
     <gpxtpx:TrackPointExtension>
      <gpxtpx:hr>167</gpxtpx:hr>
     </gpxtpx:TrackPointExtension>
    </extensions>
   </trkpt>
   <trkpt lat="27.7190310" lon="85.3180400">
    <ele>1306.4</ele>
    <time>2025-10-25T01:19:04Z</time>
    <extensions>
     <gpxtpx:TrackPointExtension>
      <gpxtpx:hr>167</gpxtpx:hr>
     </gpxtpx:TrackPointExtension>
    </extensions>
   </trkpt>
   <trkpt lat="27.7190090" lon="85.3180200">
    <ele>1306.4</ele>
    <time>2025-10-25T01:19:05Z</time>
    <extensions>
     <gpxtpx:TrackPointExtension>
      <gpxtpx:hr>167</gpxtpx:hr>
     </gpxtpx:TrackPointExtension>
    </extensions>
   </trkpt>
   <trkpt lat="27.7189870" lon="85.3180010">
    <ele>1306.4</ele>
    <time>2025-10-25T01:19:06Z</time>
    <extensions>
     <gpxtpx:TrackPointExtension>
      <gpxtpx:hr>167</gpxtpx:hr>
     </gpxtpx:TrackPointExtension>
    </extensions>
   </trkpt>
   <trkpt lat="27.7189660" lon="85.3179820">
    <ele>1306.4</ele>
    <time>2025-10-25T01:19:07Z</time>
    <extensions>
     <gpxtpx:TrackPointExtension>
      <gpxtpx:hr>167</gpxtpx:hr>
     </gpxtpx:TrackPointExtension>
    </extensions>
   </trkpt>
   <trkpt lat="27.7189450" lon="85.3179630">
    <ele>1306.4</ele>
    <time>2025-10-25T01:19:08Z</time>
    <extensions>
     <gpxtpx:TrackPointExtension>
      <gpxtpx:hr>167</gpxtpx:hr>
     </gpxtpx:TrackPointExtension>
    </extensions>
   </trkpt>
   <trkpt lat="27.7189250" lon="85.3179440">
    <ele>1306.4</ele>
    <time>2025-10-25T01:19:09Z</time>
    <extensions>
     <gpxtpx:TrackPointExtension>
      <gpxtpx:hr>164</gpxtpx:hr>
     </gpxtpx:TrackPointExtension>
    </extensions>
   </trkpt>
   <trkpt lat="27.7189050" lon="85.3179260">
    <ele>1306.4</ele>
    <time>2025-10-25T01:19:10Z</time>
    <extensions>
     <gpxtpx:TrackPointExtension>
      <gpxtpx:hr>164</gpxtpx:hr>
     </gpxtpx:TrackPointExtension>
    </extensions>
   </trkpt>
   <trkpt lat="27.7188840" lon="85.3179060">
    <ele>1306.4</ele>
    <time>2025-10-25T01:19:11Z</time>
    <extensions>
     <gpxtpx:TrackPointExtension>
      <gpxtpx:hr>164</gpxtpx:hr>
     </gpxtpx:TrackPointExtension>
    </extensions>
   </trkpt>
   <trkpt lat="27.7188420" lon="85.3178670">
    <ele>1306.4</ele>
    <time>2025-10-25T01:19:12Z</time>
    <extensions>
     <gpxtpx:TrackPointExtension>
      <gpxtpx:hr>164</gpxtpx:hr>
     </gpxtpx:TrackPointExtension>
    </extensions>
   </trkpt>
   <trkpt lat="27.7188210" lon="85.3178460">
    <ele>1306.2</ele>
    <time>2025-10-25T01:19:14Z</time>
    <extensions>
     <gpxtpx:TrackPointExtension>
      <gpxtpx:hr>164</gpxtpx:hr>
     </gpxtpx:TrackPointExtension>
    </extensions>
   </trkpt>
   <trkpt lat="27.7188000" lon="85.3178260">
    <ele>1306.2</ele>
    <time>2025-10-25T01:19:15Z</time>
    <extensions>
     <gpxtpx:TrackPointExtension>
      <gpxtpx:hr>164</gpxtpx:hr>
     </gpxtpx:TrackPointExtension>
    </extensions>
   </trkpt>
   <trkpt lat="27.7187800" lon="85.3178060">
    <ele>1306.2</ele>
    <time>2025-10-25T01:19:16Z</time>
    <extensions>
     <gpxtpx:TrackPointExtension>
      <gpxtpx:hr>164</gpxtpx:hr>
     </gpxtpx:TrackPointExtension>
    </extensions>
   </trkpt>
   <trkpt lat="27.7187590" lon="85.3177860">
    <ele>1306.2</ele>
    <time>2025-10-25T01:19:17Z</time>
    <extensions>
     <gpxtpx:TrackPointExtension>
      <gpxtpx:hr>165</gpxtpx:hr>
     </gpxtpx:TrackPointExtension>
    </extensions>
   </trkpt>
   <trkpt lat="27.7187380" lon="85.3177660">
    <ele>1306.2</ele>
    <time>2025-10-25T01:19:18Z</time>
    <extensions>
     <gpxtpx:TrackPointExtension>
      <gpxtpx:hr>165</gpxtpx:hr>
     </gpxtpx:TrackPointExtension>
    </extensions>
   </trkpt>
   <trkpt lat="27.7187170" lon="85.3177470">
    <ele>1306.2</ele>
    <time>2025-10-25T01:19:19Z</time>
    <extensions>
     <gpxtpx:TrackPointExtension>
      <gpxtpx:hr>165</gpxtpx:hr>
     </gpxtpx:TrackPointExtension>
    </extensions>
   </trkpt>
   <trkpt lat="27.7186960" lon="85.3177270">
    <ele>1306.2</ele>
    <time>2025-10-25T01:19:20Z</time>
    <extensions>
     <gpxtpx:TrackPointExtension>
      <gpxtpx:hr>165</gpxtpx:hr>
     </gpxtpx:TrackPointExtension>
    </extensions>
   </trkpt>
   <trkpt lat="27.7186750" lon="85.3177070">
    <ele>1306.2</ele>
    <time>2025-10-25T01:19:21Z</time>
    <extensions>
     <gpxtpx:TrackPointExtension>
      <gpxtpx:hr>165</gpxtpx:hr>
     </gpxtpx:TrackPointExtension>
    </extensions>
   </trkpt>
   <trkpt lat="27.7186550" lon="85.3176880">
    <ele>1306.2</ele>
    <time>2025-10-25T01:19:22Z</time>
    <extensions>
     <gpxtpx:TrackPointExtension>
      <gpxtpx:hr>165</gpxtpx:hr>
     </gpxtpx:TrackPointExtension>
    </extensions>
   </trkpt>
   <trkpt lat="27.7186340" lon="85.3176690">
    <ele>1306.2</ele>
    <time>2025-10-25T01:19:23Z</time>
    <extensions>
     <gpxtpx:TrackPointExtension>
      <gpxtpx:hr>165</gpxtpx:hr>
     </gpxtpx:TrackPointExtension>
    </extensions>
   </trkpt>
   <trkpt lat="27.7186130" lon="85.3176490">
    <ele>1306.2</ele>
    <time>2025-10-25T01:19:24Z</time>
    <extensions>
     <gpxtpx:TrackPointExtension>
      <gpxtpx:hr>165</gpxtpx:hr>
     </gpxtpx:TrackPointExtension>
    </extensions>
   </trkpt>
   <trkpt lat="27.7185930" lon="85.3176300">
    <ele>1306.2</ele>
    <time>2025-10-25T01:19:25Z</time>
    <extensions>
     <gpxtpx:TrackPointExtension>
      <gpxtpx:hr>165</gpxtpx:hr>
     </gpxtpx:TrackPointExtension>
    </extensions>
   </trkpt>
   <trkpt lat="27.7185730" lon="85.3176100">
    <ele>1306.2</ele>
    <time>2025-10-25T01:19:26Z</time>
    <extensions>
     <gpxtpx:TrackPointExtension>
      <gpxtpx:hr>165</gpxtpx:hr>
     </gpxtpx:TrackPointExtension>
    </extensions>
   </trkpt>
   <trkpt lat="27.7185520" lon="85.3175900">
    <ele>1306.2</ele>
    <time>2025-10-25T01:19:27Z</time>
    <extensions>
     <gpxtpx:TrackPointExtension>
      <gpxtpx:hr>165</gpxtpx:hr>
     </gpxtpx:TrackPointExtension>
    </extensions>
   </trkpt>
   <trkpt lat="27.7185320" lon="85.3175710">
    <ele>1306.2</ele>
    <time>2025-10-25T01:19:28Z</time>
    <extensions>
     <gpxtpx:TrackPointExtension>
      <gpxtpx:hr>166</gpxtpx:hr>
     </gpxtpx:TrackPointExtension>
    </extensions>
   </trkpt>
   <trkpt lat="27.7185110" lon="85.3175510">
    <ele>1306.2</ele>
    <time>2025-10-25T01:19:29Z</time>
    <extensions>
     <gpxtpx:TrackPointExtension>
      <gpxtpx:hr>166</gpxtpx:hr>
     </gpxtpx:TrackPointExtension>
    </extensions>
   </trkpt>
   <trkpt lat="27.7184900" lon="85.3175310">
    <ele>1306.2</ele>
    <time>2025-10-25T01:19:30Z</time>
    <extensions>
     <gpxtpx:TrackPointExtension>
      <gpxtpx:hr>166</gpxtpx:hr>
     </gpxtpx:TrackPointExtension>
    </extensions>
   </trkpt>
   <trkpt lat="27.7184680" lon="85.3175110">
    <ele>1306.2</ele>
    <time>2025-10-25T01:19:31Z</time>
    <extensions>
     <gpxtpx:TrackPointExtension>
      <gpxtpx:hr>166</gpxtpx:hr>
     </gpxtpx:TrackPointExtension>
    </extensions>
   </trkpt>
   <trkpt lat="27.7184470" lon="85.3174910">
    <ele>1306.2</ele>
    <time>2025-10-25T01:19:32Z</time>
    <extensions>
     <gpxtpx:TrackPointExtension>
      <gpxtpx:hr>166</gpxtpx:hr>
     </gpxtpx:TrackPointExtension>
    </extensions>
   </trkpt>
   <trkpt lat="27.7184250" lon="85.3174710">
    <ele>1306.0</ele>
    <time>2025-10-25T01:19:33Z</time>
    <extensions>
     <gpxtpx:TrackPointExtension>
      <gpxtpx:hr>166</gpxtpx:hr>
     </gpxtpx:TrackPointExtension>
    </extensions>
   </trkpt>
   <trkpt lat="27.7184040" lon="85.3174520">
    <ele>1306.0</ele>
    <time>2025-10-25T01:19:34Z</time>
    <extensions>
     <gpxtpx:TrackPointExtension>
      <gpxtpx:hr>166</gpxtpx:hr>
     </gpxtpx:TrackPointExtension>
    </extensions>
   </trkpt>
   <trkpt lat="27.7183830" lon="85.3174330">
    <ele>1306.0</ele>
    <time>2025-10-25T01:19:35Z</time>
    <extensions>
     <gpxtpx:TrackPointExtension>
      <gpxtpx:hr>166</gpxtpx:hr>
     </gpxtpx:TrackPointExtension>
    </extensions>
   </trkpt>
   <trkpt lat="27.7183610" lon="85.3174140">
    <ele>1306.0</ele>
    <time>2025-10-25T01:19:36Z</time>
    <extensions>
     <gpxtpx:TrackPointExtension>
      <gpxtpx:hr>166</gpxtpx:hr>
     </gpxtpx:TrackPointExtension>
    </extensions>
   </trkpt>
   <trkpt lat="27.7183390" lon="85.3173940">
    <ele>1306.0</ele>
    <time>2025-10-25T01:19:37Z</time>
    <extensions>
     <gpxtpx:TrackPointExtension>
      <gpxtpx:hr>166</gpxtpx:hr>
     </gpxtpx:TrackPointExtension>
    </extensions>
   </trkpt>
   <trkpt lat="27.7183180" lon="85.3173750">
    <ele>1306.0</ele>
    <time>2025-10-25T01:19:38Z</time>
    <extensions>
     <gpxtpx:TrackPointExtension>
      <gpxtpx:hr>166</gpxtpx:hr>
     </gpxtpx:TrackPointExtension>
    </extensions>
   </trkpt>
   <trkpt lat="27.7182960" lon="85.3173550">
    <ele>1306.0</ele>
    <time>2025-10-25T01:19:39Z</time>
    <extensions>
     <gpxtpx:TrackPointExtension>
      <gpxtpx:hr>166</gpxtpx:hr>
     </gpxtpx:TrackPointExtension>
    </extensions>
   </trkpt>
   <trkpt lat="27.7182750" lon="85.3173360">
    <ele>1306.0</ele>
    <time>2025-10-25T01:19:40Z</time>
    <extensions>
     <gpxtpx:TrackPointExtension>
      <gpxtpx:hr>166</gpxtpx:hr>
     </gpxtpx:TrackPointExtension>
    </extensions>
   </trkpt>
   <trkpt lat="27.7182530" lon="85.3173160">
    <ele>1306.0</ele>
    <time>2025-10-25T01:19:41Z</time>
    <extensions>
     <gpxtpx:TrackPointExtension>
      <gpxtpx:hr>166</gpxtpx:hr>
     </gpxtpx:TrackPointExtension>
    </extensions>
   </trkpt>
   <trkpt lat="27.7182300" lon="85.3172960">
    <ele>1306.0</ele>
    <time>2025-10-25T01:19:42Z</time>
    <extensions>
     <gpxtpx:TrackPointExtension>
      <gpxtpx:hr>166</gpxtpx:hr>
     </gpxtpx:TrackPointExtension>
    </extensions>
   </trkpt>
   <trkpt lat="27.7182080" lon="85.3172760">
    <ele>1306.0</ele>
    <time>2025-10-25T01:19:43Z</time>
    <extensions>
     <gpxtpx:TrackPointExtension>
      <gpxtpx:hr>166</gpxtpx:hr>
     </gpxtpx:TrackPointExtension>
    </extensions>
   </trkpt>
   <trkpt lat="27.7181870" lon="85.3172570">
    <ele>1306.0</ele>
    <time>2025-10-25T01:19:44Z</time>
    <extensions>
     <gpxtpx:TrackPointExtension>
      <gpxtpx:hr>166</gpxtpx:hr>
     </gpxtpx:TrackPointExtension>
    </extensions>
   </trkpt>
   <trkpt lat="27.7181660" lon="85.3172380">
    <ele>1306.0</ele>
    <time>2025-10-25T01:19:45Z</time>
    <extensions>
     <gpxtpx:TrackPointExtension>
      <gpxtpx:hr>166</gpxtpx:hr>
     </gpxtpx:TrackPointExtension>
    </extensions>
   </trkpt>
   <trkpt lat="27.7181440" lon="85.3172190">
    <ele>1306.0</ele>
    <time>2025-10-25T01:19:46Z</time>
    <extensions>
     <gpxtpx:TrackPointExtension>
      <gpxtpx:hr>166</gpxtpx:hr>
     </gpxtpx:TrackPointExtension>
    </extensions>
   </trkpt>
   <trkpt lat="27.7181230" lon="85.3172010">
    <ele>1306.0</ele>
    <time>2025-10-25T01:19:47Z</time>
    <extensions>
     <gpxtpx:TrackPointExtension>
      <gpxtpx:hr>166</gpxtpx:hr>
     </gpxtpx:TrackPointExtension>
    </extensions>
   </trkpt>
   <trkpt lat="27.7181020" lon="85.3171830">
    <ele>1306.0</ele>
    <time>2025-10-25T01:19:48Z</time>
    <extensions>
     <gpxtpx:TrackPointExtension>
      <gpxtpx:hr>166</gpxtpx:hr>
     </gpxtpx:TrackPointExtension>
    </extensions>
   </trkpt>
   <trkpt lat="27.7180820" lon="85.3171640">
    <ele>1306.0</ele>
    <time>2025-10-25T01:19:49Z</time>
    <extensions>
     <gpxtpx:TrackPointExtension>
      <gpxtpx:hr>166</gpxtpx:hr>
     </gpxtpx:TrackPointExtension>
    </extensions>
   </trkpt>
   <trkpt lat="27.7180610" lon="85.3171440">
    <ele>1306.0</ele>
    <time>2025-10-25T01:19:50Z</time>
    <extensions>
     <gpxtpx:TrackPointExtension>
      <gpxtpx:hr>166</gpxtpx:hr>
     </gpxtpx:TrackPointExtension>
    </extensions>
   </trkpt>
   <trkpt lat="27.7180410" lon="85.3171240">
    <ele>1306.0</ele>
    <time>2025-10-25T01:19:51Z</time>
    <extensions>
     <gpxtpx:TrackPointExtension>
      <gpxtpx:hr>166</gpxtpx:hr>
     </gpxtpx:TrackPointExtension>
    </extensions>
   </trkpt>
   <trkpt lat="27.7180210" lon="85.3171020">
    <ele>1305.8</ele>
    <time>2025-10-25T01:19:52Z</time>
    <extensions>
     <gpxtpx:TrackPointExtension>
      <gpxtpx:hr>166</gpxtpx:hr>
     </gpxtpx:TrackPointExtension>
    </extensions>
   </trkpt>
   <trkpt lat="27.7180000" lon="85.3170810">
    <ele>1305.8</ele>
    <time>2025-10-25T01:19:53Z</time>
    <extensions>
     <gpxtpx:TrackPointExtension>
      <gpxtpx:hr>166</gpxtpx:hr>
     </gpxtpx:TrackPointExtension>
    </extensions>
   </trkpt>
   <trkpt lat="27.7179800" lon="85.3170590">
    <ele>1305.8</ele>
    <time>2025-10-25T01:19:54Z</time>
    <extensions>
     <gpxtpx:TrackPointExtension>
      <gpxtpx:hr>166</gpxtpx:hr>
     </gpxtpx:TrackPointExtension>
    </extensions>
   </trkpt>
   <trkpt lat="27.7179600" lon="85.3170380">
    <ele>1305.8</ele>
    <time>2025-10-25T01:19:55Z</time>
    <extensions>
     <gpxtpx:TrackPointExtension>
      <gpxtpx:hr>166</gpxtpx:hr>
     </gpxtpx:TrackPointExtension>
    </extensions>
   </trkpt>
   <trkpt lat="27.7179410" lon="85.3170180">
    <ele>1305.8</ele>
    <time>2025-10-25T01:19:56Z</time>
    <extensions>
     <gpxtpx:TrackPointExtension>
      <gpxtpx:hr>166</gpxtpx:hr>
     </gpxtpx:TrackPointExtension>
    </extensions>
   </trkpt>
   <trkpt lat="27.7179210" lon="85.3169980">
    <ele>1305.8</ele>
    <time>2025-10-25T01:19:57Z</time>
    <extensions>
     <gpxtpx:TrackPointExtension>
      <gpxtpx:hr>166</gpxtpx:hr>
     </gpxtpx:TrackPointExtension>
    </extensions>
   </trkpt>
   <trkpt lat="27.7179020" lon="85.3169770">
    <ele>1305.8</ele>
    <time>2025-10-25T01:19:58Z</time>
    <extensions>
     <gpxtpx:TrackPointExtension>
      <gpxtpx:hr>166</gpxtpx:hr>
     </gpxtpx:TrackPointExtension>
    </extensions>
   </trkpt>
   <trkpt lat="27.7178810" lon="85.3169560">
    <ele>1305.6</ele>
    <time>2025-10-25T01:19:59Z</time>
    <extensions>
     <gpxtpx:TrackPointExtension>
      <gpxtpx:hr>166</gpxtpx:hr>
     </gpxtpx:TrackPointExtension>
    </extensions>
   </trkpt>
   <trkpt lat="27.7178610" lon="85.3169360">
    <ele>1305.6</ele>
    <time>2025-10-25T01:20:00Z</time>
    <extensions>
     <gpxtpx:TrackPointExtension>
      <gpxtpx:hr>166</gpxtpx:hr>
     </gpxtpx:TrackPointExtension>
    </extensions>
   </trkpt>
   <trkpt lat="27.7178410" lon="85.3169160">
    <ele>1305.6</ele>
    <time>2025-10-25T01:20:01Z</time>
    <extensions>
     <gpxtpx:TrackPointExtension>
      <gpxtpx:hr>166</gpxtpx:hr>
     </gpxtpx:TrackPointExtension>
    </extensions>
   </trkpt>
   <trkpt lat="27.7178200" lon="85.3168970">
    <ele>1305.6</ele>
    <time>2025-10-25T01:20:02Z</time>
    <extensions>
     <gpxtpx:TrackPointExtension>
      <gpxtpx:hr>167</gpxtpx:hr>
     </gpxtpx:TrackPointExtension>
    </extensions>
   </trkpt>
   <trkpt lat="27.7177990" lon="85.3168770">
    <ele>1305.6</ele>
    <time>2025-10-25T01:20:03Z</time>
    <extensions>
     <gpxtpx:TrackPointExtension>
      <gpxtpx:hr>167</gpxtpx:hr>
     </gpxtpx:TrackPointExtension>
    </extensions>
   </trkpt>
   <trkpt lat="27.7177790" lon="85.3168570">
    <ele>1305.6</ele>
    <time>2025-10-25T01:20:04Z</time>
    <extensions>
     <gpxtpx:TrackPointExtension>
      <gpxtpx:hr>166</gpxtpx:hr>
     </gpxtpx:TrackPointExtension>
    </extensions>
   </trkpt>
   <trkpt lat="27.7177580" lon="85.3168380">
    <ele>1305.6</ele>
    <time>2025-10-25T01:20:05Z</time>
    <extensions>
     <gpxtpx:TrackPointExtension>
      <gpxtpx:hr>166</gpxtpx:hr>
     </gpxtpx:TrackPointExtension>
    </extensions>
   </trkpt>
   <trkpt lat="27.7177380" lon="85.3168180">
    <ele>1305.6</ele>
    <time>2025-10-25T01:20:06Z</time>
    <extensions>
     <gpxtpx:TrackPointExtension>
      <gpxtpx:hr>166</gpxtpx:hr>
     </gpxtpx:TrackPointExtension>
    </extensions>
   </trkpt>
   <trkpt lat="27.7177180" lon="85.3167980">
    <ele>1305.6</ele>
    <time>2025-10-25T01:20:07Z</time>
    <extensions>
     <gpxtpx:TrackPointExtension>
      <gpxtpx:hr>166</gpxtpx:hr>
     </gpxtpx:TrackPointExtension>
    </extensions>
   </trkpt>
   <trkpt lat="27.7176970" lon="85.3167780">
    <ele>1305.6</ele>
    <time>2025-10-25T01:20:08Z</time>
    <extensions>
     <gpxtpx:TrackPointExtension>
      <gpxtpx:hr>166</gpxtpx:hr>
     </gpxtpx:TrackPointExtension>
    </extensions>
   </trkpt>
   <trkpt lat="27.7176760" lon="85.3167570">
    <ele>1305.6</ele>
    <time>2025-10-25T01:20:09Z</time>
    <extensions>
     <gpxtpx:TrackPointExtension>
      <gpxtpx:hr>166</gpxtpx:hr>
     </gpxtpx:TrackPointExtension>
    </extensions>
   </trkpt>
   <trkpt lat="27.7176540" lon="85.3167370">
    <ele>1305.6</ele>
    <time>2025-10-25T01:20:10Z</time>
    <extensions>
     <gpxtpx:TrackPointExtension>
      <gpxtpx:hr>166</gpxtpx:hr>
     </gpxtpx:TrackPointExtension>
    </extensions>
   </trkpt>
   <trkpt lat="27.7176330" lon="85.3167170">
    <ele>1305.6</ele>
    <time>2025-10-25T01:20:11Z</time>
    <extensions>
     <gpxtpx:TrackPointExtension>
      <gpxtpx:hr>166</gpxtpx:hr>
     </gpxtpx:TrackPointExtension>
    </extensions>
   </trkpt>
   <trkpt lat="27.7176120" lon="85.3166960">
    <ele>1305.6</ele>
    <time>2025-10-25T01:20:12Z</time>
    <extensions>
     <gpxtpx:TrackPointExtension>
      <gpxtpx:hr>166</gpxtpx:hr>
     </gpxtpx:TrackPointExtension>
    </extensions>
   </trkpt>
   <trkpt lat="27.7175920" lon="85.3166760">
    <ele>1305.6</ele>
    <time>2025-10-25T01:20:13Z</time>
    <extensions>
     <gpxtpx:TrackPointExtension>
      <gpxtpx:hr>166</gpxtpx:hr>
     </gpxtpx:TrackPointExtension>
    </extensions>
   </trkpt>
   <trkpt lat="27.7175720" lon="85.3166560">
    <ele>1305.4</ele>
    <time>2025-10-25T01:20:14Z</time>
    <extensions>
     <gpxtpx:TrackPointExtension>
      <gpxtpx:hr>166</gpxtpx:hr>
     </gpxtpx:TrackPointExtension>
    </extensions>
   </trkpt>
   <trkpt lat="27.7175520" lon="85.3166360">
    <ele>1305.4</ele>
    <time>2025-10-25T01:20:15Z</time>
    <extensions>
     <gpxtpx:TrackPointExtension>
      <gpxtpx:hr>166</gpxtpx:hr>
     </gpxtpx:TrackPointExtension>
    </extensions>
   </trkpt>
   <trkpt lat="27.7175330" lon="85.3166150">
    <ele>1305.4</ele>
    <time>2025-10-25T01:20:16Z</time>
    <extensions>
     <gpxtpx:TrackPointExtension>
      <gpxtpx:hr>166</gpxtpx:hr>
     </gpxtpx:TrackPointExtension>
    </extensions>
   </trkpt>
   <trkpt lat="27.7175130" lon="85.3165950">
    <ele>1305.4</ele>
    <time>2025-10-25T01:20:17Z</time>
    <extensions>
     <gpxtpx:TrackPointExtension>
      <gpxtpx:hr>166</gpxtpx:hr>
     </gpxtpx:TrackPointExtension>
    </extensions>
   </trkpt>
   <trkpt lat="27.7174940" lon="85.3165740">
    <ele>1305.4</ele>
    <time>2025-10-25T01:20:18Z</time>
    <extensions>
     <gpxtpx:TrackPointExtension>
      <gpxtpx:hr>166</gpxtpx:hr>
     </gpxtpx:TrackPointExtension>
    </extensions>
   </trkpt>
   <trkpt lat="27.7174740" lon="85.3165540">
    <ele>1305.4</ele>
    <time>2025-10-25T01:20:19Z</time>
    <extensions>
     <gpxtpx:TrackPointExtension>
      <gpxtpx:hr>166</gpxtpx:hr>
     </gpxtpx:TrackPointExtension>
    </extensions>
   </trkpt>
   <trkpt lat="27.7174540" lon="85.3165330">
    <ele>1305.4</ele>
    <time>2025-10-25T01:20:20Z</time>
    <extensions>
     <gpxtpx:TrackPointExtension>
      <gpxtpx:hr>166</gpxtpx:hr>
     </gpxtpx:TrackPointExtension>
    </extensions>
   </trkpt>
   <trkpt lat="27.7174340" lon="85.3165120">
    <ele>1305.4</ele>
    <time>2025-10-25T01:20:21Z</time>
    <extensions>
     <gpxtpx:TrackPointExtension>
      <gpxtpx:hr>166</gpxtpx:hr>
     </gpxtpx:TrackPointExtension>
    </extensions>
   </trkpt>
   <trkpt lat="27.7174130" lon="85.3164920">
    <ele>1305.2</ele>
    <time>2025-10-25T01:20:22Z</time>
    <extensions>
     <gpxtpx:TrackPointExtension>
      <gpxtpx:hr>166</gpxtpx:hr>
     </gpxtpx:TrackPointExtension>
    </extensions>
   </trkpt>
   <trkpt lat="27.7173920" lon="85.3164710">
    <ele>1305.2</ele>
    <time>2025-10-25T01:20:23Z</time>
    <extensions>
     <gpxtpx:TrackPointExtension>
      <gpxtpx:hr>166</gpxtpx:hr>
     </gpxtpx:TrackPointExtension>
    </extensions>
   </trkpt>
   <trkpt lat="27.7173710" lon="85.3164510">
    <ele>1305.2</ele>
    <time>2025-10-25T01:20:24Z</time>
    <extensions>
     <gpxtpx:TrackPointExtension>
      <gpxtpx:hr>166</gpxtpx:hr>
     </gpxtpx:TrackPointExtension>
    </extensions>
   </trkpt>
   <trkpt lat="27.7173500" lon="85.3164310">
    <ele>1305.2</ele>
    <time>2025-10-25T01:20:25Z</time>
    <extensions>
     <gpxtpx:TrackPointExtension>
      <gpxtpx:hr>166</gpxtpx:hr>
     </gpxtpx:TrackPointExtension>
    </extensions>
   </trkpt>
   <trkpt lat="27.7173300" lon="85.3164110">
    <ele>1305.2</ele>
    <time>2025-10-25T01:20:26Z</time>
    <extensions>
     <gpxtpx:TrackPointExtension>
      <gpxtpx:hr>166</gpxtpx:hr>
     </gpxtpx:TrackPointExtension>
    </extensions>
   </trkpt>
   <trkpt lat="27.7173090" lon="85.3163900">
    <ele>1305.2</ele>
    <time>2025-10-25T01:20:27Z</time>
    <extensions>
     <gpxtpx:TrackPointExtension>
      <gpxtpx:hr>166</gpxtpx:hr>
     </gpxtpx:TrackPointExtension>
    </extensions>
   </trkpt>
   <trkpt lat="27.7172880" lon="85.3163690">
    <ele>1305.2</ele>
    <time>2025-10-25T01:20:28Z</time>
    <extensions>
     <gpxtpx:TrackPointExtension>
      <gpxtpx:hr>166</gpxtpx:hr>
     </gpxtpx:TrackPointExtension>
    </extensions>
   </trkpt>
   <trkpt lat="27.7172680" lon="85.3163480">
    <ele>1305.2</ele>
    <time>2025-10-25T01:20:29Z</time>
    <extensions>
     <gpxtpx:TrackPointExtension>
      <gpxtpx:hr>166</gpxtpx:hr>
     </gpxtpx:TrackPointExtension>
    </extensions>
   </trkpt>
   <trkpt lat="27.7172470" lon="85.3163280">
    <ele>1305.2</ele>
    <time>2025-10-25T01:20:30Z</time>
    <extensions>
     <gpxtpx:TrackPointExtension>
      <gpxtpx:hr>166</gpxtpx:hr>
     </gpxtpx:TrackPointExtension>
    </extensions>
   </trkpt>
   <trkpt lat="27.7172270" lon="85.3163070">
    <ele>1305.2</ele>
    <time>2025-10-25T01:20:31Z</time>
    <extensions>
     <gpxtpx:TrackPointExtension>
      <gpxtpx:hr>166</gpxtpx:hr>
     </gpxtpx:TrackPointExtension>
    </extensions>
   </trkpt>
   <trkpt lat="27.7172060" lon="85.3162870">
    <ele>1305.2</ele>
    <time>2025-10-25T01:20:32Z</time>
    <extensions>
     <gpxtpx:TrackPointExtension>
      <gpxtpx:hr>166</gpxtpx:hr>
     </gpxtpx:TrackPointExtension>
    </extensions>
   </trkpt>
   <trkpt lat="27.7171860" lon="85.3162670">
    <ele>1305.2</ele>
    <time>2025-10-25T01:20:33Z</time>
    <extensions>
     <gpxtpx:TrackPointExtension>
      <gpxtpx:hr>166</gpxtpx:hr>
     </gpxtpx:TrackPointExtension>
    </extensions>
   </trkpt>
   <trkpt lat="27.7171660" lon="85.3162480">
    <ele>1305.0</ele>
    <time>2025-10-25T01:20:34Z</time>
    <extensions>
     <gpxtpx:TrackPointExtension>
      <gpxtpx:hr>166</gpxtpx:hr>
     </gpxtpx:TrackPointExtension>
    </extensions>
   </trkpt>
   <trkpt lat="27.7171450" lon="85.3162280">
    <ele>1305.0</ele>
    <time>2025-10-25T01:20:35Z</time>
    <extensions>
     <gpxtpx:TrackPointExtension>
      <gpxtpx:hr>166</gpxtpx:hr>
     </gpxtpx:TrackPointExtension>
    </extensions>
   </trkpt>
   <trkpt lat="27.7171240" lon="85.3162090">
    <ele>1305.0</ele>
    <time>2025-10-25T01:20:36Z</time>
    <extensions>
     <gpxtpx:TrackPointExtension>
      <gpxtpx:hr>166</gpxtpx:hr>
     </gpxtpx:TrackPointExtension>
    </extensions>
   </trkpt>
   <trkpt lat="27.7171020" lon="85.3161900">
    <ele>1305.0</ele>
    <time>2025-10-25T01:20:37Z</time>
    <extensions>
     <gpxtpx:TrackPointExtension>
      <gpxtpx:hr>166</gpxtpx:hr>
     </gpxtpx:TrackPointExtension>
    </extensions>
   </trkpt>
   <trkpt lat="27.7170800" lon="85.3161710">
    <ele>1305.0</ele>
    <time>2025-10-25T01:20:38Z</time>
    <extensions>
     <gpxtpx:TrackPointExtension>
      <gpxtpx:hr>166</gpxtpx:hr>
     </gpxtpx:TrackPointExtension>
    </extensions>
   </trkpt>
   <trkpt lat="27.7170570" lon="85.3161550">
    <ele>1305.0</ele>
    <time>2025-10-25T01:20:39Z</time>
    <extensions>
     <gpxtpx:TrackPointExtension>
      <gpxtpx:hr>166</gpxtpx:hr>
     </gpxtpx:TrackPointExtension>
    </extensions>
   </trkpt>
   <trkpt lat="27.7170340" lon="85.3161400">
    <ele>1305.0</ele>
    <time>2025-10-25T01:20:40Z</time>
    <extensions>
     <gpxtpx:TrackPointExtension>
      <gpxtpx:hr>166</gpxtpx:hr>
     </gpxtpx:TrackPointExtension>
    </extensions>
   </trkpt>
   <trkpt lat="27.7170100" lon="85.3161270">
    <ele>1304.8</ele>
    <time>2025-10-25T01:20:41Z</time>
    <extensions>
     <gpxtpx:TrackPointExtension>
      <gpxtpx:hr>166</gpxtpx:hr>
     </gpxtpx:TrackPointExtension>
    </extensions>
   </trkpt>
   <trkpt lat="27.7169840" lon="85.3161160">
    <ele>1304.8</ele>
    <time>2025-10-25T01:20:42Z</time>
    <extensions>
     <gpxtpx:TrackPointExtension>
      <gpxtpx:hr>166</gpxtpx:hr>
     </gpxtpx:TrackPointExtension>
    </extensions>
   </trkpt>
   <trkpt lat="27.7169570" lon="85.3161080">
    <ele>1304.8</ele>
    <time>2025-10-25T01:20:43Z</time>
    <extensions>
     <gpxtpx:TrackPointExtension>
      <gpxtpx:hr>166</gpxtpx:hr>
     </gpxtpx:TrackPointExtension>
    </extensions>
   </trkpt>
   <trkpt lat="27.7169290" lon="85.3161000">
    <ele>1304.6</ele>
    <time>2025-10-25T01:20:44Z</time>
    <extensions>
     <gpxtpx:TrackPointExtension>
      <gpxtpx:hr>166</gpxtpx:hr>
     </gpxtpx:TrackPointExtension>
    </extensions>
   </trkpt>
   <trkpt lat="27.7169000" lon="85.3160940">
    <ele>1304.6</ele>
    <time>2025-10-25T01:20:45Z</time>
    <extensions>
     <gpxtpx:TrackPointExtension>
      <gpxtpx:hr>166</gpxtpx:hr>
     </gpxtpx:TrackPointExtension>
    </extensions>
   </trkpt>
   <trkpt lat="27.7168720" lon="85.3160890">
    <ele>1304.4</ele>
    <time>2025-10-25T01:20:46Z</time>
    <extensions>
     <gpxtpx:TrackPointExtension>
      <gpxtpx:hr>166</gpxtpx:hr>
     </gpxtpx:TrackPointExtension>
    </extensions>
   </trkpt>
   <trkpt lat="27.7168430" lon="85.3160840">
    <ele>1304.4</ele>
    <time>2025-10-25T01:20:47Z</time>
    <extensions>
     <gpxtpx:TrackPointExtension>
      <gpxtpx:hr>166</gpxtpx:hr>
     </gpxtpx:TrackPointExtension>
    </extensions>
   </trkpt>
   <trkpt lat="27.7168150" lon="85.3160790">
    <ele>1304.4</ele>
    <time>2025-10-25T01:20:48Z</time>
    <extensions>
     <gpxtpx:TrackPointExtension>
      <gpxtpx:hr>166</gpxtpx:hr>
     </gpxtpx:TrackPointExtension>
    </extensions>
   </trkpt>
   <trkpt lat="27.7167870" lon="85.3160750">
    <ele>1304.2</ele>
    <time>2025-10-25T01:20:49Z</time>
    <extensions>
     <gpxtpx:TrackPointExtension>
      <gpxtpx:hr>166</gpxtpx:hr>
     </gpxtpx:TrackPointExtension>
    </extensions>
   </trkpt>
   <trkpt lat="27.7167580" lon="85.3160700">
    <ele>1304.2</ele>
    <time>2025-10-25T01:20:50Z</time>
    <extensions>
     <gpxtpx:TrackPointExtension>
      <gpxtpx:hr>166</gpxtpx:hr>
     </gpxtpx:TrackPointExtension>
    </extensions>
   </trkpt>
   <trkpt lat="27.7167300" lon="85.3160650">
    <ele>1304.0</ele>
    <time>2025-10-25T01:20:51Z</time>
    <extensions>
     <gpxtpx:TrackPointExtension>
      <gpxtpx:hr>166</gpxtpx:hr>
     </gpxtpx:TrackPointExtension>
    </extensions>
   </trkpt>
   <trkpt lat="27.7167020" lon="85.3160600">
    <ele>1304.0</ele>
    <time>2025-10-25T01:20:52Z</time>
    <extensions>
     <gpxtpx:TrackPointExtension>
      <gpxtpx:hr>166</gpxtpx:hr>
     </gpxtpx:TrackPointExtension>
    </extensions>
   </trkpt>
   <trkpt lat="27.7166750" lon="85.3160560">
    <ele>1304.0</ele>
    <time>2025-10-25T01:20:53Z</time>
    <extensions>
     <gpxtpx:TrackPointExtension>
      <gpxtpx:hr>166</gpxtpx:hr>
     </gpxtpx:TrackPointExtension>
    </extensions>
   </trkpt>
   <trkpt lat="27.7166470" lon="85.3160510">
    <ele>1303.8</ele>
    <time>2025-10-25T01:20:54Z</time>
    <extensions>
     <gpxtpx:TrackPointExtension>
      <gpxtpx:hr>166</gpxtpx:hr>
     </gpxtpx:TrackPointExtension>
    </extensions>
   </trkpt>
   <trkpt lat="27.7166190" lon="85.3160460">
    <ele>1303.8</ele>
    <time>2025-10-25T01:20:55Z</time>
    <extensions>
     <gpxtpx:TrackPointExtension>
      <gpxtpx:hr>166</gpxtpx:hr>
     </gpxtpx:TrackPointExtension>
    </extensions>
   </trkpt>
   <trkpt lat="27.7165920" lon="85.3160410">
    <ele>1303.8</ele>
    <time>2025-10-25T01:20:56Z</time>
    <extensions>
     <gpxtpx:TrackPointExtension>
      <gpxtpx:hr>166</gpxtpx:hr>
     </gpxtpx:TrackPointExtension>
    </extensions>
   </trkpt>
   <trkpt lat="27.7165640" lon="85.3160360">
    <ele>1303.8</ele>
    <time>2025-10-25T01:20:57Z</time>
    <extensions>
     <gpxtpx:TrackPointExtension>
      <gpxtpx:hr>166</gpxtpx:hr>
     </gpxtpx:TrackPointExtension>
    </extensions>
   </trkpt>
   <trkpt lat="27.7165360" lon="85.3160310">
    <ele>1303.6</ele>
    <time>2025-10-25T01:20:58Z</time>
    <extensions>
     <gpxtpx:TrackPointExtension>
      <gpxtpx:hr>166</gpxtpx:hr>
     </gpxtpx:TrackPointExtension>
    </extensions>
   </trkpt>
   <trkpt lat="27.7165080" lon="85.3160260">
    <ele>1303.6</ele>
    <time>2025-10-25T01:20:59Z</time>
    <extensions>
     <gpxtpx:TrackPointExtension>
      <gpxtpx:hr>166</gpxtpx:hr>
     </gpxtpx:TrackPointExtension>
    </extensions>
   </trkpt>
   <trkpt lat="27.7164800" lon="85.3160210">
    <ele>1303.6</ele>
    <time>2025-10-25T01:21:00Z</time>
    <extensions>
     <gpxtpx:TrackPointExtension>
      <gpxtpx:hr>166</gpxtpx:hr>
     </gpxtpx:TrackPointExtension>
    </extensions>
   </trkpt>
   <trkpt lat="27.7164520" lon="85.3160150">
    <ele>1303.6</ele>
    <time>2025-10-25T01:21:01Z</time>
    <extensions>
     <gpxtpx:TrackPointExtension>
      <gpxtpx:hr>166</gpxtpx:hr>
     </gpxtpx:TrackPointExtension>
    </extensions>
   </trkpt>
   <trkpt lat="27.7164230" lon="85.3160090">
    <ele>1303.4</ele>
    <time>2025-10-25T01:21:02Z</time>
    <extensions>
     <gpxtpx:TrackPointExtension>
      <gpxtpx:hr>166</gpxtpx:hr>
     </gpxtpx:TrackPointExtension>
    </extensions>
   </trkpt>
   <trkpt lat="27.7163930" lon="85.3160030">
    <ele>1303.4</ele>
    <time>2025-10-25T01:21:03Z</time>
    <extensions>
     <gpxtpx:TrackPointExtension>
      <gpxtpx:hr>166</gpxtpx:hr>
     </gpxtpx:TrackPointExtension>
    </extensions>
   </trkpt>
   <trkpt lat="27.7163640" lon="85.3159970">
    <ele>1303.4</ele>
    <time>2025-10-25T01:21:04Z</time>
    <extensions>
     <gpxtpx:TrackPointExtension>
      <gpxtpx:hr>166</gpxtpx:hr>
     </gpxtpx:TrackPointExtension>
    </extensions>
   </trkpt>
   <trkpt lat="27.7163360" lon="85.3159910">
    <ele>1303.4</ele>
    <time>2025-10-25T01:21:05Z</time>
    <extensions>
     <gpxtpx:TrackPointExtension>
      <gpxtpx:hr>166</gpxtpx:hr>
     </gpxtpx:TrackPointExtension>
    </extensions>
   </trkpt>
   <trkpt lat="27.7163080" lon="85.3159850">
    <ele>1303.2</ele>
    <time>2025-10-25T01:21:06Z</time>
    <extensions>
     <gpxtpx:TrackPointExtension>
      <gpxtpx:hr>166</gpxtpx:hr>
     </gpxtpx:TrackPointExtension>
    </extensions>
   </trkpt>
   <trkpt lat="27.7162810" lon="85.3159790">
    <ele>1303.2</ele>
    <time>2025-10-25T01:21:07Z</time>
    <extensions>
     <gpxtpx:TrackPointExtension>
      <gpxtpx:hr>166</gpxtpx:hr>
     </gpxtpx:TrackPointExtension>
    </extensions>
   </trkpt>
   <trkpt lat="27.7162530" lon="85.3159730">
    <ele>1303.2</ele>
    <time>2025-10-25T01:21:08Z</time>
    <extensions>
     <gpxtpx:TrackPointExtension>
      <gpxtpx:hr>166</gpxtpx:hr>
     </gpxtpx:TrackPointExtension>
    </extensions>
   </trkpt>
   <trkpt lat="27.7162260" lon="85.3159670">
    <ele>1303.2</ele>
    <time>2025-10-25T01:21:09Z</time>
    <extensions>
     <gpxtpx:TrackPointExtension>
      <gpxtpx:hr>166</gpxtpx:hr>
     </gpxtpx:TrackPointExtension>
    </extensions>
   </trkpt>
   <trkpt lat="27.7161970" lon="85.3159610">
    <ele>1303.0</ele>
    <time>2025-10-25T01:21:10Z</time>
    <extensions>
     <gpxtpx:TrackPointExtension>
      <gpxtpx:hr>166</gpxtpx:hr>
     </gpxtpx:TrackPointExtension>
    </extensions>
   </trkpt>
   <trkpt lat="27.7161680" lon="85.3159550">
    <ele>1303.0</ele>
    <time>2025-10-25T01:21:11Z</time>
    <extensions>
     <gpxtpx:TrackPointExtension>
      <gpxtpx:hr>166</gpxtpx:hr>
     </gpxtpx:TrackPointExtension>
    </extensions>
   </trkpt>
   <trkpt lat="27.7161390" lon="85.3159480">
    <ele>1303.0</ele>
    <time>2025-10-25T01:21:12Z</time>
    <extensions>
     <gpxtpx:TrackPointExtension>
      <gpxtpx:hr>166</gpxtpx:hr>
     </gpxtpx:TrackPointExtension>
    </extensions>
   </trkpt>
   <trkpt lat="27.7161110" lon="85.3159420">
    <ele>1303.0</ele>
    <time>2025-10-25T01:21:13Z</time>
    <extensions>
     <gpxtpx:TrackPointExtension>
      <gpxtpx:hr>166</gpxtpx:hr>
     </gpxtpx:TrackPointExtension>
    </extensions>
   </trkpt>
   <trkpt lat="27.7160820" lon="85.3159350">
    <ele>1302.8</ele>
    <time>2025-10-25T01:21:14Z</time>
    <extensions>
     <gpxtpx:TrackPointExtension>
      <gpxtpx:hr>166</gpxtpx:hr>
     </gpxtpx:TrackPointExtension>
    </extensions>
   </trkpt>
   <trkpt lat="27.7160530" lon="85.3159290">
    <ele>1302.8</ele>
    <time>2025-10-25T01:21:15Z</time>
    <extensions>
     <gpxtpx:TrackPointExtension>
      <gpxtpx:hr>166</gpxtpx:hr>
     </gpxtpx:TrackPointExtension>
    </extensions>
   </trkpt>
   <trkpt lat="27.7160240" lon="85.3159240">
    <ele>1302.8</ele>
    <time>2025-10-25T01:21:16Z</time>
    <extensions>
     <gpxtpx:TrackPointExtension>
      <gpxtpx:hr>166</gpxtpx:hr>
     </gpxtpx:TrackPointExtension>
    </extensions>
   </trkpt>
   <trkpt lat="27.7159950" lon="85.3159180">
    <ele>1302.8</ele>
    <time>2025-10-25T01:21:17Z</time>
    <extensions>
     <gpxtpx:TrackPointExtension>
      <gpxtpx:hr>166</gpxtpx:hr>
     </gpxtpx:TrackPointExtension>
    </extensions>
   </trkpt>
   <trkpt lat="27.7159650" lon="85.3159140">
    <ele>1302.8</ele>
    <time>2025-10-25T01:21:18Z</time>
    <extensions>
     <gpxtpx:TrackPointExtension>
      <gpxtpx:hr>166</gpxtpx:hr>
     </gpxtpx:TrackPointExtension>
    </extensions>
   </trkpt>
   <trkpt lat="27.7159370" lon="85.3159090">
    <ele>1302.6</ele>
    <time>2025-10-25T01:21:19Z</time>
    <extensions>
     <gpxtpx:TrackPointExtension>
      <gpxtpx:hr>166</gpxtpx:hr>
     </gpxtpx:TrackPointExtension>
    </extensions>
   </trkpt>
   <trkpt lat="27.7159080" lon="85.3159040">
    <ele>1302.6</ele>
    <time>2025-10-25T01:21:20Z</time>
    <extensions>
     <gpxtpx:TrackPointExtension>
      <gpxtpx:hr>166</gpxtpx:hr>
     </gpxtpx:TrackPointExtension>
    </extensions>
   </trkpt>
   <trkpt lat="27.7158800" lon="85.3158990">
    <ele>1302.6</ele>
    <time>2025-10-25T01:21:21Z</time>
    <extensions>
     <gpxtpx:TrackPointExtension>
      <gpxtpx:hr>166</gpxtpx:hr>
     </gpxtpx:TrackPointExtension>
    </extensions>
   </trkpt>
   <trkpt lat="27.7158530" lon="85.3158940">
    <ele>1302.6</ele>
    <time>2025-10-25T01:21:22Z</time>
    <extensions>
     <gpxtpx:TrackPointExtension>
      <gpxtpx:hr>166</gpxtpx:hr>
     </gpxtpx:TrackPointExtension>
    </extensions>
   </trkpt>
   <trkpt lat="27.7158260" lon="85.3158890">
    <ele>1302.6</ele>
    <time>2025-10-25T01:21:23Z</time>
    <extensions>
     <gpxtpx:TrackPointExtension>
      <gpxtpx:hr>166</gpxtpx:hr>
     </gpxtpx:TrackPointExtension>
    </extensions>
   </trkpt>
   <trkpt lat="27.7157990" lon="85.3158830">
    <ele>1302.4</ele>
    <time>2025-10-25T01:21:24Z</time>
    <extensions>
     <gpxtpx:TrackPointExtension>
      <gpxtpx:hr>166</gpxtpx:hr>
     </gpxtpx:TrackPointExtension>
    </extensions>
   </trkpt>
   <trkpt lat="27.7157720" lon="85.3158780">
    <ele>1302.4</ele>
    <time>2025-10-25T01:21:25Z</time>
    <extensions>
     <gpxtpx:TrackPointExtension>
      <gpxtpx:hr>166</gpxtpx:hr>
     </gpxtpx:TrackPointExtension>
    </extensions>
   </trkpt>
   <trkpt lat="27.7157440" lon="85.3158720">
    <ele>1302.4</ele>
    <time>2025-10-25T01:21:26Z</time>
    <extensions>
     <gpxtpx:TrackPointExtension>
      <gpxtpx:hr>166</gpxtpx:hr>
     </gpxtpx:TrackPointExtension>
    </extensions>
   </trkpt>
   <trkpt lat="27.7157160" lon="85.3158660">
    <ele>1302.4</ele>
    <time>2025-10-25T01:21:27Z</time>
    <extensions>
     <gpxtpx:TrackPointExtension>
      <gpxtpx:hr>166</gpxtpx:hr>
     </gpxtpx:TrackPointExtension>
    </extensions>
   </trkpt>
   <trkpt lat="27.7156890" lon="85.3158600">
    <ele>1302.2</ele>
    <time>2025-10-25T01:21:28Z</time>
    <extensions>
     <gpxtpx:TrackPointExtension>
      <gpxtpx:hr>166</gpxtpx:hr>
     </gpxtpx:TrackPointExtension>
    </extensions>
   </trkpt>
   <trkpt lat="27.7156610" lon="85.3158540">
    <ele>1302.2</ele>
    <time>2025-10-25T01:21:29Z</time>
    <extensions>
     <gpxtpx:TrackPointExtension>
      <gpxtpx:hr>166</gpxtpx:hr>
     </gpxtpx:TrackPointExtension>
    </extensions>
   </trkpt>
   <trkpt lat="27.7156340" lon="85.3158480">
    <ele>1302.2</ele>
    <time>2025-10-25T01:21:30Z</time>
    <extensions>
     <gpxtpx:TrackPointExtension>
      <gpxtpx:hr>166</gpxtpx:hr>
     </gpxtpx:TrackPointExtension>
    </extensions>
   </trkpt>
   <trkpt lat="27.7156060" lon="85.3158420">
    <ele>1302.2</ele>
    <time>2025-10-25T01:21:31Z</time>
    <extensions>
     <gpxtpx:TrackPointExtension>
      <gpxtpx:hr>166</gpxtpx:hr>
     </gpxtpx:TrackPointExtension>
    </extensions>
   </trkpt>
   <trkpt lat="27.7155790" lon="85.3158360">
    <ele>1302.2</ele>
    <time>2025-10-25T01:21:32Z</time>
    <extensions>
     <gpxtpx:TrackPointExtension>
      <gpxtpx:hr>166</gpxtpx:hr>
     </gpxtpx:TrackPointExtension>
    </extensions>
   </trkpt>
   <trkpt lat="27.7155510" lon="85.3158290">
    <ele>1302.2</ele>
    <time>2025-10-25T01:21:33Z</time>
    <extensions>
     <gpxtpx:TrackPointExtension>
      <gpxtpx:hr>166</gpxtpx:hr>
     </gpxtpx:TrackPointExtension>
    </extensions>
   </trkpt>
   <trkpt lat="27.7155230" lon="85.3158230">
    <ele>1302.0</ele>
    <time>2025-10-25T01:21:34Z</time>
    <extensions>
     <gpxtpx:TrackPointExtension>
      <gpxtpx:hr>166</gpxtpx:hr>
     </gpxtpx:TrackPointExtension>
    </extensions>
   </trkpt>
   <trkpt lat="27.7154950" lon="85.3158160">
    <ele>1302.0</ele>
    <time>2025-10-25T01:21:35Z</time>
    <extensions>
     <gpxtpx:TrackPointExtension>
      <gpxtpx:hr>166</gpxtpx:hr>
     </gpxtpx:TrackPointExtension>
    </extensions>
   </trkpt>
   <trkpt lat="27.7154670" lon="85.3158090">
    <ele>1302.0</ele>
    <time>2025-10-25T01:21:36Z</time>
    <extensions>
     <gpxtpx:TrackPointExtension>
      <gpxtpx:hr>166</gpxtpx:hr>
     </gpxtpx:TrackPointExtension>
    </extensions>
   </trkpt>
   <trkpt lat="27.7154400" lon="85.3158020">
    <ele>1302.0</ele>
    <time>2025-10-25T01:21:37Z</time>
    <extensions>
     <gpxtpx:TrackPointExtension>
      <gpxtpx:hr>166</gpxtpx:hr>
     </gpxtpx:TrackPointExtension>
    </extensions>
   </trkpt>
   <trkpt lat="27.7154120" lon="85.3157950">
    <ele>1302.0</ele>
    <time>2025-10-25T01:21:38Z</time>
    <extensions>
     <gpxtpx:TrackPointExtension>
      <gpxtpx:hr>166</gpxtpx:hr>
     </gpxtpx:TrackPointExtension>
    </extensions>
   </trkpt>
   <trkpt lat="27.7153850" lon="85.3157870">
    <ele>1302.0</ele>
    <time>2025-10-25T01:21:39Z</time>
    <extensions>
     <gpxtpx:TrackPointExtension>
      <gpxtpx:hr>166</gpxtpx:hr>
     </gpxtpx:TrackPointExtension>
    </extensions>
   </trkpt>
   <trkpt lat="27.7153570" lon="85.3157800">
    <ele>1301.8</ele>
    <time>2025-10-25T01:21:40Z</time>
    <extensions>
     <gpxtpx:TrackPointExtension>
      <gpxtpx:hr>166</gpxtpx:hr>
     </gpxtpx:TrackPointExtension>
    </extensions>
   </trkpt>
   <trkpt lat="27.7153300" lon="85.3157720">
    <ele>1301.8</ele>
    <time>2025-10-25T01:21:41Z</time>
    <extensions>
     <gpxtpx:TrackPointExtension>
      <gpxtpx:hr>166</gpxtpx:hr>
     </gpxtpx:TrackPointExtension>
    </extensions>
   </trkpt>
   <trkpt lat="27.7153030" lon="85.3157650">
    <ele>1301.8</ele>
    <time>2025-10-25T01:21:42Z</time>
    <extensions>
     <gpxtpx:TrackPointExtension>
      <gpxtpx:hr>166</gpxtpx:hr>
     </gpxtpx:TrackPointExtension>
    </extensions>
   </trkpt>
   <trkpt lat="27.7152750" lon="85.3157580">
    <ele>1301.8</ele>
    <time>2025-10-25T01:21:43Z</time>
    <extensions>
     <gpxtpx:TrackPointExtension>
      <gpxtpx:hr>166</gpxtpx:hr>
     </gpxtpx:TrackPointExtension>
    </extensions>
   </trkpt>
   <trkpt lat="27.7152470" lon="85.3157500">
    <ele>1301.8</ele>
    <time>2025-10-25T01:21:44Z</time>
    <extensions>
     <gpxtpx:TrackPointExtension>
      <gpxtpx:hr>166</gpxtpx:hr>
     </gpxtpx:TrackPointExtension>
    </extensions>
   </trkpt>
   <trkpt lat="27.7152190" lon="85.3157430">
    <ele>1301.8</ele>
    <time>2025-10-25T01:21:45Z</time>
    <extensions>
     <gpxtpx:TrackPointExtension>
      <gpxtpx:hr>166</gpxtpx:hr>
     </gpxtpx:TrackPointExtension>
    </extensions>
   </trkpt>
   <trkpt lat="27.7151900" lon="85.3157350">
    <ele>1301.8</ele>
    <time>2025-10-25T01:21:46Z</time>
    <extensions>
     <gpxtpx:TrackPointExtension>
      <gpxtpx:hr>166</gpxtpx:hr>
     </gpxtpx:TrackPointExtension>
    </extensions>
   </trkpt>
   <trkpt lat="27.7151600" lon="85.3157270">
    <ele>1301.6</ele>
    <time>2025-10-25T01:21:47Z</time>
    <extensions>
     <gpxtpx:TrackPointExtension>
      <gpxtpx:hr>166</gpxtpx:hr>
     </gpxtpx:TrackPointExtension>
    </extensions>
   </trkpt>
   <trkpt lat="27.7151310" lon="85.3157200">
    <ele>1301.6</ele>
    <time>2025-10-25T01:21:48Z</time>
    <extensions>
     <gpxtpx:TrackPointExtension>
      <gpxtpx:hr>166</gpxtpx:hr>
     </gpxtpx:TrackPointExtension>
    </extensions>
   </trkpt>
   <trkpt lat="27.7151020" lon="85.3157140">
    <ele>1301.6</ele>
    <time>2025-10-25T01:21:49Z</time>
    <extensions>
     <gpxtpx:TrackPointExtension>
      <gpxtpx:hr>166</gpxtpx:hr>
     </gpxtpx:TrackPointExtension>
    </extensions>
   </trkpt>
   <trkpt lat="27.7150720" lon="85.3157090">
    <ele>1301.6</ele>
    <time>2025-10-25T01:21:50Z</time>
    <extensions>
     <gpxtpx:TrackPointExtension>
      <gpxtpx:hr>166</gpxtpx:hr>
     </gpxtpx:TrackPointExtension>
    </extensions>
   </trkpt>
   <trkpt lat="27.7150440" lon="85.3157040">
    <ele>1301.6</ele>
    <time>2025-10-25T01:21:51Z</time>
    <extensions>
     <gpxtpx:TrackPointExtension>
      <gpxtpx:hr>166</gpxtpx:hr>
     </gpxtpx:TrackPointExtension>
    </extensions>
   </trkpt>
   <trkpt lat="27.7150150" lon="85.3156990">
    <ele>1301.4</ele>
    <time>2025-10-25T01:21:52Z</time>
    <extensions>
     <gpxtpx:TrackPointExtension>
      <gpxtpx:hr>166</gpxtpx:hr>
     </gpxtpx:TrackPointExtension>
    </extensions>
   </trkpt>
   <trkpt lat="27.7149870" lon="85.3156940">
    <ele>1301.4</ele>
    <time>2025-10-25T01:21:53Z</time>
    <extensions>
     <gpxtpx:TrackPointExtension>
      <gpxtpx:hr>166</gpxtpx:hr>
     </gpxtpx:TrackPointExtension>
    </extensions>
   </trkpt>
   <trkpt lat="27.7149590" lon="85.3156900">
    <ele>1301.4</ele>
    <time>2025-10-25T01:21:54Z</time>
    <extensions>
     <gpxtpx:TrackPointExtension>
      <gpxtpx:hr>166</gpxtpx:hr>
     </gpxtpx:TrackPointExtension>
    </extensions>
   </trkpt>
   <trkpt lat="27.7149300" lon="85.3156870">
    <ele>1301.4</ele>
    <time>2025-10-25T01:21:55Z</time>
    <extensions>
     <gpxtpx:TrackPointExtension>
      <gpxtpx:hr>166</gpxtpx:hr>
     </gpxtpx:TrackPointExtension>
    </extensions>
   </trkpt>
   <trkpt lat="27.7149020" lon="85.3156840">
    <ele>1301.2</ele>
    <time>2025-10-25T01:21:56Z</time>
    <extensions>
     <gpxtpx:TrackPointExtension>
      <gpxtpx:hr>166</gpxtpx:hr>
     </gpxtpx:TrackPointExtension>
    </extensions>
   </trkpt>
   <trkpt lat="27.7148730" lon="85.3156810">
    <ele>1301.2</ele>
    <time>2025-10-25T01:21:57Z</time>
    <extensions>
     <gpxtpx:TrackPointExtension>
      <gpxtpx:hr>166</gpxtpx:hr>
     </gpxtpx:TrackPointExtension>
    </extensions>
   </trkpt>
   <trkpt lat="27.7148450" lon="85.3156790">
    <ele>1301.2</ele>
    <time>2025-10-25T01:21:58Z</time>
    <extensions>
     <gpxtpx:TrackPointExtension>
      <gpxtpx:hr>166</gpxtpx:hr>
     </gpxtpx:TrackPointExtension>
    </extensions>
   </trkpt>
   <trkpt lat="27.7148190" lon="85.3156770">
    <ele>1301.2</ele>
    <time>2025-10-25T01:21:59Z</time>
    <extensions>
     <gpxtpx:TrackPointExtension>
      <gpxtpx:hr>166</gpxtpx:hr>
     </gpxtpx:TrackPointExtension>
    </extensions>
   </trkpt>
   <trkpt lat="27.7147920" lon="85.3156740">
    <ele>1301.2</ele>
    <time>2025-10-25T01:22:00Z</time>
    <extensions>
     <gpxtpx:TrackPointExtension>
      <gpxtpx:hr>166</gpxtpx:hr>
     </gpxtpx:TrackPointExtension>
    </extensions>
   </trkpt>
   <trkpt lat="27.7147650" lon="85.3156710">
    <ele>1301.0</ele>
    <time>2025-10-25T01:22:01Z</time>
    <extensions>
     <gpxtpx:TrackPointExtension>
      <gpxtpx:hr>166</gpxtpx:hr>
     </gpxtpx:TrackPointExtension>
    </extensions>
   </trkpt>
   <trkpt lat="27.7147380" lon="85.3156680">
    <ele>1301.0</ele>
    <time>2025-10-25T01:22:02Z</time>
    <extensions>
     <gpxtpx:TrackPointExtension>
      <gpxtpx:hr>166</gpxtpx:hr>
     </gpxtpx:TrackPointExtension>
    </extensions>
   </trkpt>
   <trkpt lat="27.7147100" lon="85.3156650">
    <ele>1301.0</ele>
    <time>2025-10-25T01:22:03Z</time>
    <extensions>
     <gpxtpx:TrackPointExtension>
      <gpxtpx:hr>166</gpxtpx:hr>
     </gpxtpx:TrackPointExtension>
    </extensions>
   </trkpt>
   <trkpt lat="27.7146830" lon="85.3156620">
    <ele>1301.0</ele>
    <time>2025-10-25T01:22:04Z</time>
    <extensions>
     <gpxtpx:TrackPointExtension>
      <gpxtpx:hr>166</gpxtpx:hr>
     </gpxtpx:TrackPointExtension>
    </extensions>
   </trkpt>
   <trkpt lat="27.7146570" lon="85.3156590">
    <ele>1301.0</ele>
    <time>2025-10-25T01:22:05Z</time>
    <extensions>
     <gpxtpx:TrackPointExtension>
      <gpxtpx:hr>166</gpxtpx:hr>
     </gpxtpx:TrackPointExtension>
    </extensions>
   </trkpt>
   <trkpt lat="27.7146310" lon="85.3156560">
    <ele>1301.0</ele>
    <time>2025-10-25T01:22:06Z</time>
    <extensions>
     <gpxtpx:TrackPointExtension>
      <gpxtpx:hr>166</gpxtpx:hr>
     </gpxtpx:TrackPointExtension>
    </extensions>
   </trkpt>
   <trkpt lat="27.7146050" lon="85.3156530">
    <ele>1301.0</ele>
    <time>2025-10-25T01:22:07Z</time>
    <extensions>
     <gpxtpx:TrackPointExtension>
      <gpxtpx:hr>166</gpxtpx:hr>
     </gpxtpx:TrackPointExtension>
    </extensions>
   </trkpt>
   <trkpt lat="27.7145780" lon="85.3156500">
    <ele>1300.8</ele>
    <time>2025-10-25T01:22:08Z</time>
    <extensions>
     <gpxtpx:TrackPointExtension>
      <gpxtpx:hr>166</gpxtpx:hr>
     </gpxtpx:TrackPointExtension>
    </extensions>
   </trkpt>
   <trkpt lat="27.7145520" lon="85.3156470">
    <ele>1300.8</ele>
    <time>2025-10-25T01:22:09Z</time>
    <extensions>
     <gpxtpx:TrackPointExtension>
      <gpxtpx:hr>166</gpxtpx:hr>
     </gpxtpx:TrackPointExtension>
    </extensions>
   </trkpt>
   <trkpt lat="27.7145260" lon="85.3156430">
    <ele>1300.8</ele>
    <time>2025-10-25T01:22:10Z</time>
    <extensions>
     <gpxtpx:TrackPointExtension>
      <gpxtpx:hr>166</gpxtpx:hr>
     </gpxtpx:TrackPointExtension>
    </extensions>
   </trkpt>
   <trkpt lat="27.7145000" lon="85.3156400">
    <ele>1300.8</ele>
    <time>2025-10-25T01:22:11Z</time>
    <extensions>
     <gpxtpx:TrackPointExtension>
      <gpxtpx:hr>166</gpxtpx:hr>
     </gpxtpx:TrackPointExtension>
    </extensions>
   </trkpt>
   <trkpt lat="27.7144740" lon="85.3156350">
    <ele>1300.8</ele>
    <time>2025-10-25T01:22:12Z</time>
    <extensions>
     <gpxtpx:TrackPointExtension>
      <gpxtpx:hr>166</gpxtpx:hr>
     </gpxtpx:TrackPointExtension>
    </extensions>
   </trkpt>
   <trkpt lat="27.7144470" lon="85.3156300">
    <ele>1300.8</ele>
    <time>2025-10-25T01:22:13Z</time>
    <extensions>
     <gpxtpx:TrackPointExtension>
      <gpxtpx:hr>166</gpxtpx:hr>
     </gpxtpx:TrackPointExtension>
    </extensions>
   </trkpt>
   <trkpt lat="27.7144210" lon="85.3156250">
    <ele>1300.8</ele>
    <time>2025-10-25T01:22:14Z</time>
    <extensions>
     <gpxtpx:TrackPointExtension>
      <gpxtpx:hr>166</gpxtpx:hr>
     </gpxtpx:TrackPointExtension>
    </extensions>
   </trkpt>
   <trkpt lat="27.7143940" lon="85.3156190">
    <ele>1300.8</ele>
    <time>2025-10-25T01:22:15Z</time>
    <extensions>
     <gpxtpx:TrackPointExtension>
      <gpxtpx:hr>166</gpxtpx:hr>
     </gpxtpx:TrackPointExtension>
    </extensions>
   </trkpt>
   <trkpt lat="27.7143680" lon="85.3156130">
    <ele>1300.8</ele>
    <time>2025-10-25T01:22:16Z</time>
    <extensions>
     <gpxtpx:TrackPointExtension>
      <gpxtpx:hr>166</gpxtpx:hr>
     </gpxtpx:TrackPointExtension>
    </extensions>
   </trkpt>
   <trkpt lat="27.7143420" lon="85.3156070">
    <ele>1300.8</ele>
    <time>2025-10-25T01:22:17Z</time>
    <extensions>
     <gpxtpx:TrackPointExtension>
      <gpxtpx:hr>166</gpxtpx:hr>
     </gpxtpx:TrackPointExtension>
    </extensions>
   </trkpt>
   <trkpt lat="27.7143150" lon="85.3156010">
    <ele>1300.8</ele>
    <time>2025-10-25T01:22:18Z</time>
    <extensions>
     <gpxtpx:TrackPointExtension>
      <gpxtpx:hr>166</gpxtpx:hr>
     </gpxtpx:TrackPointExtension>
    </extensions>
   </trkpt>
   <trkpt lat="27.7142890" lon="85.3155960">
    <ele>1300.8</ele>
    <time>2025-10-25T01:22:19Z</time>
    <extensions>
     <gpxtpx:TrackPointExtension>
      <gpxtpx:hr>166</gpxtpx:hr>
     </gpxtpx:TrackPointExtension>
    </extensions>
   </trkpt>
   <trkpt lat="27.7142620" lon="85.3155900">
    <ele>1300.6</ele>
    <time>2025-10-25T01:22:20Z</time>
    <extensions>
     <gpxtpx:TrackPointExtension>
      <gpxtpx:hr>166</gpxtpx:hr>
     </gpxtpx:TrackPointExtension>
    </extensions>
   </trkpt>
   <trkpt lat="27.7142350" lon="85.3155850">
    <ele>1300.6</ele>
    <time>2025-10-25T01:22:21Z</time>
    <extensions>
     <gpxtpx:TrackPointExtension>
      <gpxtpx:hr>166</gpxtpx:hr>
     </gpxtpx:TrackPointExtension>
    </extensions>
   </trkpt>
   <trkpt lat="27.7142080" lon="85.3155800">
    <ele>1300.6</ele>
    <time>2025-10-25T01:22:22Z</time>
    <extensions>
     <gpxtpx:TrackPointExtension>
      <gpxtpx:hr>166</gpxtpx:hr>
     </gpxtpx:TrackPointExtension>
    </extensions>
   </trkpt>
   <trkpt lat="27.7141810" lon="85.3155750">
    <ele>1300.6</ele>
    <time>2025-10-25T01:22:23Z</time>
    <extensions>
     <gpxtpx:TrackPointExtension>
      <gpxtpx:hr>166</gpxtpx:hr>
     </gpxtpx:TrackPointExtension>
    </extensions>
   </trkpt>
   <trkpt lat="27.7141550" lon="85.3155700">
    <ele>1300.6</ele>
    <time>2025-10-25T01:22:24Z</time>
    <extensions>
     <gpxtpx:TrackPointExtension>
      <gpxtpx:hr>166</gpxtpx:hr>
     </gpxtpx:TrackPointExtension>
    </extensions>
   </trkpt>
   <trkpt lat="27.7141280" lon="85.3155650">
    <ele>1300.6</ele>
    <time>2025-10-25T01:22:25Z</time>
    <extensions>
     <gpxtpx:TrackPointExtension>
      <gpxtpx:hr>166</gpxtpx:hr>
     </gpxtpx:TrackPointExtension>
    </extensions>
   </trkpt>
   <trkpt lat="27.7141020" lon="85.3155600">
    <ele>1300.6</ele>
    <time>2025-10-25T01:22:26Z</time>
    <extensions>
     <gpxtpx:TrackPointExtension>
      <gpxtpx:hr>166</gpxtpx:hr>
     </gpxtpx:TrackPointExtension>
    </extensions>
   </trkpt>
   <trkpt lat="27.7140760" lon="85.3155550">
    <ele>1300.6</ele>
    <time>2025-10-25T01:22:27Z</time>
    <extensions>
     <gpxtpx:TrackPointExtension>
      <gpxtpx:hr>166</gpxtpx:hr>
     </gpxtpx:TrackPointExtension>
    </extensions>
   </trkpt>
   <trkpt lat="27.7140490" lon="85.3155510">
    <ele>1300.6</ele>
    <time>2025-10-25T01:22:28Z</time>
    <extensions>
     <gpxtpx:TrackPointExtension>
      <gpxtpx:hr>166</gpxtpx:hr>
     </gpxtpx:TrackPointExtension>
    </extensions>
   </trkpt>
   <trkpt lat="27.7140220" lon="85.3155470">
    <ele>1300.6</ele>
    <time>2025-10-25T01:22:29Z</time>
    <extensions>
     <gpxtpx:TrackPointExtension>
      <gpxtpx:hr>166</gpxtpx:hr>
     </gpxtpx:TrackPointExtension>
    </extensions>
   </trkpt>
   <trkpt lat="27.7139940" lon="85.3155430">
    <ele>1300.6</ele>
    <time>2025-10-25T01:22:30Z</time>
    <extensions>
     <gpxtpx:TrackPointExtension>
      <gpxtpx:hr>166</gpxtpx:hr>
     </gpxtpx:TrackPointExtension>
    </extensions>
   </trkpt>
   <trkpt lat="27.7139670" lon="85.3155400">
    <ele>1300.6</ele>
    <time>2025-10-25T01:22:31Z</time>
    <extensions>
     <gpxtpx:TrackPointExtension>
      <gpxtpx:hr>166</gpxtpx:hr>
     </gpxtpx:TrackPointExtension>
    </extensions>
   </trkpt>
   <trkpt lat="27.7139400" lon="85.3155380">
    <ele>1300.4</ele>
    <time>2025-10-25T01:22:32Z</time>
    <extensions>
     <gpxtpx:TrackPointExtension>
      <gpxtpx:hr>166</gpxtpx:hr>
     </gpxtpx:TrackPointExtension>
    </extensions>
   </trkpt>
   <trkpt lat="27.7139120" lon="85.3155360">
    <ele>1300.4</ele>
    <time>2025-10-25T01:22:33Z</time>
    <extensions>
     <gpxtpx:TrackPointExtension>
      <gpxtpx:hr>166</gpxtpx:hr>
     </gpxtpx:TrackPointExtension>
    </extensions>
   </trkpt>
   <trkpt lat="27.7138860" lon="85.3155360">
    <ele>1300.4</ele>
    <time>2025-10-25T01:22:34Z</time>
    <extensions>
     <gpxtpx:TrackPointExtension>
      <gpxtpx:hr>166</gpxtpx:hr>
     </gpxtpx:TrackPointExtension>
    </extensions>
   </trkpt>
   <trkpt lat="27.7138590" lon="85.3155380">
    <ele>1300.4</ele>
    <time>2025-10-25T01:22:35Z</time>
    <extensions>
     <gpxtpx:TrackPointExtension>
      <gpxtpx:hr>166</gpxtpx:hr>
     </gpxtpx:TrackPointExtension>
    </extensions>
   </trkpt>
   <trkpt lat="27.7138330" lon="85.3155420">
    <ele>1300.4</ele>
    <time>2025-10-25T01:22:36Z</time>
    <extensions>
     <gpxtpx:TrackPointExtension>
      <gpxtpx:hr>166</gpxtpx:hr>
     </gpxtpx:TrackPointExtension>
    </extensions>
   </trkpt>
   <trkpt lat="27.7138080" lon="85.3155490">
    <ele>1300.2</ele>
    <time>2025-10-25T01:22:37Z</time>
    <extensions>
     <gpxtpx:TrackPointExtension>
      <gpxtpx:hr>167</gpxtpx:hr>
     </gpxtpx:TrackPointExtension>
    </extensions>
   </trkpt>
   <trkpt lat="27.7137830" lon="85.3155590">
    <ele>1300.2</ele>
    <time>2025-10-25T01:22:38Z</time>
    <extensions>
     <gpxtpx:TrackPointExtension>
      <gpxtpx:hr>167</gpxtpx:hr>
     </gpxtpx:TrackPointExtension>
    </extensions>
   </trkpt>
   <trkpt lat="27.7137600" lon="85.3155720">
    <ele>1300.2</ele>
    <time>2025-10-25T01:22:39Z</time>
    <extensions>
     <gpxtpx:TrackPointExtension>
      <gpxtpx:hr>167</gpxtpx:hr>
     </gpxtpx:TrackPointExtension>
    </extensions>
   </trkpt>
   <trkpt lat="27.7137390" lon="85.3155880">
    <ele>1300.2</ele>
    <time>2025-10-25T01:22:40Z</time>
    <extensions>
     <gpxtpx:TrackPointExtension>
      <gpxtpx:hr>167</gpxtpx:hr>
     </gpxtpx:TrackPointExtension>
    </extensions>
   </trkpt>
   <trkpt lat="27.7137200" lon="85.3156070">
    <ele>1300.2</ele>
    <time>2025-10-25T01:22:41Z</time>
    <extensions>
     <gpxtpx:TrackPointExtension>
      <gpxtpx:hr>167</gpxtpx:hr>
     </gpxtpx:TrackPointExtension>
    </extensions>
   </trkpt>
   <trkpt lat="27.7137050" lon="85.3156270">
    <ele>1300.2</ele>
    <time>2025-10-25T01:22:42Z</time>
    <extensions>
     <gpxtpx:TrackPointExtension>
      <gpxtpx:hr>167</gpxtpx:hr>
     </gpxtpx:TrackPointExtension>
    </extensions>
   </trkpt>
   <trkpt lat="27.7136920" lon="85.3156500">
    <ele>1300.2</ele>
    <time>2025-10-25T01:22:43Z</time>
    <extensions>
     <gpxtpx:TrackPointExtension>
      <gpxtpx:hr>167</gpxtpx:hr>
     </gpxtpx:TrackPointExtension>
    </extensions>
   </trkpt>
   <trkpt lat="27.7136810" lon="85.3156740">
    <ele>1300.2</ele>
    <time>2025-10-25T01:22:44Z</time>
    <extensions>
     <gpxtpx:TrackPointExtension>
      <gpxtpx:hr>167</gpxtpx:hr>
     </gpxtpx:TrackPointExtension>
    </extensions>
   </trkpt>
   <trkpt lat="27.7136720" lon="85.3157000">
    <ele>1300.2</ele>
    <time>2025-10-25T01:22:45Z</time>
    <extensions>
     <gpxtpx:TrackPointExtension>
      <gpxtpx:hr>167</gpxtpx:hr>
     </gpxtpx:TrackPointExtension>
    </extensions>
   </trkpt>
   <trkpt lat="27.7136660" lon="85.3157270">
    <ele>1300.2</ele>
    <time>2025-10-25T01:22:46Z</time>
    <extensions>
     <gpxtpx:TrackPointExtension>
      <gpxtpx:hr>167</gpxtpx:hr>
     </gpxtpx:TrackPointExtension>
    </extensions>
   </trkpt>
   <trkpt lat="27.7136600" lon="85.3157550">
    <ele>1300.2</ele>
    <time>2025-10-25T01:22:47Z</time>
    <extensions>
     <gpxtpx:TrackPointExtension>
      <gpxtpx:hr>167</gpxtpx:hr>
     </gpxtpx:TrackPointExtension>
    </extensions>
   </trkpt>
   <trkpt lat="27.7136550" lon="85.3157840">
    <ele>1300.2</ele>
    <time>2025-10-25T01:22:48Z</time>
    <extensions>
     <gpxtpx:TrackPointExtension>
      <gpxtpx:hr>167</gpxtpx:hr>
     </gpxtpx:TrackPointExtension>
    </extensions>
   </trkpt>
   <trkpt lat="27.7136510" lon="85.3158130">
    <ele>1300.2</ele>
    <time>2025-10-25T01:22:49Z</time>
    <extensions>
     <gpxtpx:TrackPointExtension>
      <gpxtpx:hr>167</gpxtpx:hr>
     </gpxtpx:TrackPointExtension>
    </extensions>
   </trkpt>
   <trkpt lat="27.7136470" lon="85.3158430">
    <ele>1300.2</ele>
    <time>2025-10-25T01:22:50Z</time>
    <extensions>
     <gpxtpx:TrackPointExtension>
      <gpxtpx:hr>167</gpxtpx:hr>
     </gpxtpx:TrackPointExtension>
    </extensions>
   </trkpt>
   <trkpt lat="27.7136430" lon="85.3158730">
    <ele>1300.2</ele>
    <time>2025-10-25T01:22:51Z</time>
    <extensions>
     <gpxtpx:TrackPointExtension>
      <gpxtpx:hr>167</gpxtpx:hr>
     </gpxtpx:TrackPointExtension>
    </extensions>
   </trkpt>
   <trkpt lat="27.7136390" lon="85.3159030">
    <ele>1300.2</ele>
    <time>2025-10-25T01:22:52Z</time>
    <extensions>
     <gpxtpx:TrackPointExtension>
      <gpxtpx:hr>167</gpxtpx:hr>
     </gpxtpx:TrackPointExtension>
    </extensions>
   </trkpt>
   <trkpt lat="27.7136340" lon="85.3159330">
    <ele>1300.2</ele>
    <time>2025-10-25T01:22:53Z</time>
    <extensions>
     <gpxtpx:TrackPointExtension>
      <gpxtpx:hr>167</gpxtpx:hr>
     </gpxtpx:TrackPointExtension>
    </extensions>
   </trkpt>
   <trkpt lat="27.7136300" lon="85.3159640">
    <ele>1300.2</ele>
    <time>2025-10-25T01:22:54Z</time>
    <extensions>
     <gpxtpx:TrackPointExtension>
      <gpxtpx:hr>167</gpxtpx:hr>
     </gpxtpx:TrackPointExtension>
    </extensions>
   </trkpt>
   <trkpt lat="27.7136250" lon="85.3159940">
    <ele>1300.2</ele>
    <time>2025-10-25T01:22:55Z</time>
    <extensions>
     <gpxtpx:TrackPointExtension>
      <gpxtpx:hr>167</gpxtpx:hr>
     </gpxtpx:TrackPointExtension>
    </extensions>
   </trkpt>
   <trkpt lat="27.7136200" lon="85.3160250">
    <ele>1300.2</ele>
    <time>2025-10-25T01:22:56Z</time>
    <extensions>
     <gpxtpx:TrackPointExtension>
      <gpxtpx:hr>167</gpxtpx:hr>
     </gpxtpx:TrackPointExtension>
    </extensions>
   </trkpt>
   <trkpt lat="27.7136150" lon="85.3160550">
    <ele>1300.2</ele>
    <time>2025-10-25T01:22:57Z</time>
    <extensions>
     <gpxtpx:TrackPointExtension>
      <gpxtpx:hr>167</gpxtpx:hr>
     </gpxtpx:TrackPointExtension>
    </extensions>
   </trkpt>
   <trkpt lat="27.7136100" lon="85.3160860">
    <ele>1300.2</ele>
    <time>2025-10-25T01:22:58Z</time>
    <extensions>
     <gpxtpx:TrackPointExtension>
      <gpxtpx:hr>167</gpxtpx:hr>
     </gpxtpx:TrackPointExtension>
    </extensions>
   </trkpt>
   <trkpt lat="27.7136040" lon="85.3161170">
    <ele>1300.2</ele>
    <time>2025-10-25T01:22:59Z</time>
    <extensions>
     <gpxtpx:TrackPointExtension>
      <gpxtpx:hr>167</gpxtpx:hr>
     </gpxtpx:TrackPointExtension>
    </extensions>
   </trkpt>
   <trkpt lat="27.7135980" lon="85.3161470">
    <ele>1300.2</ele>
    <time>2025-10-25T01:23:00Z</time>
    <extensions>
     <gpxtpx:TrackPointExtension>
      <gpxtpx:hr>167</gpxtpx:hr>
     </gpxtpx:TrackPointExtension>
    </extensions>
   </trkpt>
   <trkpt lat="27.7135930" lon="85.3161780">
    <ele>1300.2</ele>
    <time>2025-10-25T01:23:01Z</time>
    <extensions>
     <gpxtpx:TrackPointExtension>
      <gpxtpx:hr>167</gpxtpx:hr>
     </gpxtpx:TrackPointExtension>
    </extensions>
   </trkpt>
   <trkpt lat="27.7135870" lon="85.3162090">
    <ele>1300.2</ele>
    <time>2025-10-25T01:23:02Z</time>
    <extensions>
     <gpxtpx:TrackPointExtension>
      <gpxtpx:hr>167</gpxtpx:hr>
     </gpxtpx:TrackPointExtension>
    </extensions>
   </trkpt>
   <trkpt lat="27.7135820" lon="85.3162410">
    <ele>1300.2</ele>
    <time>2025-10-25T01:23:03Z</time>
    <extensions>
     <gpxtpx:TrackPointExtension>
      <gpxtpx:hr>167</gpxtpx:hr>
     </gpxtpx:TrackPointExtension>
    </extensions>
   </trkpt>
   <trkpt lat="27.7135760" lon="85.3162720">
    <ele>1300.2</ele>
    <time>2025-10-25T01:23:04Z</time>
    <extensions>
     <gpxtpx:TrackPointExtension>
      <gpxtpx:hr>167</gpxtpx:hr>
     </gpxtpx:TrackPointExtension>
    </extensions>
   </trkpt>
   <trkpt lat="27.7135710" lon="85.3163040">
    <ele>1300.2</ele>
    <time>2025-10-25T01:23:05Z</time>
    <extensions>
     <gpxtpx:TrackPointExtension>
      <gpxtpx:hr>167</gpxtpx:hr>
     </gpxtpx:TrackPointExtension>
    </extensions>
   </trkpt>
   <trkpt lat="27.7135660" lon="85.3163360">
    <ele>1300.2</ele>
    <time>2025-10-25T01:23:06Z</time>
    <extensions>
     <gpxtpx:TrackPointExtension>
      <gpxtpx:hr>167</gpxtpx:hr>
     </gpxtpx:TrackPointExtension>
    </extensions>
   </trkpt>
   <trkpt lat="27.7135600" lon="85.3163670">
    <ele>1300.2</ele>
    <time>2025-10-25T01:23:07Z</time>
    <extensions>
     <gpxtpx:TrackPointExtension>
      <gpxtpx:hr>167</gpxtpx:hr>
     </gpxtpx:TrackPointExtension>
    </extensions>
   </trkpt>
   <trkpt lat="27.7135550" lon="85.3163990">
    <ele>1300.2</ele>
    <time>2025-10-25T01:23:08Z</time>
    <extensions>
     <gpxtpx:TrackPointExtension>
      <gpxtpx:hr>167</gpxtpx:hr>
     </gpxtpx:TrackPointExtension>
    </extensions>
   </trkpt>
   <trkpt lat="27.7135490" lon="85.3164300">
    <ele>1300.2</ele>
    <time>2025-10-25T01:23:09Z</time>
    <extensions>
     <gpxtpx:TrackPointExtension>
      <gpxtpx:hr>167</gpxtpx:hr>
     </gpxtpx:TrackPointExtension>
    </extensions>
   </trkpt>
   <trkpt lat="27.7135420" lon="85.3164610">
    <ele>1300.2</ele>
    <time>2025-10-25T01:23:10Z</time>
    <extensions>
     <gpxtpx:TrackPointExtension>
      <gpxtpx:hr>167</gpxtpx:hr>
     </gpxtpx:TrackPointExtension>
    </extensions>
   </trkpt>
   <trkpt lat="27.7135360" lon="85.3164920">
    <ele>1300.2</ele>
    <time>2025-10-25T01:23:11Z</time>
    <extensions>
     <gpxtpx:TrackPointExtension>
      <gpxtpx:hr>167</gpxtpx:hr>
     </gpxtpx:TrackPointExtension>
    </extensions>
   </trkpt>
   <trkpt lat="27.7135290" lon="85.3165230">
    <ele>1300.2</ele>
    <time>2025-10-25T01:23:12Z</time>
    <extensions>
     <gpxtpx:TrackPointExtension>
      <gpxtpx:hr>167</gpxtpx:hr>
     </gpxtpx:TrackPointExtension>
    </extensions>
   </trkpt>
   <trkpt lat="27.7135220" lon="85.3165540">
    <ele>1300.2</ele>
    <time>2025-10-25T01:23:13Z</time>
    <extensions>
     <gpxtpx:TrackPointExtension>
      <gpxtpx:hr>167</gpxtpx:hr>
     </gpxtpx:TrackPointExtension>
    </extensions>
   </trkpt>
   <trkpt lat="27.7135160" lon="85.3165840">
    <ele>1300.2</ele>
    <time>2025-10-25T01:23:14Z</time>
    <extensions>
     <gpxtpx:TrackPointExtension>
      <gpxtpx:hr>167</gpxtpx:hr>
     </gpxtpx:TrackPointExtension>
    </extensions>
   </trkpt>
   <trkpt lat="27.7135100" lon="85.3166150">
    <ele>1300.2</ele>
    <time>2025-10-25T01:23:15Z</time>
    <extensions>
     <gpxtpx:TrackPointExtension>
      <gpxtpx:hr>167</gpxtpx:hr>
     </gpxtpx:TrackPointExtension>
    </extensions>
   </trkpt>
   <trkpt lat="27.7135050" lon="85.3166460">
    <ele>1300.2</ele>
    <time>2025-10-25T01:23:16Z</time>
    <extensions>
     <gpxtpx:TrackPointExtension>
      <gpxtpx:hr>167</gpxtpx:hr>
     </gpxtpx:TrackPointExtension>
    </extensions>
   </trkpt>
   <trkpt lat="27.7134990" lon="85.3166770">
    <ele>1300.2</ele>
    <time>2025-10-25T01:23:17Z</time>
    <extensions>
     <gpxtpx:TrackPointExtension>
      <gpxtpx:hr>167</gpxtpx:hr>
     </gpxtpx:TrackPointExtension>
    </extensions>
   </trkpt>
   <trkpt lat="27.7134940" lon="85.3167070">
    <ele>1300.2</ele>
    <time>2025-10-25T01:23:18Z</time>
    <extensions>
     <gpxtpx:TrackPointExtension>
      <gpxtpx:hr>167</gpxtpx:hr>
     </gpxtpx:TrackPointExtension>
    </extensions>
   </trkpt>
   <trkpt lat="27.7134890" lon="85.3167370">
    <ele>1300.2</ele>
    <time>2025-10-25T01:23:19Z</time>
    <extensions>
     <gpxtpx:TrackPointExtension>
      <gpxtpx:hr>167</gpxtpx:hr>
     </gpxtpx:TrackPointExtension>
    </extensions>
   </trkpt>
   <trkpt lat="27.7134840" lon="85.3167670">
    <ele>1300.2</ele>
    <time>2025-10-25T01:23:20Z</time>
    <extensions>
     <gpxtpx:TrackPointExtension>
      <gpxtpx:hr>167</gpxtpx:hr>
     </gpxtpx:TrackPointExtension>
    </extensions>
   </trkpt>
   <trkpt lat="27.7134800" lon="85.3167970">
    <ele>1300.2</ele>
    <time>2025-10-25T01:23:21Z</time>
    <extensions>
     <gpxtpx:TrackPointExtension>
      <gpxtpx:hr>167</gpxtpx:hr>
     </gpxtpx:TrackPointExtension>
    </extensions>
   </trkpt>
   <trkpt lat="27.7134750" lon="85.3168270">
    <ele>1300.2</ele>
    <time>2025-10-25T01:23:22Z</time>
    <extensions>
     <gpxtpx:TrackPointExtension>
      <gpxtpx:hr>167</gpxtpx:hr>
     </gpxtpx:TrackPointExtension>
    </extensions>
   </trkpt>
   <trkpt lat="27.7134700" lon="85.3168570">
    <ele>1300.2</ele>
    <time>2025-10-25T01:23:23Z</time>
    <extensions>
     <gpxtpx:TrackPointExtension>
      <gpxtpx:hr>167</gpxtpx:hr>
     </gpxtpx:TrackPointExtension>
    </extensions>
   </trkpt>
   <trkpt lat="27.7134640" lon="85.3168870">
    <ele>1300.2</ele>
    <time>2025-10-25T01:23:24Z</time>
    <extensions>
     <gpxtpx:TrackPointExtension>
      <gpxtpx:hr>167</gpxtpx:hr>
     </gpxtpx:TrackPointExtension>
    </extensions>
   </trkpt>
   <trkpt lat="27.7134580" lon="85.3169160">
    <ele>1300.4</ele>
    <time>2025-10-25T01:23:25Z</time>
    <extensions>
     <gpxtpx:TrackPointExtension>
      <gpxtpx:hr>167</gpxtpx:hr>
     </gpxtpx:TrackPointExtension>
    </extensions>
   </trkpt>
   <trkpt lat="27.7134510" lon="85.3169460">
    <ele>1300.4</ele>
    <time>2025-10-25T01:23:26Z</time>
    <extensions>
     <gpxtpx:TrackPointExtension>
      <gpxtpx:hr>167</gpxtpx:hr>
     </gpxtpx:TrackPointExtension>
    </extensions>
   </trkpt>
   <trkpt lat="27.7134450" lon="85.3169750">
    <ele>1300.4</ele>
    <time>2025-10-25T01:23:27Z</time>
    <extensions>
     <gpxtpx:TrackPointExtension>
      <gpxtpx:hr>167</gpxtpx:hr>
     </gpxtpx:TrackPointExtension>
    </extensions>
   </trkpt>
   <trkpt lat="27.7134380" lon="85.3170050">
    <ele>1300.4</ele>
    <time>2025-10-25T01:23:28Z</time>
    <extensions>
     <gpxtpx:TrackPointExtension>
      <gpxtpx:hr>167</gpxtpx:hr>
     </gpxtpx:TrackPointExtension>
    </extensions>
   </trkpt>
   <trkpt lat="27.7134310" lon="85.3170340">
    <ele>1300.4</ele>
    <time>2025-10-25T01:23:29Z</time>
    <extensions>
     <gpxtpx:TrackPointExtension>
      <gpxtpx:hr>167</gpxtpx:hr>
     </gpxtpx:TrackPointExtension>
    </extensions>
   </trkpt>
   <trkpt lat="27.7134250" lon="85.3170640">
    <ele>1300.4</ele>
    <time>2025-10-25T01:23:30Z</time>
    <extensions>
     <gpxtpx:TrackPointExtension>
      <gpxtpx:hr>167</gpxtpx:hr>
     </gpxtpx:TrackPointExtension>
    </extensions>
   </trkpt>
   <trkpt lat="27.7134180" lon="85.3170930">
    <ele>1300.4</ele>
    <time>2025-10-25T01:23:31Z</time>
    <extensions>
     <gpxtpx:TrackPointExtension>
      <gpxtpx:hr>167</gpxtpx:hr>
     </gpxtpx:TrackPointExtension>
    </extensions>
   </trkpt>
   <trkpt lat="27.7134120" lon="85.3171230">
    <ele>1300.4</ele>
    <time>2025-10-25T01:23:32Z</time>
    <extensions>
     <gpxtpx:TrackPointExtension>
      <gpxtpx:hr>167</gpxtpx:hr>
     </gpxtpx:TrackPointExtension>
    </extensions>
   </trkpt>
   <trkpt lat="27.7134060" lon="85.3171540">
    <ele>1300.4</ele>
    <time>2025-10-25T01:23:33Z</time>
    <extensions>
     <gpxtpx:TrackPointExtension>
      <gpxtpx:hr>167</gpxtpx:hr>
     </gpxtpx:TrackPointExtension>
    </extensions>
   </trkpt>
   <trkpt lat="27.7133990" lon="85.3171840">
    <ele>1300.4</ele>
    <time>2025-10-25T01:23:34Z</time>
    <extensions>
     <gpxtpx:TrackPointExtension>
      <gpxtpx:hr>167</gpxtpx:hr>
     </gpxtpx:TrackPointExtension>
    </extensions>
   </trkpt>
   <trkpt lat="27.7133930" lon="85.3172140">
    <ele>1300.4</ele>
    <time>2025-10-25T01:23:35Z</time>
    <extensions>
     <gpxtpx:TrackPointExtension>
      <gpxtpx:hr>167</gpxtpx:hr>
     </gpxtpx:TrackPointExtension>
    </extensions>
   </trkpt>
   <trkpt lat="27.7133880" lon="85.3172440">
    <ele>1300.4</ele>
    <time>2025-10-25T01:23:36Z</time>
    <extensions>
     <gpxtpx:TrackPointExtension>
      <gpxtpx:hr>167</gpxtpx:hr>
     </gpxtpx:TrackPointExtension>
    </extensions>
   </trkpt>
   <trkpt lat="27.7133820" lon="85.3172740">
    <ele>1300.4</ele>
    <time>2025-10-25T01:23:37Z</time>
    <extensions>
     <gpxtpx:TrackPointExtension>
      <gpxtpx:hr>167</gpxtpx:hr>
     </gpxtpx:TrackPointExtension>
    </extensions>
   </trkpt>
   <trkpt lat="27.7133760" lon="85.3173030">
    <ele>1300.4</ele>
    <time>2025-10-25T01:23:38Z</time>
    <extensions>
     <gpxtpx:TrackPointExtension>
      <gpxtpx:hr>167</gpxtpx:hr>
     </gpxtpx:TrackPointExtension>
    </extensions>
   </trkpt>
   <trkpt lat="27.7133700" lon="85.3173320">
    <ele>1300.4</ele>
    <time>2025-10-25T01:23:39Z</time>
    <extensions>
     <gpxtpx:TrackPointExtension>
      <gpxtpx:hr>167</gpxtpx:hr>
     </gpxtpx:TrackPointExtension>
    </extensions>
   </trkpt>
   <trkpt lat="27.7133640" lon="85.3173610">
    <ele>1300.4</ele>
    <time>2025-10-25T01:23:40Z</time>
    <extensions>
     <gpxtpx:TrackPointExtension>
      <gpxtpx:hr>167</gpxtpx:hr>
     </gpxtpx:TrackPointExtension>
    </extensions>
   </trkpt>
   <trkpt lat="27.7133580" lon="85.3173910">
    <ele>1300.4</ele>
    <time>2025-10-25T01:23:41Z</time>
    <extensions>
     <gpxtpx:TrackPointExtension>
      <gpxtpx:hr>167</gpxtpx:hr>
     </gpxtpx:TrackPointExtension>
    </extensions>
   </trkpt>
   <trkpt lat="27.7133530" lon="85.3174220">
    <ele>1300.4</ele>
    <time>2025-10-25T01:23:42Z</time>
    <extensions>
     <gpxtpx:TrackPointExtension>
      <gpxtpx:hr>167</gpxtpx:hr>
     </gpxtpx:TrackPointExtension>
    </extensions>
   </trkpt>
   <trkpt lat="27.7133470" lon="85.3174520">
    <ele>1300.4</ele>
    <time>2025-10-25T01:23:43Z</time>
    <extensions>
     <gpxtpx:TrackPointExtension>
      <gpxtpx:hr>167</gpxtpx:hr>
     </gpxtpx:TrackPointExtension>
    </extensions>
   </trkpt>
   <trkpt lat="27.7133410" lon="85.3174820">
    <ele>1300.4</ele>
    <time>2025-10-25T01:23:44Z</time>
    <extensions>
     <gpxtpx:TrackPointExtension>
      <gpxtpx:hr>167</gpxtpx:hr>
     </gpxtpx:TrackPointExtension>
    </extensions>
   </trkpt>
   <trkpt lat="27.7133330" lon="85.3175100">
    <ele>1300.4</ele>
    <time>2025-10-25T01:23:45Z</time>
    <extensions>
     <gpxtpx:TrackPointExtension>
      <gpxtpx:hr>167</gpxtpx:hr>
     </gpxtpx:TrackPointExtension>
    </extensions>
   </trkpt>
   <trkpt lat="27.7133240" lon="85.3175370">
    <ele>1300.2</ele>
    <time>2025-10-25T01:23:46Z</time>
    <extensions>
     <gpxtpx:TrackPointExtension>
      <gpxtpx:hr>167</gpxtpx:hr>
     </gpxtpx:TrackPointExtension>
    </extensions>
   </trkpt>
   <trkpt lat="27.7133140" lon="85.3175640">
    <ele>1300.2</ele>
    <time>2025-10-25T01:23:47Z</time>
    <extensions>
     <gpxtpx:TrackPointExtension>
      <gpxtpx:hr>166</gpxtpx:hr>
     </gpxtpx:TrackPointExtension>
    </extensions>
   </trkpt>
   <trkpt lat="27.7133030" lon="85.3175900">
    <ele>1300.2</ele>
    <time>2025-10-25T01:23:48Z</time>
    <extensions>
     <gpxtpx:TrackPointExtension>
      <gpxtpx:hr>166</gpxtpx:hr>
     </gpxtpx:TrackPointExtension>
    </extensions>
   </trkpt>
   <trkpt lat="27.7132910" lon="85.3176160">
    <ele>1300.2</ele>
    <time>2025-10-25T01:23:49Z</time>
    <extensions>
     <gpxtpx:TrackPointExtension>
      <gpxtpx:hr>166</gpxtpx:hr>
     </gpxtpx:TrackPointExtension>
    </extensions>
   </trkpt>
   <trkpt lat="27.7132780" lon="85.3176410">
    <ele>1300.2</ele>
    <time>2025-10-25T01:23:50Z</time>
    <extensions>
     <gpxtpx:TrackPointExtension>
      <gpxtpx:hr>166</gpxtpx:hr>
     </gpxtpx:TrackPointExtension>
    </extensions>
   </trkpt>
   <trkpt lat="27.7132630" lon="85.3176650">
    <ele>1300.2</ele>
    <time>2025-10-25T01:23:51Z</time>
    <extensions>
     <gpxtpx:TrackPointExtension>
      <gpxtpx:hr>166</gpxtpx:hr>
     </gpxtpx:TrackPointExtension>
    </extensions>
   </trkpt>
   <trkpt lat="27.7132470" lon="85.3176890">
    <ele>1300.2</ele>
    <time>2025-10-25T01:23:52Z</time>
    <extensions>
     <gpxtpx:TrackPointExtension>
      <gpxtpx:hr>166</gpxtpx:hr>
     </gpxtpx:TrackPointExtension>
    </extensions>
   </trkpt>
   <trkpt lat="27.7132310" lon="85.3177130">
    <ele>1300.2</ele>
    <time>2025-10-25T01:23:53Z</time>
    <extensions>
     <gpxtpx:TrackPointExtension>
      <gpxtpx:hr>166</gpxtpx:hr>
     </gpxtpx:TrackPointExtension>
    </extensions>
   </trkpt>
   <trkpt lat="27.7132130" lon="85.3177370">
    <ele>1300.2</ele>
    <time>2025-10-25T01:23:54Z</time>
    <extensions>
     <gpxtpx:TrackPointExtension>
      <gpxtpx:hr>166</gpxtpx:hr>
     </gpxtpx:TrackPointExtension>
    </extensions>
   </trkpt>
   <trkpt lat="27.7131940" lon="85.3177590">
    <ele>1300.2</ele>
    <time>2025-10-25T01:23:55Z</time>
    <extensions>
     <gpxtpx:TrackPointExtension>
      <gpxtpx:hr>166</gpxtpx:hr>
     </gpxtpx:TrackPointExtension>
    </extensions>
   </trkpt>
   <trkpt lat="27.7131740" lon="85.3177800">
    <ele>1300.2</ele>
    <time>2025-10-25T01:23:56Z</time>
    <extensions>
     <gpxtpx:TrackPointExtension>
      <gpxtpx:hr>166</gpxtpx:hr>
     </gpxtpx:TrackPointExtension>
    </extensions>
   </trkpt>
   <trkpt lat="27.7131530" lon="85.3178000">
    <ele>1300.2</ele>
    <time>2025-10-25T01:23:57Z</time>
    <extensions>
     <gpxtpx:TrackPointExtension>
      <gpxtpx:hr>166</gpxtpx:hr>
     </gpxtpx:TrackPointExtension>
    </extensions>
   </trkpt>
   <trkpt lat="27.7131310" lon="85.3178180">
    <ele>1300.2</ele>
    <time>2025-10-25T01:23:58Z</time>
    <extensions>
     <gpxtpx:TrackPointExtension>
      <gpxtpx:hr>166</gpxtpx:hr>
     </gpxtpx:TrackPointExtension>
    </extensions>
   </trkpt>
   <trkpt lat="27.7131080" lon="85.3178340">
    <ele>1300.2</ele>
    <time>2025-10-25T01:23:59Z</time>
    <extensions>
     <gpxtpx:TrackPointExtension>
      <gpxtpx:hr>166</gpxtpx:hr>
     </gpxtpx:TrackPointExtension>
    </extensions>
   </trkpt>
   <trkpt lat="27.7130840" lon="85.3178480">
    <ele>1300.2</ele>
    <time>2025-10-25T01:24:00Z</time>
    <extensions>
     <gpxtpx:TrackPointExtension>
      <gpxtpx:hr>166</gpxtpx:hr>
     </gpxtpx:TrackPointExtension>
    </extensions>
   </trkpt>
   <trkpt lat="27.7130600" lon="85.3178600">
    <ele>1300.2</ele>
    <time>2025-10-25T01:24:01Z</time>
    <extensions>
     <gpxtpx:TrackPointExtension>
      <gpxtpx:hr>166</gpxtpx:hr>
     </gpxtpx:TrackPointExtension>
    </extensions>
   </trkpt>
   <trkpt lat="27.7130350" lon="85.3178700">
    <ele>1300.4</ele>
    <time>2025-10-25T01:24:02Z</time>
    <extensions>
     <gpxtpx:TrackPointExtension>
      <gpxtpx:hr>166</gpxtpx:hr>
     </gpxtpx:TrackPointExtension>
    </extensions>
   </trkpt>
   <trkpt lat="27.7130090" lon="85.3178780">
    <ele>1300.4</ele>
    <time>2025-10-25T01:24:03Z</time>
    <extensions>
     <gpxtpx:TrackPointExtension>
      <gpxtpx:hr>166</gpxtpx:hr>
     </gpxtpx:TrackPointExtension>
    </extensions>
   </trkpt>
   <trkpt lat="27.7129830" lon="85.3178850">
    <ele>1300.4</ele>
    <time>2025-10-25T01:24:04Z</time>
    <extensions>
     <gpxtpx:TrackPointExtension>
      <gpxtpx:hr>166</gpxtpx:hr>
     </gpxtpx:TrackPointExtension>
    </extensions>
   </trkpt>
   <trkpt lat="27.7129570" lon="85.3178900">
    <ele>1300.4</ele>
    <time>2025-10-25T01:24:05Z</time>
    <extensions>
     <gpxtpx:TrackPointExtension>
      <gpxtpx:hr>166</gpxtpx:hr>
     </gpxtpx:TrackPointExtension>
    </extensions>
   </trkpt>
   <trkpt lat="27.7129300" lon="85.3178930">
    <ele>1300.4</ele>
    <time>2025-10-25T01:24:06Z</time>
    <extensions>
     <gpxtpx:TrackPointExtension>
      <gpxtpx:hr>166</gpxtpx:hr>
     </gpxtpx:TrackPointExtension>
    </extensions>
   </trkpt>
   <trkpt lat="27.7129040" lon="85.3178950">
    <ele>1300.4</ele>
    <time>2025-10-25T01:24:07Z</time>
    <extensions>
     <gpxtpx:TrackPointExtension>
      <gpxtpx:hr>166</gpxtpx:hr>
     </gpxtpx:TrackPointExtension>
    </extensions>
   </trkpt>
   <trkpt lat="27.7128780" lon="85.3178950">
    <ele>1300.2</ele>
    <time>2025-10-25T01:24:08Z</time>
    <extensions>
     <gpxtpx:TrackPointExtension>
      <gpxtpx:hr>166</gpxtpx:hr>
     </gpxtpx:TrackPointExtension>
    </extensions>
   </trkpt>
   <trkpt lat="27.7128530" lon="85.3178950">
    <ele>1300.2</ele>
    <time>2025-10-25T01:24:09Z</time>
    <extensions>
     <gpxtpx:TrackPointExtension>
      <gpxtpx:hr>166</gpxtpx:hr>
     </gpxtpx:TrackPointExtension>
    </extensions>
   </trkpt>
   <trkpt lat="27.7128280" lon="85.3178930">
    <ele>1300.2</ele>
    <time>2025-10-25T01:24:10Z</time>
    <extensions>
     <gpxtpx:TrackPointExtension>
      <gpxtpx:hr>166</gpxtpx:hr>
     </gpxtpx:TrackPointExtension>
    </extensions>
   </trkpt>
   <trkpt lat="27.7128030" lon="85.3178910">
    <ele>1300.0</ele>
    <time>2025-10-25T01:24:11Z</time>
    <extensions>
     <gpxtpx:TrackPointExtension>
      <gpxtpx:hr>166</gpxtpx:hr>
     </gpxtpx:TrackPointExtension>
    </extensions>
   </trkpt>
   <trkpt lat="27.7127790" lon="85.3178880">
    <ele>1300.0</ele>
    <time>2025-10-25T01:24:12Z</time>
    <extensions>
     <gpxtpx:TrackPointExtension>
      <gpxtpx:hr>166</gpxtpx:hr>
     </gpxtpx:TrackPointExtension>
    </extensions>
   </trkpt>
   <trkpt lat="27.7127540" lon="85.3178850">
    <ele>1300.0</ele>
    <time>2025-10-25T01:24:13Z</time>
    <extensions>
     <gpxtpx:TrackPointExtension>
      <gpxtpx:hr>166</gpxtpx:hr>
     </gpxtpx:TrackPointExtension>
    </extensions>
   </trkpt>
   <trkpt lat="27.7127290" lon="85.3178820">
    <ele>1299.8</ele>
    <time>2025-10-25T01:24:14Z</time>
    <extensions>
     <gpxtpx:TrackPointExtension>
      <gpxtpx:hr>166</gpxtpx:hr>
     </gpxtpx:TrackPointExtension>
    </extensions>
   </trkpt>
   <trkpt lat="27.7127040" lon="85.3178780">
    <ele>1299.8</ele>
    <time>2025-10-25T01:24:15Z</time>
    <extensions>
     <gpxtpx:TrackPointExtension>
      <gpxtpx:hr>166</gpxtpx:hr>
     </gpxtpx:TrackPointExtension>
    </extensions>
   </trkpt>
   <trkpt lat="27.7126780" lon="85.3178740">
    <ele>1299.8</ele>
    <time>2025-10-25T01:24:16Z</time>
    <extensions>
     <gpxtpx:TrackPointExtension>
      <gpxtpx:hr>166</gpxtpx:hr>
     </gpxtpx:TrackPointExtension>
    </extensions>
   </trkpt>
   <trkpt lat="27.7126530" lon="85.3178700">
    <ele>1299.8</ele>
    <time>2025-10-25T01:24:17Z</time>
    <extensions>
     <gpxtpx:TrackPointExtension>
      <gpxtpx:hr>166</gpxtpx:hr>
     </gpxtpx:TrackPointExtension>
    </extensions>
   </trkpt>
   <trkpt lat="27.7126270" lon="85.3178670">
    <ele>1299.8</ele>
    <time>2025-10-25T01:24:18Z</time>
    <extensions>
     <gpxtpx:TrackPointExtension>
      <gpxtpx:hr>166</gpxtpx:hr>
     </gpxtpx:TrackPointExtension>
    </extensions>
   </trkpt>
   <trkpt lat="27.7126020" lon="85.3178630">
    <ele>1299.8</ele>
    <time>2025-10-25T01:24:19Z</time>
    <extensions>
     <gpxtpx:TrackPointExtension>
      <gpxtpx:hr>166</gpxtpx:hr>
     </gpxtpx:TrackPointExtension>
    </extensions>
   </trkpt>
   <trkpt lat="27.7125770" lon="85.3178600">
    <ele>1299.8</ele>
    <time>2025-10-25T01:24:20Z</time>
    <extensions>
     <gpxtpx:TrackPointExtension>
      <gpxtpx:hr>166</gpxtpx:hr>
     </gpxtpx:TrackPointExtension>
    </extensions>
   </trkpt>
   <trkpt lat="27.7125520" lon="85.3178570">
    <ele>1300.0</ele>
    <time>2025-10-25T01:24:21Z</time>
    <extensions>
     <gpxtpx:TrackPointExtension>
      <gpxtpx:hr>166</gpxtpx:hr>
     </gpxtpx:TrackPointExtension>
    </extensions>
   </trkpt>
   <trkpt lat="27.7125280" lon="85.3178530">
    <ele>1300.0</ele>
    <time>2025-10-25T01:24:22Z</time>
    <extensions>
     <gpxtpx:TrackPointExtension>
      <gpxtpx:hr>166</gpxtpx:hr>
     </gpxtpx:TrackPointExtension>
    </extensions>
   </trkpt>
   <trkpt lat="27.7125030" lon="85.3178500">
    <ele>1300.0</ele>
    <time>2025-10-25T01:24:23Z</time>
    <extensions>
     <gpxtpx:TrackPointExtension>
      <gpxtpx:hr>166</gpxtpx:hr>
     </gpxtpx:TrackPointExtension>
    </extensions>
   </trkpt>
   <trkpt lat="27.7124770" lon="85.3178460">
    <ele>1300.0</ele>
    <time>2025-10-25T01:24:24Z</time>
    <extensions>
     <gpxtpx:TrackPointExtension>
      <gpxtpx:hr>166</gpxtpx:hr>
     </gpxtpx:TrackPointExtension>
    </extensions>
   </trkpt>
   <trkpt lat="27.7124510" lon="85.3178410">
    <ele>1300.0</ele>
    <time>2025-10-25T01:24:25Z</time>
    <extensions>
     <gpxtpx:TrackPointExtension>
      <gpxtpx:hr>166</gpxtpx:hr>
     </gpxtpx:TrackPointExtension>
    </extensions>
   </trkpt>
   <trkpt lat="27.7124240" lon="85.3178370">
    <ele>1300.0</ele>
    <time>2025-10-25T01:24:26Z</time>
    <extensions>
     <gpxtpx:TrackPointExtension>
      <gpxtpx:hr>166</gpxtpx:hr>
     </gpxtpx:TrackPointExtension>
    </extensions>
   </trkpt>
   <trkpt lat="27.7123980" lon="85.3178320">
    <ele>1299.8</ele>
    <time>2025-10-25T01:24:27Z</time>
    <extensions>
     <gpxtpx:TrackPointExtension>
      <gpxtpx:hr>166</gpxtpx:hr>
     </gpxtpx:TrackPointExtension>
    </extensions>
   </trkpt>
   <trkpt lat="27.7123710" lon="85.3178270">
    <ele>1299.8</ele>
    <time>2025-10-25T01:24:28Z</time>
    <extensions>
     <gpxtpx:TrackPointExtension>
      <gpxtpx:hr>166</gpxtpx:hr>
     </gpxtpx:TrackPointExtension>
    </extensions>
   </trkpt>
   <trkpt lat="27.7123450" lon="85.3178230">
    <ele>1299.8</ele>
    <time>2025-10-25T01:24:29Z</time>
    <extensions>
     <gpxtpx:TrackPointExtension>
      <gpxtpx:hr>166</gpxtpx:hr>
     </gpxtpx:TrackPointExtension>
    </extensions>
   </trkpt>
   <trkpt lat="27.7123190" lon="85.3178180">
    <ele>1299.8</ele>
    <time>2025-10-25T01:24:30Z</time>
    <extensions>
     <gpxtpx:TrackPointExtension>
      <gpxtpx:hr>166</gpxtpx:hr>
     </gpxtpx:TrackPointExtension>
    </extensions>
   </trkpt>
   <trkpt lat="27.7122940" lon="85.3178140">
    <ele>1299.8</ele>
    <time>2025-10-25T01:24:31Z</time>
    <extensions>
     <gpxtpx:TrackPointExtension>
      <gpxtpx:hr>166</gpxtpx:hr>
     </gpxtpx:TrackPointExtension>
    </extensions>
   </trkpt>
   <trkpt lat="27.7122680" lon="85.3178110">
    <ele>1299.8</ele>
    <time>2025-10-25T01:24:32Z</time>
    <extensions>
     <gpxtpx:TrackPointExtension>
      <gpxtpx:hr>166</gpxtpx:hr>
     </gpxtpx:TrackPointExtension>
    </extensions>
   </trkpt>
   <trkpt lat="27.7122430" lon="85.3178070">
    <ele>1299.8</ele>
    <time>2025-10-25T01:24:33Z</time>
    <extensions>
     <gpxtpx:TrackPointExtension>
      <gpxtpx:hr>166</gpxtpx:hr>
     </gpxtpx:TrackPointExtension>
    </extensions>
   </trkpt>
   <trkpt lat="27.7122170" lon="85.3178020">
    <ele>1299.8</ele>
    <time>2025-10-25T01:24:34Z</time>
    <extensions>
     <gpxtpx:TrackPointExtension>
      <gpxtpx:hr>166</gpxtpx:hr>
     </gpxtpx:TrackPointExtension>
    </extensions>
   </trkpt>
   <trkpt lat="27.7121910" lon="85.3177970">
    <ele>1299.8</ele>
    <time>2025-10-25T01:24:35Z</time>
    <extensions>
     <gpxtpx:TrackPointExtension>
      <gpxtpx:hr>166</gpxtpx:hr>
     </gpxtpx:TrackPointExtension>
    </extensions>
   </trkpt>
   <trkpt lat="27.7121640" lon="85.3177910">
    <ele>1299.8</ele>
    <time>2025-10-25T01:24:36Z</time>
    <extensions>
     <gpxtpx:TrackPointExtension>
      <gpxtpx:hr>166</gpxtpx:hr>
     </gpxtpx:TrackPointExtension>
    </extensions>
   </trkpt>
   <trkpt lat="27.7121380" lon="85.3177860">
    <ele>1299.6</ele>
    <time>2025-10-25T01:24:37Z</time>
    <extensions>
     <gpxtpx:TrackPointExtension>
      <gpxtpx:hr>166</gpxtpx:hr>
     </gpxtpx:TrackPointExtension>
    </extensions>
   </trkpt>
   <trkpt lat="27.7121120" lon="85.3177790">
    <ele>1299.6</ele>
    <time>2025-10-25T01:24:38Z</time>
    <extensions>
     <gpxtpx:TrackPointExtension>
      <gpxtpx:hr>166</gpxtpx:hr>
     </gpxtpx:TrackPointExtension>
    </extensions>
   </trkpt>
   <trkpt lat="27.7120860" lon="85.3177730">
    <ele>1299.6</ele>
    <time>2025-10-25T01:24:39Z</time>
    <extensions>
     <gpxtpx:TrackPointExtension>
      <gpxtpx:hr>166</gpxtpx:hr>
     </gpxtpx:TrackPointExtension>
    </extensions>
   </trkpt>
   <trkpt lat="27.7120600" lon="85.3177670">
    <ele>1299.6</ele>
    <time>2025-10-25T01:24:40Z</time>
    <extensions>
     <gpxtpx:TrackPointExtension>
      <gpxtpx:hr>166</gpxtpx:hr>
     </gpxtpx:TrackPointExtension>
    </extensions>
   </trkpt>
   <trkpt lat="27.7120340" lon="85.3177610">
    <ele>1299.6</ele>
    <time>2025-10-25T01:24:41Z</time>
    <extensions>
     <gpxtpx:TrackPointExtension>
      <gpxtpx:hr>166</gpxtpx:hr>
     </gpxtpx:TrackPointExtension>
    </extensions>
   </trkpt>
   <trkpt lat="27.7120070" lon="85.3177550">
    <ele>1299.4</ele>
    <time>2025-10-25T01:24:42Z</time>
    <extensions>
     <gpxtpx:TrackPointExtension>
      <gpxtpx:hr>166</gpxtpx:hr>
     </gpxtpx:TrackPointExtension>
    </extensions>
   </trkpt>
   <trkpt lat="27.7119810" lon="85.3177490">
    <ele>1299.4</ele>
    <time>2025-10-25T01:24:43Z</time>
    <extensions>
     <gpxtpx:TrackPointExtension>
      <gpxtpx:hr>166</gpxtpx:hr>
     </gpxtpx:TrackPointExtension>
    </extensions>
   </trkpt>
   <trkpt lat="27.7119540" lon="85.3177440">
    <ele>1299.4</ele>
    <time>2025-10-25T01:24:44Z</time>
    <extensions>
     <gpxtpx:TrackPointExtension>
      <gpxtpx:hr>166</gpxtpx:hr>
     </gpxtpx:TrackPointExtension>
    </extensions>
   </trkpt>
   <trkpt lat="27.7119270" lon="85.3177390">
    <ele>1299.4</ele>
    <time>2025-10-25T01:24:45Z</time>
    <extensions>
     <gpxtpx:TrackPointExtension>
      <gpxtpx:hr>166</gpxtpx:hr>
     </gpxtpx:TrackPointExtension>
    </extensions>
   </trkpt>
   <trkpt lat="27.7119000" lon="85.3177340">
    <ele>1299.4</ele>
    <time>2025-10-25T01:24:46Z</time>
    <extensions>
     <gpxtpx:TrackPointExtension>
      <gpxtpx:hr>166</gpxtpx:hr>
     </gpxtpx:TrackPointExtension>
    </extensions>
   </trkpt>
   <trkpt lat="27.7118740" lon="85.3177300">
    <ele>1299.4</ele>
    <time>2025-10-25T01:24:47Z</time>
    <extensions>
     <gpxtpx:TrackPointExtension>
      <gpxtpx:hr>166</gpxtpx:hr>
     </gpxtpx:TrackPointExtension>
    </extensions>
   </trkpt>
   <trkpt lat="27.7118480" lon="85.3177260">
    <ele>1299.2</ele>
    <time>2025-10-25T01:24:48Z</time>
    <extensions>
     <gpxtpx:TrackPointExtension>
      <gpxtpx:hr>166</gpxtpx:hr>
     </gpxtpx:TrackPointExtension>
    </extensions>
   </trkpt>
   <trkpt lat="27.7118220" lon="85.3177230">
    <ele>1299.2</ele>
    <time>2025-10-25T01:24:49Z</time>
    <extensions>
     <gpxtpx:TrackPointExtension>
      <gpxtpx:hr>166</gpxtpx:hr>
     </gpxtpx:TrackPointExtension>
    </extensions>
   </trkpt>
   <trkpt lat="27.7117960" lon="85.3177210">
    <ele>1299.2</ele>
    <time>2025-10-25T01:24:50Z</time>
    <extensions>
     <gpxtpx:TrackPointExtension>
      <gpxtpx:hr>166</gpxtpx:hr>
     </gpxtpx:TrackPointExtension>
    </extensions>
   </trkpt>
   <trkpt lat="27.7117700" lon="85.3177180">
    <ele>1299.2</ele>
    <time>2025-10-25T01:24:51Z</time>
    <extensions>
     <gpxtpx:TrackPointExtension>
      <gpxtpx:hr>166</gpxtpx:hr>
     </gpxtpx:TrackPointExtension>
    </extensions>
   </trkpt>
   <trkpt lat="27.7117430" lon="85.3177150">
    <ele>1299.2</ele>
    <time>2025-10-25T01:24:52Z</time>
    <extensions>
     <gpxtpx:TrackPointExtension>
      <gpxtpx:hr>166</gpxtpx:hr>
     </gpxtpx:TrackPointExtension>
    </extensions>
   </trkpt>
   <trkpt lat="27.7117170" lon="85.3177120">
    <ele>1299.2</ele>
    <time>2025-10-25T01:24:53Z</time>
    <extensions>
     <gpxtpx:TrackPointExtension>
      <gpxtpx:hr>166</gpxtpx:hr>
     </gpxtpx:TrackPointExtension>
    </extensions>
   </trkpt>
   <trkpt lat="27.7116890" lon="85.3177090">
    <ele>1299.0</ele>
    <time>2025-10-25T01:24:54Z</time>
    <extensions>
     <gpxtpx:TrackPointExtension>
      <gpxtpx:hr>166</gpxtpx:hr>
     </gpxtpx:TrackPointExtension>
    </extensions>
   </trkpt>
   <trkpt lat="27.7116620" lon="85.3177060">
    <ele>1299.0</ele>
    <time>2025-10-25T01:24:55Z</time>
    <extensions>
     <gpxtpx:TrackPointExtension>
      <gpxtpx:hr>166</gpxtpx:hr>
     </gpxtpx:TrackPointExtension>
    </extensions>
   </trkpt>
   <trkpt lat="27.7116350" lon="85.3177020">
    <ele>1299.0</ele>
    <time>2025-10-25T01:24:56Z</time>
    <extensions>
     <gpxtpx:TrackPointExtension>
      <gpxtpx:hr>166</gpxtpx:hr>
     </gpxtpx:TrackPointExtension>
    </extensions>
   </trkpt>
   <trkpt lat="27.7116080" lon="85.3176990">
    <ele>1299.0</ele>
    <time>2025-10-25T01:24:57Z</time>
    <extensions>
     <gpxtpx:TrackPointExtension>
      <gpxtpx:hr>166</gpxtpx:hr>
     </gpxtpx:TrackPointExtension>
    </extensions>
   </trkpt>
   <trkpt lat="27.7115820" lon="85.3176960">
    <ele>1299.0</ele>
    <time>2025-10-25T01:24:58Z</time>
    <extensions>
     <gpxtpx:TrackPointExtension>
      <gpxtpx:hr>166</gpxtpx:hr>
     </gpxtpx:TrackPointExtension>
    </extensions>
   </trkpt>
   <trkpt lat="27.7115540" lon="85.3176940">
    <ele>1298.8</ele>
    <time>2025-10-25T01:24:59Z</time>
    <extensions>
     <gpxtpx:TrackPointExtension>
      <gpxtpx:hr>166</gpxtpx:hr>
     </gpxtpx:TrackPointExtension>
    </extensions>
   </trkpt>
   <trkpt lat="27.7115270" lon="85.3176910">
    <ele>1298.8</ele>
    <time>2025-10-25T01:25:00Z</time>
    <extensions>
     <gpxtpx:TrackPointExtension>
      <gpxtpx:hr>166</gpxtpx:hr>
     </gpxtpx:TrackPointExtension>
    </extensions>
   </trkpt>
   <trkpt lat="27.7114990" lon="85.3176880">
    <ele>1298.8</ele>
    <time>2025-10-25T01:25:01Z</time>
    <extensions>
     <gpxtpx:TrackPointExtension>
      <gpxtpx:hr>166</gpxtpx:hr>
     </gpxtpx:TrackPointExtension>
    </extensions>
   </trkpt>
   <trkpt lat="27.7114720" lon="85.3176850">
    <ele>1298.8</ele>
    <time>2025-10-25T01:25:02Z</time>
    <extensions>
     <gpxtpx:TrackPointExtension>
      <gpxtpx:hr>166</gpxtpx:hr>
     </gpxtpx:TrackPointExtension>
    </extensions>
   </trkpt>
   <trkpt lat="27.7114450" lon="85.3176810">
    <ele>1298.8</ele>
    <time>2025-10-25T01:25:03Z</time>
    <extensions>
     <gpxtpx:TrackPointExtension>
      <gpxtpx:hr>166</gpxtpx:hr>
     </gpxtpx:TrackPointExtension>
    </extensions>
   </trkpt>
   <trkpt lat="27.7114180" lon="85.3176770">
    <ele>1298.6</ele>
    <time>2025-10-25T01:25:04Z</time>
    <extensions>
     <gpxtpx:TrackPointExtension>
      <gpxtpx:hr>166</gpxtpx:hr>
     </gpxtpx:TrackPointExtension>
    </extensions>
   </trkpt>
   <trkpt lat="27.7113910" lon="85.3176720">
    <ele>1298.6</ele>
    <time>2025-10-25T01:25:05Z</time>
    <extensions>
     <gpxtpx:TrackPointExtension>
      <gpxtpx:hr>166</gpxtpx:hr>
     </gpxtpx:TrackPointExtension>
    </extensions>
   </trkpt>
   <trkpt lat="27.7113640" lon="85.3176670">
    <ele>1298.6</ele>
    <time>2025-10-25T01:25:06Z</time>
    <extensions>
     <gpxtpx:TrackPointExtension>
      <gpxtpx:hr>166</gpxtpx:hr>
     </gpxtpx:TrackPointExtension>
    </extensions>
   </trkpt>
   <trkpt lat="27.7113370" lon="85.3176620">
    <ele>1298.6</ele>
    <time>2025-10-25T01:25:07Z</time>
    <extensions>
     <gpxtpx:TrackPointExtension>
      <gpxtpx:hr>166</gpxtpx:hr>
     </gpxtpx:TrackPointExtension>
    </extensions>
   </trkpt>
   <trkpt lat="27.7113100" lon="85.3176570">
    <ele>1298.6</ele>
    <time>2025-10-25T01:25:08Z</time>
    <extensions>
     <gpxtpx:TrackPointExtension>
      <gpxtpx:hr>166</gpxtpx:hr>
     </gpxtpx:TrackPointExtension>
    </extensions>
   </trkpt>
   <trkpt lat="27.7112830" lon="85.3176520">
    <ele>1298.6</ele>
    <time>2025-10-25T01:25:09Z</time>
    <extensions>
     <gpxtpx:TrackPointExtension>
      <gpxtpx:hr>166</gpxtpx:hr>
     </gpxtpx:TrackPointExtension>
    </extensions>
   </trkpt>
   <trkpt lat="27.7112550" lon="85.3176470">
    <ele>1298.6</ele>
    <time>2025-10-25T01:25:10Z</time>
    <extensions>
     <gpxtpx:TrackPointExtension>
      <gpxtpx:hr>166</gpxtpx:hr>
     </gpxtpx:TrackPointExtension>
    </extensions>
   </trkpt>
   <trkpt lat="27.7112260" lon="85.3176420">
    <ele>1298.6</ele>
    <time>2025-10-25T01:25:11Z</time>
    <extensions>
     <gpxtpx:TrackPointExtension>
      <gpxtpx:hr>166</gpxtpx:hr>
     </gpxtpx:TrackPointExtension>
    </extensions>
   </trkpt>
   <trkpt lat="27.7111970" lon="85.3176380">
    <ele>1298.6</ele>
    <time>2025-10-25T01:25:12Z</time>
    <extensions>
     <gpxtpx:TrackPointExtension>
      <gpxtpx:hr>166</gpxtpx:hr>
     </gpxtpx:TrackPointExtension>
    </extensions>
   </trkpt>
   <trkpt lat="27.7111680" lon="85.3176330">
    <ele>1298.6</ele>
    <time>2025-10-25T01:25:13Z</time>
    <extensions>
     <gpxtpx:TrackPointExtension>
      <gpxtpx:hr>166</gpxtpx:hr>
     </gpxtpx:TrackPointExtension>
    </extensions>
   </trkpt>
   <trkpt lat="27.7111390" lon="85.3176280">
    <ele>1298.4</ele>
    <time>2025-10-25T01:25:14Z</time>
    <extensions>
     <gpxtpx:TrackPointExtension>
      <gpxtpx:hr>166</gpxtpx:hr>
     </gpxtpx:TrackPointExtension>
    </extensions>
   </trkpt>
   <trkpt lat="27.7111100" lon="85.3176230">
    <ele>1298.4</ele>
    <time>2025-10-25T01:25:15Z</time>
    <extensions>
     <gpxtpx:TrackPointExtension>
      <gpxtpx:hr>166</gpxtpx:hr>
     </gpxtpx:TrackPointExtension>
    </extensions>
   </trkpt>
   <trkpt lat="27.7110820" lon="85.3176190">
    <ele>1298.4</ele>
    <time>2025-10-25T01:25:16Z</time>
    <extensions>
     <gpxtpx:TrackPointExtension>
      <gpxtpx:hr>166</gpxtpx:hr>
     </gpxtpx:TrackPointExtension>
    </extensions>
   </trkpt>
   <trkpt lat="27.7110540" lon="85.3176140">
    <ele>1298.4</ele>
    <time>2025-10-25T01:25:17Z</time>
    <extensions>
     <gpxtpx:TrackPointExtension>
      <gpxtpx:hr>166</gpxtpx:hr>
     </gpxtpx:TrackPointExtension>
    </extensions>
   </trkpt>
   <trkpt lat="27.7110260" lon="85.3176100">
    <ele>1298.4</ele>
    <time>2025-10-25T01:25:18Z</time>
    <extensions>
     <gpxtpx:TrackPointExtension>
      <gpxtpx:hr>167</gpxtpx:hr>
     </gpxtpx:TrackPointExtension>
    </extensions>
   </trkpt>
   <trkpt lat="27.7109980" lon="85.3176050">
    <ele>1298.4</ele>
    <time>2025-10-25T01:25:19Z</time>
    <extensions>
     <gpxtpx:TrackPointExtension>
      <gpxtpx:hr>167</gpxtpx:hr>
     </gpxtpx:TrackPointExtension>
    </extensions>
   </trkpt>
   <trkpt lat="27.7109710" lon="85.3176010">
    <ele>1298.4</ele>
    <time>2025-10-25T01:25:20Z</time>
    <extensions>
     <gpxtpx:TrackPointExtension>
      <gpxtpx:hr>167</gpxtpx:hr>
     </gpxtpx:TrackPointExtension>
    </extensions>
   </trkpt>
   <trkpt lat="27.7109420" lon="85.3175960">
    <ele>1298.2</ele>
    <time>2025-10-25T01:25:21Z</time>
    <extensions>
     <gpxtpx:TrackPointExtension>
      <gpxtpx:hr>167</gpxtpx:hr>
     </gpxtpx:TrackPointExtension>
    </extensions>
   </trkpt>
   <trkpt lat="27.7109140" lon="85.3175920">
    <ele>1298.2</ele>
    <time>2025-10-25T01:25:22Z</time>
    <extensions>
     <gpxtpx:TrackPointExtension>
      <gpxtpx:hr>167</gpxtpx:hr>
     </gpxtpx:TrackPointExtension>
    </extensions>
   </trkpt>
   <trkpt lat="27.7108860" lon="85.3175880">
    <ele>1298.2</ele>
    <time>2025-10-25T01:25:23Z</time>
    <extensions>
     <gpxtpx:TrackPointExtension>
      <gpxtpx:hr>167</gpxtpx:hr>
     </gpxtpx:TrackPointExtension>
    </extensions>
   </trkpt>
   <trkpt lat="27.7108570" lon="85.3175830">
    <ele>1298.2</ele>
    <time>2025-10-25T01:25:24Z</time>
    <extensions>
     <gpxtpx:TrackPointExtension>
      <gpxtpx:hr>167</gpxtpx:hr>
     </gpxtpx:TrackPointExtension>
    </extensions>
   </trkpt>
   <trkpt lat="27.7108290" lon="85.3175790">
    <ele>1298.2</ele>
    <time>2025-10-25T01:25:25Z</time>
    <extensions>
     <gpxtpx:TrackPointExtension>
      <gpxtpx:hr>167</gpxtpx:hr>
     </gpxtpx:TrackPointExtension>
    </extensions>
   </trkpt>
   <trkpt lat="27.7108000" lon="85.3175750">
    <ele>1298.2</ele>
    <time>2025-10-25T01:25:26Z</time>
    <extensions>
     <gpxtpx:TrackPointExtension>
      <gpxtpx:hr>167</gpxtpx:hr>
     </gpxtpx:TrackPointExtension>
    </extensions>
   </trkpt>
   <trkpt lat="27.7107730" lon="85.3175700">
    <ele>1298.0</ele>
    <time>2025-10-25T01:25:27Z</time>
    <extensions>
     <gpxtpx:TrackPointExtension>
      <gpxtpx:hr>167</gpxtpx:hr>
     </gpxtpx:TrackPointExtension>
    </extensions>
   </trkpt>
   <trkpt lat="27.7107460" lon="85.3175660">
    <ele>1298.0</ele>
    <time>2025-10-25T01:25:28Z</time>
    <extensions>
     <gpxtpx:TrackPointExtension>
      <gpxtpx:hr>167</gpxtpx:hr>
     </gpxtpx:TrackPointExtension>
    </extensions>
   </trkpt>
   <trkpt lat="27.7107190" lon="85.3175610">
    <ele>1298.0</ele>
    <time>2025-10-25T01:25:29Z</time>
    <extensions>
     <gpxtpx:TrackPointExtension>
      <gpxtpx:hr>167</gpxtpx:hr>
     </gpxtpx:TrackPointExtension>
    </extensions>
   </trkpt>
   <trkpt lat="27.7106920" lon="85.3175570">
    <ele>1298.0</ele>
    <time>2025-10-25T01:25:30Z</time>
    <extensions>
     <gpxtpx:TrackPointExtension>
      <gpxtpx:hr>167</gpxtpx:hr>
     </gpxtpx:TrackPointExtension>
    </extensions>
   </trkpt>
   <trkpt lat="27.7106650" lon="85.3175530">
    <ele>1298.0</ele>
    <time>2025-10-25T01:25:31Z</time>
    <extensions>
     <gpxtpx:TrackPointExtension>
      <gpxtpx:hr>167</gpxtpx:hr>
     </gpxtpx:TrackPointExtension>
    </extensions>
   </trkpt>
   <trkpt lat="27.7106380" lon="85.3175500">
    <ele>1298.0</ele>
    <time>2025-10-25T01:25:32Z</time>
    <extensions>
     <gpxtpx:TrackPointExtension>
      <gpxtpx:hr>167</gpxtpx:hr>
     </gpxtpx:TrackPointExtension>
    </extensions>
   </trkpt>
   <trkpt lat="27.7106100" lon="85.3175470">
    <ele>1298.0</ele>
    <time>2025-10-25T01:25:33Z</time>
    <extensions>
     <gpxtpx:TrackPointExtension>
      <gpxtpx:hr>167</gpxtpx:hr>
     </gpxtpx:TrackPointExtension>
    </extensions>
   </trkpt>
   <trkpt lat="27.7105820" lon="85.3175440">
    <ele>1298.0</ele>
    <time>2025-10-25T01:25:34Z</time>
    <extensions>
     <gpxtpx:TrackPointExtension>
      <gpxtpx:hr>167</gpxtpx:hr>
     </gpxtpx:TrackPointExtension>
    </extensions>
   </trkpt>
   <trkpt lat="27.7105540" lon="85.3175400">
    <ele>1297.8</ele>
    <time>2025-10-25T01:25:35Z</time>
    <extensions>
     <gpxtpx:TrackPointExtension>
      <gpxtpx:hr>167</gpxtpx:hr>
     </gpxtpx:TrackPointExtension>
    </extensions>
   </trkpt>
   <trkpt lat="27.7105270" lon="85.3175370">
    <ele>1297.8</ele>
    <time>2025-10-25T01:25:36Z</time>
    <extensions>
     <gpxtpx:TrackPointExtension>
      <gpxtpx:hr>167</gpxtpx:hr>
     </gpxtpx:TrackPointExtension>
    </extensions>
   </trkpt>
   <trkpt lat="27.7105010" lon="85.3175330">
    <ele>1297.8</ele>
    <time>2025-10-25T01:25:37Z</time>
    <extensions>
     <gpxtpx:TrackPointExtension>
      <gpxtpx:hr>167</gpxtpx:hr>
     </gpxtpx:TrackPointExtension>
    </extensions>
   </trkpt>
   <trkpt lat="27.7104740" lon="85.3175290">
    <ele>1297.8</ele>
    <time>2025-10-25T01:25:38Z</time>
    <extensions>
     <gpxtpx:TrackPointExtension>
      <gpxtpx:hr>167</gpxtpx:hr>
     </gpxtpx:TrackPointExtension>
    </extensions>
   </trkpt>
   <trkpt lat="27.7104470" lon="85.3175250">
    <ele>1297.8</ele>
    <time>2025-10-25T01:25:39Z</time>
    <extensions>
     <gpxtpx:TrackPointExtension>
      <gpxtpx:hr>167</gpxtpx:hr>
     </gpxtpx:TrackPointExtension>
    </extensions>
   </trkpt>
   <trkpt lat="27.7104210" lon="85.3175210">
    <ele>1297.8</ele>
    <time>2025-10-25T01:25:40Z</time>
    <extensions>
     <gpxtpx:TrackPointExtension>
      <gpxtpx:hr>167</gpxtpx:hr>
     </gpxtpx:TrackPointExtension>
    </extensions>
   </trkpt>
   <trkpt lat="27.7103930" lon="85.3175170">
    <ele>1297.8</ele>
    <time>2025-10-25T01:25:41Z</time>
    <extensions>
     <gpxtpx:TrackPointExtension>
      <gpxtpx:hr>167</gpxtpx:hr>
     </gpxtpx:TrackPointExtension>
    </extensions>
   </trkpt>
   <trkpt lat="27.7103660" lon="85.3175140">
    <ele>1297.8</ele>
    <time>2025-10-25T01:25:42Z</time>
    <extensions>
     <gpxtpx:TrackPointExtension>
      <gpxtpx:hr>167</gpxtpx:hr>
     </gpxtpx:TrackPointExtension>
    </extensions>
   </trkpt>
   <trkpt lat="27.7103380" lon="85.3175110">
    <ele>1297.8</ele>
    <time>2025-10-25T01:25:43Z</time>
    <extensions>
     <gpxtpx:TrackPointExtension>
      <gpxtpx:hr>167</gpxtpx:hr>
     </gpxtpx:TrackPointExtension>
    </extensions>
   </trkpt>
   <trkpt lat="27.7103110" lon="85.3175080">
    <ele>1297.6</ele>
    <time>2025-10-25T01:25:44Z</time>
    <extensions>
     <gpxtpx:TrackPointExtension>
      <gpxtpx:hr>167</gpxtpx:hr>
     </gpxtpx:TrackPointExtension>
    </extensions>
   </trkpt>
   <trkpt lat="27.7102840" lon="85.3175060">
    <ele>1297.6</ele>
    <time>2025-10-25T01:25:45Z</time>
    <extensions>
     <gpxtpx:TrackPointExtension>
      <gpxtpx:hr>167</gpxtpx:hr>
     </gpxtpx:TrackPointExtension>
    </extensions>
   </trkpt>
   <trkpt lat="27.7102570" lon="85.3175040">
    <ele>1297.6</ele>
    <time>2025-10-25T01:25:46Z</time>
    <extensions>
     <gpxtpx:TrackPointExtension>
      <gpxtpx:hr>167</gpxtpx:hr>
     </gpxtpx:TrackPointExtension>
    </extensions>
   </trkpt>
   <trkpt lat="27.7102300" lon="85.3175030">
    <ele>1297.6</ele>
    <time>2025-10-25T01:25:47Z</time>
    <extensions>
     <gpxtpx:TrackPointExtension>
      <gpxtpx:hr>167</gpxtpx:hr>
     </gpxtpx:TrackPointExtension>
    </extensions>
   </trkpt>
   <trkpt lat="27.7102040" lon="85.3175020">
    <ele>1297.6</ele>
    <time>2025-10-25T01:25:48Z</time>
    <extensions>
     <gpxtpx:TrackPointExtension>
      <gpxtpx:hr>167</gpxtpx:hr>
     </gpxtpx:TrackPointExtension>
    </extensions>
   </trkpt>
   <trkpt lat="27.7101770" lon="85.3175020">
    <ele>1297.6</ele>
    <time>2025-10-25T01:25:49Z</time>
    <extensions>
     <gpxtpx:TrackPointExtension>
      <gpxtpx:hr>167</gpxtpx:hr>
     </gpxtpx:TrackPointExtension>
    </extensions>
   </trkpt>
   <trkpt lat="27.7101510" lon="85.3175020">
    <ele>1297.6</ele>
    <time>2025-10-25T01:25:50Z</time>
    <extensions>
     <gpxtpx:TrackPointExtension>
      <gpxtpx:hr>167</gpxtpx:hr>
     </gpxtpx:TrackPointExtension>
    </extensions>
   </trkpt>
   <trkpt lat="27.7101250" lon="85.3175030">
    <ele>1297.6</ele>
    <time>2025-10-25T01:25:51Z</time>
    <extensions>
     <gpxtpx:TrackPointExtension>
      <gpxtpx:hr>167</gpxtpx:hr>
     </gpxtpx:TrackPointExtension>
    </extensions>
   </trkpt>
   <trkpt lat="27.7100990" lon="85.3175040">
    <ele>1297.6</ele>
    <time>2025-10-25T01:25:52Z</time>
    <extensions>
     <gpxtpx:TrackPointExtension>
      <gpxtpx:hr>167</gpxtpx:hr>
     </gpxtpx:TrackPointExtension>
    </extensions>
   </trkpt>
   <trkpt lat="27.7100720" lon="85.3175040">
    <ele>1297.6</ele>
    <time>2025-10-25T01:25:53Z</time>
    <extensions>
     <gpxtpx:TrackPointExtension>
      <gpxtpx:hr>167</gpxtpx:hr>
     </gpxtpx:TrackPointExtension>
    </extensions>
   </trkpt>
   <trkpt lat="27.7100440" lon="85.3175040">
    <ele>1297.6</ele>
    <time>2025-10-25T01:25:54Z</time>
    <extensions>
     <gpxtpx:TrackPointExtension>
      <gpxtpx:hr>167</gpxtpx:hr>
     </gpxtpx:TrackPointExtension>
    </extensions>
   </trkpt>
   <trkpt lat="27.7100170" lon="85.3175020">
    <ele>1297.4</ele>
    <time>2025-10-25T01:25:55Z</time>
    <extensions>
     <gpxtpx:TrackPointExtension>
      <gpxtpx:hr>167</gpxtpx:hr>
     </gpxtpx:TrackPointExtension>
    </extensions>
   </trkpt>
   <trkpt lat="27.7099890" lon="85.3174980">
    <ele>1297.4</ele>
    <time>2025-10-25T01:25:56Z</time>
    <extensions>
     <gpxtpx:TrackPointExtension>
      <gpxtpx:hr>167</gpxtpx:hr>
     </gpxtpx:TrackPointExtension>
    </extensions>
   </trkpt>
   <trkpt lat="27.7099620" lon="85.3174930">
    <ele>1297.4</ele>
    <time>2025-10-25T01:25:57Z</time>
    <extensions>
     <gpxtpx:TrackPointExtension>
      <gpxtpx:hr>167</gpxtpx:hr>
     </gpxtpx:TrackPointExtension>
    </extensions>
   </trkpt>
   <trkpt lat="27.7099350" lon="85.3174860">
    <ele>1297.4</ele>
    <time>2025-10-25T01:25:58Z</time>
    <extensions>
     <gpxtpx:TrackPointExtension>
      <gpxtpx:hr>167</gpxtpx:hr>
     </gpxtpx:TrackPointExtension>
    </extensions>
   </trkpt>
   <trkpt lat="27.7099090" lon="85.3174780">
    <ele>1297.4</ele>
    <time>2025-10-25T01:25:59Z</time>
    <extensions>
     <gpxtpx:TrackPointExtension>
      <gpxtpx:hr>167</gpxtpx:hr>
     </gpxtpx:TrackPointExtension>
    </extensions>
   </trkpt>
   <trkpt lat="27.7098840" lon="85.3174690">
    <ele>1297.4</ele>
    <time>2025-10-25T01:26:00Z</time>
    <extensions>
     <gpxtpx:TrackPointExtension>
      <gpxtpx:hr>167</gpxtpx:hr>
     </gpxtpx:TrackPointExtension>
    </extensions>
   </trkpt>
   <trkpt lat="27.7098580" lon="85.3174580">
    <ele>1297.4</ele>
    <time>2025-10-25T01:26:01Z</time>
    <extensions>
     <gpxtpx:TrackPointExtension>
      <gpxtpx:hr>167</gpxtpx:hr>
     </gpxtpx:TrackPointExtension>
    </extensions>
   </trkpt>
   <trkpt lat="27.7098330" lon="85.3174460">
    <ele>1297.4</ele>
    <time>2025-10-25T01:26:02Z</time>
    <extensions>
     <gpxtpx:TrackPointExtension>
      <gpxtpx:hr>167</gpxtpx:hr>
     </gpxtpx:TrackPointExtension>
    </extensions>
   </trkpt>
   <trkpt lat="27.7098080" lon="85.3174330">
    <ele>1297.4</ele>
    <time>2025-10-25T01:26:03Z</time>
    <extensions>
     <gpxtpx:TrackPointExtension>
      <gpxtpx:hr>167</gpxtpx:hr>
     </gpxtpx:TrackPointExtension>
    </extensions>
   </trkpt>
   <trkpt lat="27.7097840" lon="85.3174190">
    <ele>1297.2</ele>
    <time>2025-10-25T01:26:04Z</time>
    <extensions>
     <gpxtpx:TrackPointExtension>
      <gpxtpx:hr>167</gpxtpx:hr>
     </gpxtpx:TrackPointExtension>
    </extensions>
   </trkpt>
   <trkpt lat="27.7097590" lon="85.3174050">
    <ele>1297.2</ele>
    <time>2025-10-25T01:26:05Z</time>
    <extensions>
     <gpxtpx:TrackPointExtension>
      <gpxtpx:hr>167</gpxtpx:hr>
     </gpxtpx:TrackPointExtension>
    </extensions>
   </trkpt>
   <trkpt lat="27.7097340" lon="85.3173900">
    <ele>1297.2</ele>
    <time>2025-10-25T01:26:06Z</time>
    <extensions>
     <gpxtpx:TrackPointExtension>
      <gpxtpx:hr>167</gpxtpx:hr>
     </gpxtpx:TrackPointExtension>
    </extensions>
   </trkpt>
   <trkpt lat="27.7097090" lon="85.3173750">
    <ele>1297.2</ele>
    <time>2025-10-25T01:26:07Z</time>
    <extensions>
     <gpxtpx:TrackPointExtension>
      <gpxtpx:hr>167</gpxtpx:hr>
     </gpxtpx:TrackPointExtension>
    </extensions>
   </trkpt>
   <trkpt lat="27.7096850" lon="85.3173600">
    <ele>1297.2</ele>
    <time>2025-10-25T01:26:08Z</time>
    <extensions>
     <gpxtpx:TrackPointExtension>
      <gpxtpx:hr>167</gpxtpx:hr>
     </gpxtpx:TrackPointExtension>
    </extensions>
   </trkpt>
   <trkpt lat="27.7096620" lon="85.3173460">
    <ele>1297.0</ele>
    <time>2025-10-25T01:26:09Z</time>
    <extensions>
     <gpxtpx:TrackPointExtension>
      <gpxtpx:hr>167</gpxtpx:hr>
     </gpxtpx:TrackPointExtension>
    </extensions>
   </trkpt>
   <trkpt lat="27.7096390" lon="85.3173320">
    <ele>1297.0</ele>
    <time>2025-10-25T01:26:10Z</time>
    <extensions>
     <gpxtpx:TrackPointExtension>
      <gpxtpx:hr>167</gpxtpx:hr>
     </gpxtpx:TrackPointExtension>
    </extensions>
   </trkpt>
   <trkpt lat="27.7096160" lon="85.3173190">
    <ele>1297.0</ele>
    <time>2025-10-25T01:26:11Z</time>
    <extensions>
     <gpxtpx:TrackPointExtension>
      <gpxtpx:hr>167</gpxtpx:hr>
     </gpxtpx:TrackPointExtension>
    </extensions>
   </trkpt>
   <trkpt lat="27.7095920" lon="85.3173070">
    <ele>1297.0</ele>
    <time>2025-10-25T01:26:12Z</time>
    <extensions>
     <gpxtpx:TrackPointExtension>
      <gpxtpx:hr>167</gpxtpx:hr>
     </gpxtpx:TrackPointExtension>
    </extensions>
   </trkpt>
   <trkpt lat="27.7095680" lon="85.3172940">
    <ele>1297.0</ele>
    <time>2025-10-25T01:26:13Z</time>
    <extensions>
     <gpxtpx:TrackPointExtension>
      <gpxtpx:hr>167</gpxtpx:hr>
     </gpxtpx:TrackPointExtension>
    </extensions>
   </trkpt>
   <trkpt lat="27.7095420" lon="85.3172830">
    <ele>1297.0</ele>
    <time>2025-10-25T01:26:14Z</time>
    <extensions>
     <gpxtpx:TrackPointExtension>
      <gpxtpx:hr>167</gpxtpx:hr>
     </gpxtpx:TrackPointExtension>
    </extensions>
   </trkpt>
   <trkpt lat="27.7095170" lon="85.3172720">
    <ele>1297.0</ele>
    <time>2025-10-25T01:26:15Z</time>
    <extensions>
     <gpxtpx:TrackPointExtension>
      <gpxtpx:hr>167</gpxtpx:hr>
     </gpxtpx:TrackPointExtension>
    </extensions>
   </trkpt>
   <trkpt lat="27.7094910" lon="85.3172620">
    <ele>1297.0</ele>
    <time>2025-10-25T01:26:16Z</time>
    <extensions>
     <gpxtpx:TrackPointExtension>
      <gpxtpx:hr>167</gpxtpx:hr>
     </gpxtpx:TrackPointExtension>
    </extensions>
   </trkpt>
   <trkpt lat="27.7094640" lon="85.3172540">
    <ele>1296.8</ele>
    <time>2025-10-25T01:26:17Z</time>
    <extensions>
     <gpxtpx:TrackPointExtension>
      <gpxtpx:hr>167</gpxtpx:hr>
     </gpxtpx:TrackPointExtension>
    </extensions>
   </trkpt>
   <trkpt lat="27.7094380" lon="85.3172460">
    <ele>1296.8</ele>
    <time>2025-10-25T01:26:18Z</time>
    <extensions>
     <gpxtpx:TrackPointExtension>
      <gpxtpx:hr>167</gpxtpx:hr>
     </gpxtpx:TrackPointExtension>
    </extensions>
   </trkpt>
   <trkpt lat="27.7094110" lon="85.3172390">
    <ele>1296.8</ele>
    <time>2025-10-25T01:26:19Z</time>
    <extensions>
     <gpxtpx:TrackPointExtension>
      <gpxtpx:hr>167</gpxtpx:hr>
     </gpxtpx:TrackPointExtension>
    </extensions>
   </trkpt>
   <trkpt lat="27.7093830" lon="85.3172330">
    <ele>1296.8</ele>
    <time>2025-10-25T01:26:20Z</time>
    <extensions>
     <gpxtpx:TrackPointExtension>
      <gpxtpx:hr>167</gpxtpx:hr>
     </gpxtpx:TrackPointExtension>
    </extensions>
   </trkpt>
   <trkpt lat="27.7093550" lon="85.3172260">
    <ele>1296.8</ele>
    <time>2025-10-25T01:26:21Z</time>
    <extensions>
     <gpxtpx:TrackPointExtension>
      <gpxtpx:hr>167</gpxtpx:hr>
     </gpxtpx:TrackPointExtension>
    </extensions>
   </trkpt>
   <trkpt lat="27.7093270" lon="85.3172190">
    <ele>1296.6</ele>
    <time>2025-10-25T01:26:22Z</time>
    <extensions>
     <gpxtpx:TrackPointExtension>
      <gpxtpx:hr>167</gpxtpx:hr>
     </gpxtpx:TrackPointExtension>
    </extensions>
   </trkpt>
   <trkpt lat="27.7092980" lon="85.3172120">
    <ele>1296.6</ele>
    <time>2025-10-25T01:26:23Z</time>
    <extensions>
     <gpxtpx:TrackPointExtension>
      <gpxtpx:hr>167</gpxtpx:hr>
     </gpxtpx:TrackPointExtension>
    </extensions>
   </trkpt>
   <trkpt lat="27.7092690" lon="85.3172050">
    <ele>1296.6</ele>
    <time>2025-10-25T01:26:24Z</time>
    <extensions>
     <gpxtpx:TrackPointExtension>
      <gpxtpx:hr>167</gpxtpx:hr>
     </gpxtpx:TrackPointExtension>
    </extensions>
   </trkpt>
   <trkpt lat="27.7092410" lon="85.3172000">
    <ele>1296.4</ele>
    <time>2025-10-25T01:26:25Z</time>
    <extensions>
     <gpxtpx:TrackPointExtension>
      <gpxtpx:hr>167</gpxtpx:hr>
     </gpxtpx:TrackPointExtension>
    </extensions>
   </trkpt>
   <trkpt lat="27.7092130" lon="85.3171950">
    <ele>1296.4</ele>
    <time>2025-10-25T01:26:26Z</time>
    <extensions>
     <gpxtpx:TrackPointExtension>
      <gpxtpx:hr>167</gpxtpx:hr>
     </gpxtpx:TrackPointExtension>
    </extensions>
   </trkpt>
   <trkpt lat="27.7091850" lon="85.3171910">
    <ele>1296.2</ele>
    <time>2025-10-25T01:26:27Z</time>
    <extensions>
     <gpxtpx:TrackPointExtension>
      <gpxtpx:hr>167</gpxtpx:hr>
     </gpxtpx:TrackPointExtension>
    </extensions>
   </trkpt>
   <trkpt lat="27.7091570" lon="85.3171870">
    <ele>1296.2</ele>
    <time>2025-10-25T01:26:28Z</time>
    <extensions>
     <gpxtpx:TrackPointExtension>
      <gpxtpx:hr>167</gpxtpx:hr>
     </gpxtpx:TrackPointExtension>
    </extensions>
   </trkpt>
   <trkpt lat="27.7091300" lon="85.3171820">
    <ele>1296.2</ele>
    <time>2025-10-25T01:26:29Z</time>
    <extensions>
     <gpxtpx:TrackPointExtension>
      <gpxtpx:hr>167</gpxtpx:hr>
     </gpxtpx:TrackPointExtension>
    </extensions>
   </trkpt>
   <trkpt lat="27.7091020" lon="85.3171780">
    <ele>1296.2</ele>
    <time>2025-10-25T01:26:30Z</time>
    <extensions>
     <gpxtpx:TrackPointExtension>
      <gpxtpx:hr>167</gpxtpx:hr>
     </gpxtpx:TrackPointExtension>
    </extensions>
   </trkpt>
   <trkpt lat="27.7090750" lon="85.3171730">
    <ele>1296.2</ele>
    <time>2025-10-25T01:26:31Z</time>
    <extensions>
     <gpxtpx:TrackPointExtension>
      <gpxtpx:hr>167</gpxtpx:hr>
     </gpxtpx:TrackPointExtension>
    </extensions>
   </trkpt>
   <trkpt lat="27.7090470" lon="85.3171680">
    <ele>1296.2</ele>
    <time>2025-10-25T01:26:32Z</time>
    <extensions>
     <gpxtpx:TrackPointExtension>
      <gpxtpx:hr>167</gpxtpx:hr>
     </gpxtpx:TrackPointExtension>
    </extensions>
   </trkpt>
   <trkpt lat="27.7090200" lon="85.3171620">
    <ele>1296.2</ele>
    <time>2025-10-25T01:26:33Z</time>
    <extensions>
     <gpxtpx:TrackPointExtension>
      <gpxtpx:hr>167</gpxtpx:hr>
     </gpxtpx:TrackPointExtension>
    </extensions>
   </trkpt>
   <trkpt lat="27.7089920" lon="85.3171560">
    <ele>1296.2</ele>
    <time>2025-10-25T01:26:34Z</time>
    <extensions>
     <gpxtpx:TrackPointExtension>
      <gpxtpx:hr>167</gpxtpx:hr>
     </gpxtpx:TrackPointExtension>
    </extensions>
   </trkpt>
   <trkpt lat="27.7089640" lon="85.3171500">
    <ele>1296.2</ele>
    <time>2025-10-25T01:26:35Z</time>
    <extensions>
     <gpxtpx:TrackPointExtension>
      <gpxtpx:hr>167</gpxtpx:hr>
     </gpxtpx:TrackPointExtension>
    </extensions>
   </trkpt>
   <trkpt lat="27.7089360" lon="85.3171430">
    <ele>1296.2</ele>
    <time>2025-10-25T01:26:36Z</time>
    <extensions>
     <gpxtpx:TrackPointExtension>
      <gpxtpx:hr>167</gpxtpx:hr>
     </gpxtpx:TrackPointExtension>
    </extensions>
   </trkpt>
   <trkpt lat="27.7089100" lon="85.3171360">
    <ele>1296.2</ele>
    <time>2025-10-25T01:26:37Z</time>
    <extensions>
     <gpxtpx:TrackPointExtension>
      <gpxtpx:hr>167</gpxtpx:hr>
     </gpxtpx:TrackPointExtension>
    </extensions>
   </trkpt>
   <trkpt lat="27.7088830" lon="85.3171290">
    <ele>1296.2</ele>
    <time>2025-10-25T01:26:38Z</time>
    <extensions>
     <gpxtpx:TrackPointExtension>
      <gpxtpx:hr>167</gpxtpx:hr>
     </gpxtpx:TrackPointExtension>
    </extensions>
   </trkpt>
   <trkpt lat="27.7088570" lon="85.3171210">
    <ele>1296.0</ele>
    <time>2025-10-25T01:26:39Z</time>
    <extensions>
     <gpxtpx:TrackPointExtension>
      <gpxtpx:hr>167</gpxtpx:hr>
     </gpxtpx:TrackPointExtension>
    </extensions>
   </trkpt>
   <trkpt lat="27.7088310" lon="85.3171130">
    <ele>1296.0</ele>
    <time>2025-10-25T01:26:40Z</time>
    <extensions>
     <gpxtpx:TrackPointExtension>
      <gpxtpx:hr>167</gpxtpx:hr>
     </gpxtpx:TrackPointExtension>
    </extensions>
   </trkpt>
   <trkpt lat="27.7088050" lon="85.3171060">
    <ele>1296.0</ele>
    <time>2025-10-25T01:26:41Z</time>
    <extensions>
     <gpxtpx:TrackPointExtension>
      <gpxtpx:hr>167</gpxtpx:hr>
     </gpxtpx:TrackPointExtension>
    </extensions>
   </trkpt>
   <trkpt lat="27.7087790" lon="85.3170980">
    <ele>1296.0</ele>
    <time>2025-10-25T01:26:42Z</time>
    <extensions>
     <gpxtpx:TrackPointExtension>
      <gpxtpx:hr>167</gpxtpx:hr>
     </gpxtpx:TrackPointExtension>
    </extensions>
   </trkpt>
   <trkpt lat="27.7087530" lon="85.3170900">
    <ele>1296.0</ele>
    <time>2025-10-25T01:26:43Z</time>
    <extensions>
     <gpxtpx:TrackPointExtension>
      <gpxtpx:hr>167</gpxtpx:hr>
     </gpxtpx:TrackPointExtension>
    </extensions>
   </trkpt>
   <trkpt lat="27.7087270" lon="85.3170820">
    <ele>1296.0</ele>
    <time>2025-10-25T01:26:44Z</time>
    <extensions>
     <gpxtpx:TrackPointExtension>
      <gpxtpx:hr>167</gpxtpx:hr>
     </gpxtpx:TrackPointExtension>
    </extensions>
   </trkpt>
   <trkpt lat="27.7087020" lon="85.3170740">
    <ele>1295.8</ele>
    <time>2025-10-25T01:26:45Z</time>
    <extensions>
     <gpxtpx:TrackPointExtension>
      <gpxtpx:hr>167</gpxtpx:hr>
     </gpxtpx:TrackPointExtension>
    </extensions>
   </trkpt>
   <trkpt lat="27.7086760" lon="85.3170660">
    <ele>1295.8</ele>
    <time>2025-10-25T01:26:46Z</time>
    <extensions>
     <gpxtpx:TrackPointExtension>
      <gpxtpx:hr>167</gpxtpx:hr>
     </gpxtpx:TrackPointExtension>
    </extensions>
   </trkpt>
   <trkpt lat="27.7086510" lon="85.3170570">
    <ele>1295.8</ele>
    <time>2025-10-25T01:26:47Z</time>
    <extensions>
     <gpxtpx:TrackPointExtension>
      <gpxtpx:hr>167</gpxtpx:hr>
     </gpxtpx:TrackPointExtension>
    </extensions>
   </trkpt>
   <trkpt lat="27.7086250" lon="85.3170470">
    <ele>1295.8</ele>
    <time>2025-10-25T01:26:48Z</time>
    <extensions>
     <gpxtpx:TrackPointExtension>
      <gpxtpx:hr>167</gpxtpx:hr>
     </gpxtpx:TrackPointExtension>
    </extensions>
   </trkpt>
   <trkpt lat="27.7085990" lon="85.3170370">
    <ele>1295.8</ele>
    <time>2025-10-25T01:26:49Z</time>
    <extensions>
     <gpxtpx:TrackPointExtension>
      <gpxtpx:hr>167</gpxtpx:hr>
     </gpxtpx:TrackPointExtension>
    </extensions>
   </trkpt>
   <trkpt lat="27.7085720" lon="85.3170280">
    <ele>1295.8</ele>
    <time>2025-10-25T01:26:50Z</time>
    <extensions>
     <gpxtpx:TrackPointExtension>
      <gpxtpx:hr>167</gpxtpx:hr>
     </gpxtpx:TrackPointExtension>
    </extensions>
   </trkpt>
   <trkpt lat="27.7085450" lon="85.3170180">
    <ele>1295.8</ele>
    <time>2025-10-25T01:26:51Z</time>
    <extensions>
     <gpxtpx:TrackPointExtension>
      <gpxtpx:hr>167</gpxtpx:hr>
     </gpxtpx:TrackPointExtension>
    </extensions>
   </trkpt>
   <trkpt lat="27.7085180" lon="85.3170090">
    <ele>1295.8</ele>
    <time>2025-10-25T01:26:52Z</time>
    <extensions>
     <gpxtpx:TrackPointExtension>
      <gpxtpx:hr>167</gpxtpx:hr>
     </gpxtpx:TrackPointExtension>
    </extensions>
   </trkpt>
   <trkpt lat="27.7084910" lon="85.3170010">
    <ele>1295.8</ele>
    <time>2025-10-25T01:26:53Z</time>
    <extensions>
     <gpxtpx:TrackPointExtension>
      <gpxtpx:hr>167</gpxtpx:hr>
     </gpxtpx:TrackPointExtension>
    </extensions>
   </trkpt>
   <trkpt lat="27.7084630" lon="85.3169930">
    <ele>1295.8</ele>
    <time>2025-10-25T01:26:54Z</time>
    <extensions>
     <gpxtpx:TrackPointExtension>
      <gpxtpx:hr>167</gpxtpx:hr>
     </gpxtpx:TrackPointExtension>
    </extensions>
   </trkpt>
   <trkpt lat="27.7084360" lon="85.3169850">
    <ele>1295.8</ele>
    <time>2025-10-25T01:26:55Z</time>
    <extensions>
     <gpxtpx:TrackPointExtension>
      <gpxtpx:hr>167</gpxtpx:hr>
     </gpxtpx:TrackPointExtension>
    </extensions>
   </trkpt>
   <trkpt lat="27.7084090" lon="85.3169780">
    <ele>1295.6</ele>
    <time>2025-10-25T01:26:56Z</time>
    <extensions>
     <gpxtpx:TrackPointExtension>
      <gpxtpx:hr>167</gpxtpx:hr>
     </gpxtpx:TrackPointExtension>
    </extensions>
   </trkpt>
   <trkpt lat="27.7083820" lon="85.3169690">
    <ele>1295.6</ele>
    <time>2025-10-25T01:26:57Z</time>
    <extensions>
     <gpxtpx:TrackPointExtension>
      <gpxtpx:hr>167</gpxtpx:hr>
     </gpxtpx:TrackPointExtension>
    </extensions>
   </trkpt>
   <trkpt lat="27.7083560" lon="85.3169610">
    <ele>1295.6</ele>
    <time>2025-10-25T01:26:58Z</time>
    <extensions>
     <gpxtpx:TrackPointExtension>
      <gpxtpx:hr>167</gpxtpx:hr>
     </gpxtpx:TrackPointExtension>
    </extensions>
   </trkpt>
   <trkpt lat="27.7083290" lon="85.3169530">
    <ele>1295.6</ele>
    <time>2025-10-25T01:26:59Z</time>
    <extensions>
     <gpxtpx:TrackPointExtension>
      <gpxtpx:hr>167</gpxtpx:hr>
     </gpxtpx:TrackPointExtension>
    </extensions>
   </trkpt>
   <trkpt lat="27.7083020" lon="85.3169450">
    <ele>1295.6</ele>
    <time>2025-10-25T01:27:00Z</time>
    <extensions>
     <gpxtpx:TrackPointExtension>
      <gpxtpx:hr>167</gpxtpx:hr>
     </gpxtpx:TrackPointExtension>
    </extensions>
   </trkpt>
   <trkpt lat="27.7082760" lon="85.3169370">
    <ele>1295.6</ele>
    <time>2025-10-25T01:27:01Z</time>
    <extensions>
     <gpxtpx:TrackPointExtension>
      <gpxtpx:hr>167</gpxtpx:hr>
     </gpxtpx:TrackPointExtension>
    </extensions>
   </trkpt>
   <trkpt lat="27.7082490" lon="85.3169300">
    <ele>1295.6</ele>
    <time>2025-10-25T01:27:02Z</time>
    <extensions>
     <gpxtpx:TrackPointExtension>
      <gpxtpx:hr>167</gpxtpx:hr>
     </gpxtpx:TrackPointExtension>
    </extensions>
   </trkpt>
   <trkpt lat="27.7082230" lon="85.3169220">
    <ele>1295.6</ele>
    <time>2025-10-25T01:27:03Z</time>
    <extensions>
     <gpxtpx:TrackPointExtension>
      <gpxtpx:hr>167</gpxtpx:hr>
     </gpxtpx:TrackPointExtension>
    </extensions>
   </trkpt>
   <trkpt lat="27.7081960" lon="85.3169150">
    <ele>1295.4</ele>
    <time>2025-10-25T01:27:04Z</time>
    <extensions>
     <gpxtpx:TrackPointExtension>
      <gpxtpx:hr>167</gpxtpx:hr>
     </gpxtpx:TrackPointExtension>
    </extensions>
   </trkpt>
   <trkpt lat="27.7081690" lon="85.3169070">
    <ele>1295.4</ele>
    <time>2025-10-25T01:27:05Z</time>
    <extensions>
     <gpxtpx:TrackPointExtension>
      <gpxtpx:hr>167</gpxtpx:hr>
     </gpxtpx:TrackPointExtension>
    </extensions>
   </trkpt>
   <trkpt lat="27.7081420" lon="85.3169000">
    <ele>1295.4</ele>
    <time>2025-10-25T01:27:06Z</time>
    <extensions>
     <gpxtpx:TrackPointExtension>
      <gpxtpx:hr>167</gpxtpx:hr>
     </gpxtpx:TrackPointExtension>
    </extensions>
   </trkpt>
   <trkpt lat="27.7080890" lon="85.3168860">
    <ele>1295.4</ele>
    <time>2025-10-25T01:27:07Z</time>
    <extensions>
     <gpxtpx:TrackPointExtension>
      <gpxtpx:hr>167</gpxtpx:hr>
     </gpxtpx:TrackPointExtension>
    </extensions>
   </trkpt>
   <trkpt lat="27.7080620" lon="85.3168800">
    <ele>1295.4</ele>
    <time>2025-10-25T01:27:08Z</time>
    <extensions>
     <gpxtpx:TrackPointExtension>
      <gpxtpx:hr>167</gpxtpx:hr>
     </gpxtpx:TrackPointExtension>
    </extensions>
   </trkpt>
   <trkpt lat="27.7080350" lon="85.3168730">
    <ele>1295.4</ele>
    <time>2025-10-25T01:27:09Z</time>
    <extensions>
     <gpxtpx:TrackPointExtension>
      <gpxtpx:hr>167</gpxtpx:hr>
     </gpxtpx:TrackPointExtension>
    </extensions>
   </trkpt>
   <trkpt lat="27.7080080" lon="85.3168670">
    <ele>1295.4</ele>
    <time>2025-10-25T01:27:10Z</time>
    <extensions>
     <gpxtpx:TrackPointExtension>
      <gpxtpx:hr>167</gpxtpx:hr>
     </gpxtpx:TrackPointExtension>
    </extensions>
   </trkpt>
   <trkpt lat="27.7079820" lon="85.3168600">
    <ele>1295.4</ele>
    <time>2025-10-25T01:27:11Z</time>
    <extensions>
     <gpxtpx:TrackPointExtension>
      <gpxtpx:hr>167</gpxtpx:hr>
     </gpxtpx:TrackPointExtension>
    </extensions>
   </trkpt>
   <trkpt lat="27.7079550" lon="85.3168530">
    <ele>1295.4</ele>
    <time>2025-10-25T01:27:12Z</time>
    <extensions>
     <gpxtpx:TrackPointExtension>
      <gpxtpx:hr>167</gpxtpx:hr>
     </gpxtpx:TrackPointExtension>
    </extensions>
   </trkpt>
   <trkpt lat="27.7079290" lon="85.3168460">
    <ele>1295.4</ele>
    <time>2025-10-25T01:27:13Z</time>
    <extensions>
     <gpxtpx:TrackPointExtension>
      <gpxtpx:hr>167</gpxtpx:hr>
     </gpxtpx:TrackPointExtension>
    </extensions>
   </trkpt>
   <trkpt lat="27.7079030" lon="85.3168390">
    <ele>1295.4</ele>
    <time>2025-10-25T01:27:14Z</time>
    <extensions>
     <gpxtpx:TrackPointExtension>
      <gpxtpx:hr>167</gpxtpx:hr>
     </gpxtpx:TrackPointExtension>
    </extensions>
   </trkpt>
   <trkpt lat="27.7078770" lon="85.3168320">
    <ele>1295.4</ele>
    <time>2025-10-25T01:27:15Z</time>
    <extensions>
     <gpxtpx:TrackPointExtension>
      <gpxtpx:hr>167</gpxtpx:hr>
     </gpxtpx:TrackPointExtension>
    </extensions>
   </trkpt>
   <trkpt lat="27.7078510" lon="85.3168240">
    <ele>1295.4</ele>
    <time>2025-10-25T01:27:16Z</time>
    <extensions>
     <gpxtpx:TrackPointExtension>
      <gpxtpx:hr>167</gpxtpx:hr>
     </gpxtpx:TrackPointExtension>
    </extensions>
   </trkpt>
   <trkpt lat="27.7078250" lon="85.3168150">
    <ele>1295.4</ele>
    <time>2025-10-25T01:27:17Z</time>
    <extensions>
     <gpxtpx:TrackPointExtension>
      <gpxtpx:hr>167</gpxtpx:hr>
     </gpxtpx:TrackPointExtension>
    </extensions>
   </trkpt>
   <trkpt lat="27.7077990" lon="85.3168060">
    <ele>1295.4</ele>
    <time>2025-10-25T01:27:18Z</time>
    <extensions>
     <gpxtpx:TrackPointExtension>
      <gpxtpx:hr>167</gpxtpx:hr>
     </gpxtpx:TrackPointExtension>
    </extensions>
   </trkpt>
   <trkpt lat="27.7077730" lon="85.3167970">
    <ele>1295.4</ele>
    <time>2025-10-25T01:27:19Z</time>
    <extensions>
     <gpxtpx:TrackPointExtension>
      <gpxtpx:hr>167</gpxtpx:hr>
     </gpxtpx:TrackPointExtension>
    </extensions>
   </trkpt>
   <trkpt lat="27.7077460" lon="85.3167880">
    <ele>1295.2</ele>
    <time>2025-10-25T01:27:20Z</time>
    <extensions>
     <gpxtpx:TrackPointExtension>
      <gpxtpx:hr>167</gpxtpx:hr>
     </gpxtpx:TrackPointExtension>
    </extensions>
   </trkpt>
   <trkpt lat="27.7077190" lon="85.3167800">
    <ele>1295.2</ele>
    <time>2025-10-25T01:27:21Z</time>
    <extensions>
     <gpxtpx:TrackPointExtension>
      <gpxtpx:hr>167</gpxtpx:hr>
     </gpxtpx:TrackPointExtension>
    </extensions>
   </trkpt>
   <trkpt lat="27.7076920" lon="85.3167720">
    <ele>1295.2</ele>
    <time>2025-10-25T01:27:22Z</time>
    <extensions>
     <gpxtpx:TrackPointExtension>
      <gpxtpx:hr>167</gpxtpx:hr>
     </gpxtpx:TrackPointExtension>
    </extensions>
   </trkpt>
   <trkpt lat="27.7076660" lon="85.3167660">
    <ele>1295.2</ele>
    <time>2025-10-25T01:27:23Z</time>
    <extensions>
     <gpxtpx:TrackPointExtension>
      <gpxtpx:hr>167</gpxtpx:hr>
     </gpxtpx:TrackPointExtension>
    </extensions>
   </trkpt>
   <trkpt lat="27.7076400" lon="85.3167590">
    <ele>1295.2</ele>
    <time>2025-10-25T01:27:24Z</time>
    <extensions>
     <gpxtpx:TrackPointExtension>
      <gpxtpx:hr>167</gpxtpx:hr>
     </gpxtpx:TrackPointExtension>
    </extensions>
   </trkpt>
   <trkpt lat="27.7076140" lon="85.3167540">
    <ele>1295.0</ele>
    <time>2025-10-25T01:27:25Z</time>
    <extensions>
     <gpxtpx:TrackPointExtension>
      <gpxtpx:hr>167</gpxtpx:hr>
     </gpxtpx:TrackPointExtension>
    </extensions>
   </trkpt>
   <trkpt lat="27.7075880" lon="85.3167480">
    <ele>1295.0</ele>
    <time>2025-10-25T01:27:26Z</time>
    <extensions>
     <gpxtpx:TrackPointExtension>
      <gpxtpx:hr>167</gpxtpx:hr>
     </gpxtpx:TrackPointExtension>
    </extensions>
   </trkpt>
   <trkpt lat="27.7075630" lon="85.3167420">
    <ele>1295.0</ele>
    <time>2025-10-25T01:27:27Z</time>
    <extensions>
     <gpxtpx:TrackPointExtension>
      <gpxtpx:hr>167</gpxtpx:hr>
     </gpxtpx:TrackPointExtension>
    </extensions>
   </trkpt>
   <trkpt lat="27.7075380" lon="85.3167370">
    <ele>1295.0</ele>
    <time>2025-10-25T01:27:28Z</time>
    <extensions>
     <gpxtpx:TrackPointExtension>
      <gpxtpx:hr>167</gpxtpx:hr>
     </gpxtpx:TrackPointExtension>
    </extensions>
   </trkpt>
   <trkpt lat="27.7075120" lon="85.3167310">
    <ele>1295.0</ele>
    <time>2025-10-25T01:27:29Z</time>
    <extensions>
     <gpxtpx:TrackPointExtension>
      <gpxtpx:hr>167</gpxtpx:hr>
     </gpxtpx:TrackPointExtension>
    </extensions>
   </trkpt>
   <trkpt lat="27.7074850" lon="85.3167250">
    <ele>1295.0</ele>
    <time>2025-10-25T01:27:30Z</time>
    <extensions>
     <gpxtpx:TrackPointExtension>
      <gpxtpx:hr>167</gpxtpx:hr>
     </gpxtpx:TrackPointExtension>
    </extensions>
   </trkpt>
   <trkpt lat="27.7074580" lon="85.3167190">
    <ele>1295.0</ele>
    <time>2025-10-25T01:27:31Z</time>
    <extensions>
     <gpxtpx:TrackPointExtension>
      <gpxtpx:hr>167</gpxtpx:hr>
     </gpxtpx:TrackPointExtension>
    </extensions>
   </trkpt>
   <trkpt lat="27.7074310" lon="85.3167130">
    <ele>1295.0</ele>
    <time>2025-10-25T01:27:32Z</time>
    <extensions>
     <gpxtpx:TrackPointExtension>
      <gpxtpx:hr>167</gpxtpx:hr>
     </gpxtpx:TrackPointExtension>
    </extensions>
   </trkpt>
   <trkpt lat="27.7074040" lon="85.3167060">
    <ele>1295.0</ele>
    <time>2025-10-25T01:27:33Z</time>
    <extensions>
     <gpxtpx:TrackPointExtension>
      <gpxtpx:hr>167</gpxtpx:hr>
     </gpxtpx:TrackPointExtension>
    </extensions>
   </trkpt>
   <trkpt lat="27.7073770" lon="85.3167000">
    <ele>1295.0</ele>
    <time>2025-10-25T01:27:34Z</time>
    <extensions>
     <gpxtpx:TrackPointExtension>
      <gpxtpx:hr>167</gpxtpx:hr>
     </gpxtpx:TrackPointExtension>
    </extensions>
   </trkpt>
   <trkpt lat="27.7073490" lon="85.3166940">
    <ele>1295.0</ele>
    <time>2025-10-25T01:27:35Z</time>
    <extensions>
     <gpxtpx:TrackPointExtension>
      <gpxtpx:hr>167</gpxtpx:hr>
     </gpxtpx:TrackPointExtension>
    </extensions>
   </trkpt>
   <trkpt lat="27.7073220" lon="85.3166880">
    <ele>1295.0</ele>
    <time>2025-10-25T01:27:36Z</time>
    <extensions>
     <gpxtpx:TrackPointExtension>
      <gpxtpx:hr>167</gpxtpx:hr>
     </gpxtpx:TrackPointExtension>
    </extensions>
   </trkpt>
   <trkpt lat="27.7072950" lon="85.3166820">
    <ele>1295.0</ele>
    <time>2025-10-25T01:27:37Z</time>
    <extensions>
     <gpxtpx:TrackPointExtension>
      <gpxtpx:hr>167</gpxtpx:hr>
     </gpxtpx:TrackPointExtension>
    </extensions>
   </trkpt>
   <trkpt lat="27.7072680" lon="85.3166760">
    <ele>1295.0</ele>
    <time>2025-10-25T01:27:38Z</time>
    <extensions>
     <gpxtpx:TrackPointExtension>
      <gpxtpx:hr>167</gpxtpx:hr>
     </gpxtpx:TrackPointExtension>
    </extensions>
   </trkpt>
   <trkpt lat="27.7072420" lon="85.3166700">
    <ele>1295.0</ele>
    <time>2025-10-25T01:27:39Z</time>
    <extensions>
     <gpxtpx:TrackPointExtension>
      <gpxtpx:hr>167</gpxtpx:hr>
     </gpxtpx:TrackPointExtension>
    </extensions>
   </trkpt>
   <trkpt lat="27.7072150" lon="85.3166630">
    <ele>1295.0</ele>
    <time>2025-10-25T01:27:40Z</time>
    <extensions>
     <gpxtpx:TrackPointExtension>
      <gpxtpx:hr>167</gpxtpx:hr>
     </gpxtpx:TrackPointExtension>
    </extensions>
   </trkpt>
   <trkpt lat="27.7071880" lon="85.3166560">
    <ele>1295.0</ele>
    <time>2025-10-25T01:27:41Z</time>
    <extensions>
     <gpxtpx:TrackPointExtension>
      <gpxtpx:hr>167</gpxtpx:hr>
     </gpxtpx:TrackPointExtension>
    </extensions>
   </trkpt>
   <trkpt lat="27.7071610" lon="85.3166490">
    <ele>1294.8</ele>
    <time>2025-10-25T01:27:42Z</time>
    <extensions>
     <gpxtpx:TrackPointExtension>
      <gpxtpx:hr>167</gpxtpx:hr>
     </gpxtpx:TrackPointExtension>
    </extensions>
   </trkpt>
   <trkpt lat="27.7071330" lon="85.3166410">
    <ele>1294.8</ele>
    <time>2025-10-25T01:27:43Z</time>
    <extensions>
     <gpxtpx:TrackPointExtension>
      <gpxtpx:hr>167</gpxtpx:hr>
     </gpxtpx:TrackPointExtension>
    </extensions>
   </trkpt>
   <trkpt lat="27.7071050" lon="85.3166340">
    <ele>1294.8</ele>
    <time>2025-10-25T01:27:44Z</time>
    <extensions>
     <gpxtpx:TrackPointExtension>
      <gpxtpx:hr>167</gpxtpx:hr>
     </gpxtpx:TrackPointExtension>
    </extensions>
   </trkpt>
   <trkpt lat="27.7070770" lon="85.3166270">
    <ele>1294.8</ele>
    <time>2025-10-25T01:27:45Z</time>
    <extensions>
     <gpxtpx:TrackPointExtension>
      <gpxtpx:hr>167</gpxtpx:hr>
     </gpxtpx:TrackPointExtension>
    </extensions>
   </trkpt>
   <trkpt lat="27.7070490" lon="85.3166200">
    <ele>1294.8</ele>
    <time>2025-10-25T01:27:46Z</time>
    <extensions>
     <gpxtpx:TrackPointExtension>
      <gpxtpx:hr>167</gpxtpx:hr>
     </gpxtpx:TrackPointExtension>
    </extensions>
   </trkpt>
   <trkpt lat="27.7070210" lon="85.3166120">
    <ele>1294.8</ele>
    <time>2025-10-25T01:27:47Z</time>
    <extensions>
     <gpxtpx:TrackPointExtension>
      <gpxtpx:hr>167</gpxtpx:hr>
     </gpxtpx:TrackPointExtension>
    </extensions>
   </trkpt>
   <trkpt lat="27.7069940" lon="85.3166050">
    <ele>1294.8</ele>
    <time>2025-10-25T01:27:48Z</time>
    <extensions>
     <gpxtpx:TrackPointExtension>
      <gpxtpx:hr>167</gpxtpx:hr>
     </gpxtpx:TrackPointExtension>
    </extensions>
   </trkpt>
   <trkpt lat="27.7069660" lon="85.3165970">
    <ele>1294.8</ele>
    <time>2025-10-25T01:27:49Z</time>
    <extensions>
     <gpxtpx:TrackPointExtension>
      <gpxtpx:hr>167</gpxtpx:hr>
     </gpxtpx:TrackPointExtension>
    </extensions>
   </trkpt>
   <trkpt lat="27.7069380" lon="85.3165900">
    <ele>1294.8</ele>
    <time>2025-10-25T01:27:50Z</time>
    <extensions>
     <gpxtpx:TrackPointExtension>
      <gpxtpx:hr>167</gpxtpx:hr>
     </gpxtpx:TrackPointExtension>
    </extensions>
   </trkpt>
   <trkpt lat="27.7069110" lon="85.3165820">
    <ele>1294.6</ele>
    <time>2025-10-25T01:27:51Z</time>
    <extensions>
     <gpxtpx:TrackPointExtension>
      <gpxtpx:hr>167</gpxtpx:hr>
     </gpxtpx:TrackPointExtension>
    </extensions>
   </trkpt>
   <trkpt lat="27.7068830" lon="85.3165740">
    <ele>1294.6</ele>
    <time>2025-10-25T01:27:52Z</time>
    <extensions>
     <gpxtpx:TrackPointExtension>
      <gpxtpx:hr>167</gpxtpx:hr>
     </gpxtpx:TrackPointExtension>
    </extensions>
   </trkpt>
   <trkpt lat="27.7068560" lon="85.3165660">
    <ele>1294.6</ele>
    <time>2025-10-25T01:27:53Z</time>
    <extensions>
     <gpxtpx:TrackPointExtension>
      <gpxtpx:hr>167</gpxtpx:hr>
     </gpxtpx:TrackPointExtension>
    </extensions>
   </trkpt>
   <trkpt lat="27.7068290" lon="85.3165580">
    <ele>1294.6</ele>
    <time>2025-10-25T01:27:54Z</time>
    <extensions>
     <gpxtpx:TrackPointExtension>
      <gpxtpx:hr>167</gpxtpx:hr>
     </gpxtpx:TrackPointExtension>
    </extensions>
   </trkpt>
   <trkpt lat="27.7068020" lon="85.3165490">
    <ele>1294.6</ele>
    <time>2025-10-25T01:27:55Z</time>
    <extensions>
     <gpxtpx:TrackPointExtension>
      <gpxtpx:hr>167</gpxtpx:hr>
     </gpxtpx:TrackPointExtension>
    </extensions>
   </trkpt>
   <trkpt lat="27.7067750" lon="85.3165410">
    <ele>1294.6</ele>
    <time>2025-10-25T01:27:56Z</time>
    <extensions>
     <gpxtpx:TrackPointExtension>
      <gpxtpx:hr>167</gpxtpx:hr>
     </gpxtpx:TrackPointExtension>
    </extensions>
   </trkpt>
   <trkpt lat="27.7067470" lon="85.3165320">
    <ele>1294.6</ele>
    <time>2025-10-25T01:27:57Z</time>
    <extensions>
     <gpxtpx:TrackPointExtension>
      <gpxtpx:hr>167</gpxtpx:hr>
     </gpxtpx:TrackPointExtension>
    </extensions>
   </trkpt>
   <trkpt lat="27.7067180" lon="85.3165230">
    <ele>1294.6</ele>
    <time>2025-10-25T01:27:58Z</time>
    <extensions>
     <gpxtpx:TrackPointExtension>
      <gpxtpx:hr>167</gpxtpx:hr>
     </gpxtpx:TrackPointExtension>
    </extensions>
   </trkpt>
   <trkpt lat="27.7066900" lon="85.3165150">
    <ele>1294.4</ele>
    <time>2025-10-25T01:27:59Z</time>
    <extensions>
     <gpxtpx:TrackPointExtension>
      <gpxtpx:hr>167</gpxtpx:hr>
     </gpxtpx:TrackPointExtension>
    </extensions>
   </trkpt>
   <trkpt lat="27.7066610" lon="85.3165060">
    <ele>1294.4</ele>
    <time>2025-10-25T01:28:00Z</time>
    <extensions>
     <gpxtpx:TrackPointExtension>
      <gpxtpx:hr>167</gpxtpx:hr>
     </gpxtpx:TrackPointExtension>
    </extensions>
   </trkpt>
   <trkpt lat="27.7066330" lon="85.3164970">
    <ele>1294.4</ele>
    <time>2025-10-25T01:28:01Z</time>
    <extensions>
     <gpxtpx:TrackPointExtension>
      <gpxtpx:hr>167</gpxtpx:hr>
     </gpxtpx:TrackPointExtension>
    </extensions>
   </trkpt>
   <trkpt lat="27.7066050" lon="85.3164880">
    <ele>1294.4</ele>
    <time>2025-10-25T01:28:02Z</time>
    <extensions>
     <gpxtpx:TrackPointExtension>
      <gpxtpx:hr>167</gpxtpx:hr>
     </gpxtpx:TrackPointExtension>
    </extensions>
   </trkpt>
   <trkpt lat="27.7065770" lon="85.3164780">
    <ele>1294.4</ele>
    <time>2025-10-25T01:28:03Z</time>
    <extensions>
     <gpxtpx:TrackPointExtension>
      <gpxtpx:hr>167</gpxtpx:hr>
     </gpxtpx:TrackPointExtension>
    </extensions>
   </trkpt>
   <trkpt lat="27.7065500" lon="85.3164690">
    <ele>1294.2</ele>
    <time>2025-10-25T01:28:04Z</time>
    <extensions>
     <gpxtpx:TrackPointExtension>
      <gpxtpx:hr>167</gpxtpx:hr>
     </gpxtpx:TrackPointExtension>
    </extensions>
   </trkpt>
   <trkpt lat="27.7065220" lon="85.3164600">
    <ele>1294.2</ele>
    <time>2025-10-25T01:28:05Z</time>
    <extensions>
     <gpxtpx:TrackPointExtension>
      <gpxtpx:hr>167</gpxtpx:hr>
     </gpxtpx:TrackPointExtension>
    </extensions>
   </trkpt>
   <trkpt lat="27.7064940" lon="85.3164520">
    <ele>1294.2</ele>
    <time>2025-10-25T01:28:06Z</time>
    <extensions>
     <gpxtpx:TrackPointExtension>
      <gpxtpx:hr>167</gpxtpx:hr>
     </gpxtpx:TrackPointExtension>
    </extensions>
   </trkpt>
   <trkpt lat="27.7064670" lon="85.3164450">
    <ele>1294.2</ele>
    <time>2025-10-25T01:28:07Z</time>
    <extensions>
     <gpxtpx:TrackPointExtension>
      <gpxtpx:hr>167</gpxtpx:hr>
     </gpxtpx:TrackPointExtension>
    </extensions>
   </trkpt>
   <trkpt lat="27.7064390" lon="85.3164370">
    <ele>1294.2</ele>
    <time>2025-10-25T01:28:08Z</time>
    <extensions>
     <gpxtpx:TrackPointExtension>
      <gpxtpx:hr>167</gpxtpx:hr>
     </gpxtpx:TrackPointExtension>
    </extensions>
   </trkpt>
   <trkpt lat="27.7064120" lon="85.3164300">
    <ele>1294.2</ele>
    <time>2025-10-25T01:28:09Z</time>
    <extensions>
     <gpxtpx:TrackPointExtension>
      <gpxtpx:hr>167</gpxtpx:hr>
     </gpxtpx:TrackPointExtension>
    </extensions>
   </trkpt>
   <trkpt lat="27.7063850" lon="85.3164230">
    <ele>1294.4</ele>
    <time>2025-10-25T01:28:10Z</time>
    <extensions>
     <gpxtpx:TrackPointExtension>
      <gpxtpx:hr>167</gpxtpx:hr>
     </gpxtpx:TrackPointExtension>
    </extensions>
   </trkpt>
   <trkpt lat="27.7063580" lon="85.3164150">
    <ele>1294.4</ele>
    <time>2025-10-25T01:28:11Z</time>
    <extensions>
     <gpxtpx:TrackPointExtension>
      <gpxtpx:hr>165</gpxtpx:hr>
     </gpxtpx:TrackPointExtension>
    </extensions>
   </trkpt>
   <trkpt lat="27.7063320" lon="85.3164070">
    <ele>1294.4</ele>
    <time>2025-10-25T01:28:12Z</time>
    <extensions>
     <gpxtpx:TrackPointExtension>
      <gpxtpx:hr>165</gpxtpx:hr>
     </gpxtpx:TrackPointExtension>
    </extensions>
   </trkpt>
   <trkpt lat="27.7063060" lon="85.3163990">
    <ele>1294.4</ele>
    <time>2025-10-25T01:28:13Z</time>
    <extensions>
     <gpxtpx:TrackPointExtension>
      <gpxtpx:hr>165</gpxtpx:hr>
     </gpxtpx:TrackPointExtension>
    </extensions>
   </trkpt>
   <trkpt lat="27.7062810" lon="85.3163910">
    <ele>1294.2</ele>
    <time>2025-10-25T01:28:14Z</time>
    <extensions>
     <gpxtpx:TrackPointExtension>
      <gpxtpx:hr>165</gpxtpx:hr>
     </gpxtpx:TrackPointExtension>
    </extensions>
   </trkpt>
   <trkpt lat="27.7062550" lon="85.3163840">
    <ele>1294.2</ele>
    <time>2025-10-25T01:28:15Z</time>
    <extensions>
     <gpxtpx:TrackPointExtension>
      <gpxtpx:hr>165</gpxtpx:hr>
     </gpxtpx:TrackPointExtension>
    </extensions>
   </trkpt>
   <trkpt lat="27.7062300" lon="85.3163760">
    <ele>1294.2</ele>
    <time>2025-10-25T01:28:16Z</time>
    <extensions>
     <gpxtpx:TrackPointExtension>
      <gpxtpx:hr>165</gpxtpx:hr>
     </gpxtpx:TrackPointExtension>
    </extensions>
   </trkpt>
   <trkpt lat="27.7062040" lon="85.3163680">
    <ele>1294.2</ele>
    <time>2025-10-25T01:28:17Z</time>
    <extensions>
     <gpxtpx:TrackPointExtension>
      <gpxtpx:hr>165</gpxtpx:hr>
     </gpxtpx:TrackPointExtension>
    </extensions>
   </trkpt>
   <trkpt lat="27.7061770" lon="85.3163600">
    <ele>1294.2</ele>
    <time>2025-10-25T01:28:18Z</time>
    <extensions>
     <gpxtpx:TrackPointExtension>
      <gpxtpx:hr>165</gpxtpx:hr>
     </gpxtpx:TrackPointExtension>
    </extensions>
   </trkpt>
   <trkpt lat="27.7061500" lon="85.3163520">
    <ele>1294.2</ele>
    <time>2025-10-25T01:28:19Z</time>
    <extensions>
     <gpxtpx:TrackPointExtension>
      <gpxtpx:hr>165</gpxtpx:hr>
     </gpxtpx:TrackPointExtension>
    </extensions>
   </trkpt>
   <trkpt lat="27.7061220" lon="85.3163450">
    <ele>1294.2</ele>
    <time>2025-10-25T01:28:20Z</time>
    <extensions>
     <gpxtpx:TrackPointExtension>
      <gpxtpx:hr>165</gpxtpx:hr>
     </gpxtpx:TrackPointExtension>
    </extensions>
   </trkpt>
   <trkpt lat="27.7060940" lon="85.3163370">
    <ele>1294.0</ele>
    <time>2025-10-25T01:28:21Z</time>
    <extensions>
     <gpxtpx:TrackPointExtension>
      <gpxtpx:hr>165</gpxtpx:hr>
     </gpxtpx:TrackPointExtension>
    </extensions>
   </trkpt>
   <trkpt lat="27.7060650" lon="85.3163300">
    <ele>1294.0</ele>
    <time>2025-10-25T01:28:22Z</time>
    <extensions>
     <gpxtpx:TrackPointExtension>
      <gpxtpx:hr>165</gpxtpx:hr>
     </gpxtpx:TrackPointExtension>
    </extensions>
   </trkpt>
   <trkpt lat="27.7060380" lon="85.3163240">
    <ele>1294.0</ele>
    <time>2025-10-25T01:28:23Z</time>
    <extensions>
     <gpxtpx:TrackPointExtension>
      <gpxtpx:hr>165</gpxtpx:hr>
     </gpxtpx:TrackPointExtension>
    </extensions>
   </trkpt>
   <trkpt lat="27.7060100" lon="85.3163180">
    <ele>1294.0</ele>
    <time>2025-10-25T01:28:24Z</time>
    <extensions>
     <gpxtpx:TrackPointExtension>
      <gpxtpx:hr>165</gpxtpx:hr>
     </gpxtpx:TrackPointExtension>
    </extensions>
   </trkpt>
   <trkpt lat="27.7059830" lon="85.3163140">
    <ele>1294.0</ele>
    <time>2025-10-25T01:28:25Z</time>
    <extensions>
     <gpxtpx:TrackPointExtension>
      <gpxtpx:hr>165</gpxtpx:hr>
     </gpxtpx:TrackPointExtension>
    </extensions>
   </trkpt>
   <trkpt lat="27.7059550" lon="85.3163100">
    <ele>1293.8</ele>
    <time>2025-10-25T01:28:26Z</time>
    <extensions>
     <gpxtpx:TrackPointExtension>
      <gpxtpx:hr>165</gpxtpx:hr>
     </gpxtpx:TrackPointExtension>
    </extensions>
   </trkpt>
   <trkpt lat="27.7059280" lon="85.3163070">
    <ele>1293.8</ele>
    <time>2025-10-25T01:28:27Z</time>
    <extensions>
     <gpxtpx:TrackPointExtension>
      <gpxtpx:hr>165</gpxtpx:hr>
     </gpxtpx:TrackPointExtension>
    </extensions>
   </trkpt>
   <trkpt lat="27.7059000" lon="85.3163060">
    <ele>1293.8</ele>
    <time>2025-10-25T01:28:28Z</time>
    <extensions>
     <gpxtpx:TrackPointExtension>
      <gpxtpx:hr>165</gpxtpx:hr>
     </gpxtpx:TrackPointExtension>
    </extensions>
   </trkpt>
   <trkpt lat="27.7058720" lon="85.3163050">
    <ele>1293.8</ele>
    <time>2025-10-25T01:28:29Z</time>
    <extensions>
     <gpxtpx:TrackPointExtension>
      <gpxtpx:hr>165</gpxtpx:hr>
     </gpxtpx:TrackPointExtension>
    </extensions>
   </trkpt>
   <trkpt lat="27.7058440" lon="85.3163050">
    <ele>1293.8</ele>
    <time>2025-10-25T01:28:30Z</time>
    <extensions>
     <gpxtpx:TrackPointExtension>
      <gpxtpx:hr>165</gpxtpx:hr>
     </gpxtpx:TrackPointExtension>
    </extensions>
   </trkpt>
   <trkpt lat="27.7058150" lon="85.3163050">
    <ele>1293.6</ele>
    <time>2025-10-25T01:28:31Z</time>
    <extensions>
     <gpxtpx:TrackPointExtension>
      <gpxtpx:hr>165</gpxtpx:hr>
     </gpxtpx:TrackPointExtension>
    </extensions>
   </trkpt>
   <trkpt lat="27.7057870" lon="85.3163060">
    <ele>1293.6</ele>
    <time>2025-10-25T01:28:32Z</time>
    <extensions>
     <gpxtpx:TrackPointExtension>
      <gpxtpx:hr>165</gpxtpx:hr>
     </gpxtpx:TrackPointExtension>
    </extensions>
   </trkpt>
   <trkpt lat="27.7057590" lon="85.3163070">
    <ele>1293.6</ele>
    <time>2025-10-25T01:28:33Z</time>
    <extensions>
     <gpxtpx:TrackPointExtension>
      <gpxtpx:hr>165</gpxtpx:hr>
     </gpxtpx:TrackPointExtension>
    </extensions>
   </trkpt>
   <trkpt lat="27.7057310" lon="85.3163080">
    <ele>1293.6</ele>
    <time>2025-10-25T01:28:34Z</time>
    <extensions>
     <gpxtpx:TrackPointExtension>
      <gpxtpx:hr>165</gpxtpx:hr>
     </gpxtpx:TrackPointExtension>
    </extensions>
   </trkpt>
   <trkpt lat="27.7057020" lon="85.3163090">
    <ele>1293.6</ele>
    <time>2025-10-25T01:28:35Z</time>
    <extensions>
     <gpxtpx:TrackPointExtension>
      <gpxtpx:hr>165</gpxtpx:hr>
     </gpxtpx:TrackPointExtension>
    </extensions>
   </trkpt>
   <trkpt lat="27.7056730" lon="85.3163100">
    <ele>1293.6</ele>
    <time>2025-10-25T01:28:36Z</time>
    <extensions>
     <gpxtpx:TrackPointExtension>
      <gpxtpx:hr>165</gpxtpx:hr>
     </gpxtpx:TrackPointExtension>
    </extensions>
   </trkpt>
   <trkpt lat="27.7056450" lon="85.3163110">
    <ele>1293.4</ele>
    <time>2025-10-25T01:28:37Z</time>
    <extensions>
     <gpxtpx:TrackPointExtension>
      <gpxtpx:hr>165</gpxtpx:hr>
     </gpxtpx:TrackPointExtension>
    </extensions>
   </trkpt>
   <trkpt lat="27.7056170" lon="85.3163130">
    <ele>1293.4</ele>
    <time>2025-10-25T01:28:38Z</time>
    <extensions>
     <gpxtpx:TrackPointExtension>
      <gpxtpx:hr>165</gpxtpx:hr>
     </gpxtpx:TrackPointExtension>
    </extensions>
   </trkpt>
   <trkpt lat="27.7055890" lon="85.3163150">
    <ele>1293.4</ele>
    <time>2025-10-25T01:28:39Z</time>
    <extensions>
     <gpxtpx:TrackPointExtension>
      <gpxtpx:hr>165</gpxtpx:hr>
     </gpxtpx:TrackPointExtension>
    </extensions>
   </trkpt>
   <trkpt lat="27.7055620" lon="85.3163170">
    <ele>1293.4</ele>
    <time>2025-10-25T01:28:40Z</time>
    <extensions>
     <gpxtpx:TrackPointExtension>
      <gpxtpx:hr>165</gpxtpx:hr>
     </gpxtpx:TrackPointExtension>
    </extensions>
   </trkpt>
   <trkpt lat="27.7055340" lon="85.3163190">
    <ele>1293.4</ele>
    <time>2025-10-25T01:28:41Z</time>
    <extensions>
     <gpxtpx:TrackPointExtension>
      <gpxtpx:hr>165</gpxtpx:hr>
     </gpxtpx:TrackPointExtension>
    </extensions>
   </trkpt>
   <trkpt lat="27.7055070" lon="85.3163210">
    <ele>1293.4</ele>
    <time>2025-10-25T01:28:42Z</time>
    <extensions>
     <gpxtpx:TrackPointExtension>
      <gpxtpx:hr>165</gpxtpx:hr>
     </gpxtpx:TrackPointExtension>
    </extensions>
   </trkpt>
   <trkpt lat="27.7054790" lon="85.3163230">
    <ele>1293.2</ele>
    <time>2025-10-25T01:28:43Z</time>
    <extensions>
     <gpxtpx:TrackPointExtension>
      <gpxtpx:hr>165</gpxtpx:hr>
     </gpxtpx:TrackPointExtension>
    </extensions>
   </trkpt>
   <trkpt lat="27.7054510" lon="85.3163240">
    <ele>1293.2</ele>
    <time>2025-10-25T01:28:44Z</time>
    <extensions>
     <gpxtpx:TrackPointExtension>
      <gpxtpx:hr>165</gpxtpx:hr>
     </gpxtpx:TrackPointExtension>
    </extensions>
   </trkpt>
   <trkpt lat="27.7054220" lon="85.3163260">
    <ele>1293.2</ele>
    <time>2025-10-25T01:28:45Z</time>
    <extensions>
     <gpxtpx:TrackPointExtension>
      <gpxtpx:hr>165</gpxtpx:hr>
     </gpxtpx:TrackPointExtension>
    </extensions>
   </trkpt>
   <trkpt lat="27.7053930" lon="85.3163280">
    <ele>1293.2</ele>
    <time>2025-10-25T01:28:46Z</time>
    <extensions>
     <gpxtpx:TrackPointExtension>
      <gpxtpx:hr>165</gpxtpx:hr>
     </gpxtpx:TrackPointExtension>
    </extensions>
   </trkpt>
   <trkpt lat="27.7053640" lon="85.3163300">
    <ele>1293.2</ele>
    <time>2025-10-25T01:28:47Z</time>
    <extensions>
     <gpxtpx:TrackPointExtension>
      <gpxtpx:hr>165</gpxtpx:hr>
     </gpxtpx:TrackPointExtension>
    </extensions>
   </trkpt>
   <trkpt lat="27.7053350" lon="85.3163330">
    <ele>1293.2</ele>
    <time>2025-10-25T01:28:48Z</time>
    <extensions>
     <gpxtpx:TrackPointExtension>
      <gpxtpx:hr>165</gpxtpx:hr>
     </gpxtpx:TrackPointExtension>
    </extensions>
   </trkpt>
   <trkpt lat="27.7053060" lon="85.3163360">
    <ele>1293.2</ele>
    <time>2025-10-25T01:28:49Z</time>
    <extensions>
     <gpxtpx:TrackPointExtension>
      <gpxtpx:hr>165</gpxtpx:hr>
     </gpxtpx:TrackPointExtension>
    </extensions>
   </trkpt>
   <trkpt lat="27.7052770" lon="85.3163380">
    <ele>1293.2</ele>
    <time>2025-10-25T01:28:50Z</time>
    <extensions>
     <gpxtpx:TrackPointExtension>
      <gpxtpx:hr>165</gpxtpx:hr>
     </gpxtpx:TrackPointExtension>
    </extensions>
   </trkpt>
   <trkpt lat="27.7052470" lon="85.3163410">
    <ele>1293.2</ele>
    <time>2025-10-25T01:28:51Z</time>
    <extensions>
     <gpxtpx:TrackPointExtension>
      <gpxtpx:hr>165</gpxtpx:hr>
     </gpxtpx:TrackPointExtension>
    </extensions>
   </trkpt>
   <trkpt lat="27.7052180" lon="85.3163430">
    <ele>1293.2</ele>
    <time>2025-10-25T01:28:52Z</time>
    <extensions>
     <gpxtpx:TrackPointExtension>
      <gpxtpx:hr>165</gpxtpx:hr>
     </gpxtpx:TrackPointExtension>
    </extensions>
   </trkpt>
   <trkpt lat="27.7051890" lon="85.3163460">
    <ele>1293.2</ele>
    <time>2025-10-25T01:28:53Z</time>
    <extensions>
     <gpxtpx:TrackPointExtension>
      <gpxtpx:hr>165</gpxtpx:hr>
     </gpxtpx:TrackPointExtension>
    </extensions>
   </trkpt>
   <trkpt lat="27.7051600" lon="85.3163490">
    <ele>1293.0</ele>
    <time>2025-10-25T01:28:54Z</time>
    <extensions>
     <gpxtpx:TrackPointExtension>
      <gpxtpx:hr>165</gpxtpx:hr>
     </gpxtpx:TrackPointExtension>
    </extensions>
   </trkpt>
   <trkpt lat="27.7051310" lon="85.3163530">
    <ele>1293.0</ele>
    <time>2025-10-25T01:28:55Z</time>
    <extensions>
     <gpxtpx:TrackPointExtension>
      <gpxtpx:hr>165</gpxtpx:hr>
     </gpxtpx:TrackPointExtension>
    </extensions>
   </trkpt>
   <trkpt lat="27.7051020" lon="85.3163570">
    <ele>1293.0</ele>
    <time>2025-10-25T01:28:56Z</time>
    <extensions>
     <gpxtpx:TrackPointExtension>
      <gpxtpx:hr>165</gpxtpx:hr>
     </gpxtpx:TrackPointExtension>
    </extensions>
   </trkpt>
   <trkpt lat="27.7050720" lon="85.3163610">
    <ele>1293.0</ele>
    <time>2025-10-25T01:28:57Z</time>
    <extensions>
     <gpxtpx:TrackPointExtension>
      <gpxtpx:hr>165</gpxtpx:hr>
     </gpxtpx:TrackPointExtension>
    </extensions>
   </trkpt>
   <trkpt lat="27.7050430" lon="85.3163650">
    <ele>1293.0</ele>
    <time>2025-10-25T01:28:58Z</time>
    <extensions>
     <gpxtpx:TrackPointExtension>
      <gpxtpx:hr>165</gpxtpx:hr>
     </gpxtpx:TrackPointExtension>
    </extensions>
   </trkpt>
   <trkpt lat="27.7050140" lon="85.3163690">
    <ele>1293.0</ele>
    <time>2025-10-25T01:28:59Z</time>
    <extensions>
     <gpxtpx:TrackPointExtension>
      <gpxtpx:hr>165</gpxtpx:hr>
     </gpxtpx:TrackPointExtension>
    </extensions>
   </trkpt>
   <trkpt lat="27.7049840" lon="85.3163730">
    <ele>1293.0</ele>
    <time>2025-10-25T01:29:00Z</time>
    <extensions>
     <gpxtpx:TrackPointExtension>
      <gpxtpx:hr>165</gpxtpx:hr>
     </gpxtpx:TrackPointExtension>
    </extensions>
   </trkpt>
   <trkpt lat="27.7049550" lon="85.3163770">
    <ele>1293.0</ele>
    <time>2025-10-25T01:29:01Z</time>
    <extensions>
     <gpxtpx:TrackPointExtension>
      <gpxtpx:hr>165</gpxtpx:hr>
     </gpxtpx:TrackPointExtension>
    </extensions>
   </trkpt>
   <trkpt lat="27.7049260" lon="85.3163810">
    <ele>1293.0</ele>
    <time>2025-10-25T01:29:02Z</time>
    <extensions>
     <gpxtpx:TrackPointExtension>
      <gpxtpx:hr>165</gpxtpx:hr>
     </gpxtpx:TrackPointExtension>
    </extensions>
   </trkpt>
   <trkpt lat="27.7048960" lon="85.3163850">
    <ele>1293.0</ele>
    <time>2025-10-25T01:29:03Z</time>
    <extensions>
     <gpxtpx:TrackPointExtension>
      <gpxtpx:hr>165</gpxtpx:hr>
     </gpxtpx:TrackPointExtension>
    </extensions>
   </trkpt>
   <trkpt lat="27.7048680" lon="85.3163890">
    <ele>1293.0</ele>
    <time>2025-10-25T01:29:04Z</time>
    <extensions>
     <gpxtpx:TrackPointExtension>
      <gpxtpx:hr>165</gpxtpx:hr>
     </gpxtpx:TrackPointExtension>
    </extensions>
   </trkpt>
   <trkpt lat="27.7048390" lon="85.3163940">
    <ele>1292.8</ele>
    <time>2025-10-25T01:29:05Z</time>
    <extensions>
     <gpxtpx:TrackPointExtension>
      <gpxtpx:hr>165</gpxtpx:hr>
     </gpxtpx:TrackPointExtension>
    </extensions>
   </trkpt>
   <trkpt lat="27.7048100" lon="85.3163980">
    <ele>1292.8</ele>
    <time>2025-10-25T01:29:06Z</time>
    <extensions>
     <gpxtpx:TrackPointExtension>
      <gpxtpx:hr>165</gpxtpx:hr>
     </gpxtpx:TrackPointExtension>
    </extensions>
   </trkpt>
   <trkpt lat="27.7047800" lon="85.3164030">
    <ele>1292.8</ele>
    <time>2025-10-25T01:29:07Z</time>
    <extensions>
     <gpxtpx:TrackPointExtension>
      <gpxtpx:hr>165</gpxtpx:hr>
     </gpxtpx:TrackPointExtension>
    </extensions>
   </trkpt>
   <trkpt lat="27.7047500" lon="85.3164070">
    <ele>1292.8</ele>
    <time>2025-10-25T01:29:08Z</time>
    <extensions>
     <gpxtpx:TrackPointExtension>
      <gpxtpx:hr>165</gpxtpx:hr>
     </gpxtpx:TrackPointExtension>
    </extensions>
   </trkpt>
   <trkpt lat="27.7047200" lon="85.3164120">
    <ele>1292.8</ele>
    <time>2025-10-25T01:29:09Z</time>
    <extensions>
     <gpxtpx:TrackPointExtension>
      <gpxtpx:hr>165</gpxtpx:hr>
     </gpxtpx:TrackPointExtension>
    </extensions>
   </trkpt>
   <trkpt lat="27.7046900" lon="85.3164150">
    <ele>1292.8</ele>
    <time>2025-10-25T01:29:10Z</time>
    <extensions>
     <gpxtpx:TrackPointExtension>
      <gpxtpx:hr>165</gpxtpx:hr>
     </gpxtpx:TrackPointExtension>
    </extensions>
   </trkpt>
   <trkpt lat="27.7046600" lon="85.3164190">
    <ele>1292.8</ele>
    <time>2025-10-25T01:29:11Z</time>
    <extensions>
     <gpxtpx:TrackPointExtension>
      <gpxtpx:hr>165</gpxtpx:hr>
     </gpxtpx:TrackPointExtension>
    </extensions>
   </trkpt>
   <trkpt lat="27.7046310" lon="85.3164220">
    <ele>1292.8</ele>
    <time>2025-10-25T01:29:12Z</time>
    <extensions>
     <gpxtpx:TrackPointExtension>
      <gpxtpx:hr>165</gpxtpx:hr>
     </gpxtpx:TrackPointExtension>
    </extensions>
   </trkpt>
   <trkpt lat="27.7046030" lon="85.3164250">
    <ele>1292.8</ele>
    <time>2025-10-25T01:29:13Z</time>
    <extensions>
     <gpxtpx:TrackPointExtension>
      <gpxtpx:hr>165</gpxtpx:hr>
     </gpxtpx:TrackPointExtension>
    </extensions>
   </trkpt>
   <trkpt lat="27.7045750" lon="85.3164280">
    <ele>1292.8</ele>
    <time>2025-10-25T01:29:14Z</time>
    <extensions>
     <gpxtpx:TrackPointExtension>
      <gpxtpx:hr>165</gpxtpx:hr>
     </gpxtpx:TrackPointExtension>
    </extensions>
   </trkpt>
   <trkpt lat="27.7045470" lon="85.3164300">
    <ele>1292.8</ele>
    <time>2025-10-25T01:29:15Z</time>
    <extensions>
     <gpxtpx:TrackPointExtension>
      <gpxtpx:hr>165</gpxtpx:hr>
     </gpxtpx:TrackPointExtension>
    </extensions>
   </trkpt>
   <trkpt lat="27.7045200" lon="85.3164330">
    <ele>1292.8</ele>
    <time>2025-10-25T01:29:16Z</time>
    <extensions>
     <gpxtpx:TrackPointExtension>
      <gpxtpx:hr>165</gpxtpx:hr>
     </gpxtpx:TrackPointExtension>
    </extensions>
   </trkpt>
   <trkpt lat="27.7044920" lon="85.3164360">
    <ele>1292.8</ele>
    <time>2025-10-25T01:29:17Z</time>
    <extensions>
     <gpxtpx:TrackPointExtension>
      <gpxtpx:hr>165</gpxtpx:hr>
     </gpxtpx:TrackPointExtension>
    </extensions>
   </trkpt>
   <trkpt lat="27.7044640" lon="85.3164380">
    <ele>1292.8</ele>
    <time>2025-10-25T01:29:18Z</time>
    <extensions>
     <gpxtpx:TrackPointExtension>
      <gpxtpx:hr>165</gpxtpx:hr>
     </gpxtpx:TrackPointExtension>
    </extensions>
   </trkpt>
   <trkpt lat="27.7044350" lon="85.3164400">
    <ele>1292.8</ele>
    <time>2025-10-25T01:29:19Z</time>
    <extensions>
     <gpxtpx:TrackPointExtension>
      <gpxtpx:hr>165</gpxtpx:hr>
     </gpxtpx:TrackPointExtension>
    </extensions>
   </trkpt>
   <trkpt lat="27.7044060" lon="85.3164430">
    <ele>1292.8</ele>
    <time>2025-10-25T01:29:20Z</time>
    <extensions>
     <gpxtpx:TrackPointExtension>
      <gpxtpx:hr>165</gpxtpx:hr>
     </gpxtpx:TrackPointExtension>
    </extensions>
   </trkpt>
   <trkpt lat="27.7043770" lon="85.3164450">
    <ele>1292.6</ele>
    <time>2025-10-25T01:29:21Z</time>
    <extensions>
     <gpxtpx:TrackPointExtension>
      <gpxtpx:hr>165</gpxtpx:hr>
     </gpxtpx:TrackPointExtension>
    </extensions>
   </trkpt>
   <trkpt lat="27.7043480" lon="85.3164470">
    <ele>1292.6</ele>
    <time>2025-10-25T01:29:22Z</time>
    <extensions>
     <gpxtpx:TrackPointExtension>
      <gpxtpx:hr>165</gpxtpx:hr>
     </gpxtpx:TrackPointExtension>
    </extensions>
   </trkpt>
   <trkpt lat="27.7043190" lon="85.3164490">
    <ele>1292.8</ele>
    <time>2025-10-25T01:29:23Z</time>
    <extensions>
     <gpxtpx:TrackPointExtension>
      <gpxtpx:hr>165</gpxtpx:hr>
     </gpxtpx:TrackPointExtension>
    </extensions>
   </trkpt>
   <trkpt lat="27.7042900" lon="85.3164510">
    <ele>1292.8</ele>
    <time>2025-10-25T01:29:24Z</time>
    <extensions>
     <gpxtpx:TrackPointExtension>
      <gpxtpx:hr>165</gpxtpx:hr>
     </gpxtpx:TrackPointExtension>
    </extensions>
   </trkpt>
   <trkpt lat="27.7042610" lon="85.3164530">
    <ele>1292.8</ele>
    <time>2025-10-25T01:29:25Z</time>
    <extensions>
     <gpxtpx:TrackPointExtension>
      <gpxtpx:hr>165</gpxtpx:hr>
     </gpxtpx:TrackPointExtension>
    </extensions>
   </trkpt>
   <trkpt lat="27.7042320" lon="85.3164550">
    <ele>1292.8</ele>
    <time>2025-10-25T01:29:26Z</time>
    <extensions>
     <gpxtpx:TrackPointExtension>
      <gpxtpx:hr>165</gpxtpx:hr>
     </gpxtpx:TrackPointExtension>
    </extensions>
   </trkpt>
   <trkpt lat="27.7042030" lon="85.3164570">
    <ele>1292.8</ele>
    <time>2025-10-25T01:29:27Z</time>
    <extensions>
     <gpxtpx:TrackPointExtension>
      <gpxtpx:hr>163</gpxtpx:hr>
     </gpxtpx:TrackPointExtension>
    </extensions>
   </trkpt>
   <trkpt lat="27.7041740" lon="85.3164600">
    <ele>1292.8</ele>
    <time>2025-10-25T01:29:28Z</time>
    <extensions>
     <gpxtpx:TrackPointExtension>
      <gpxtpx:hr>163</gpxtpx:hr>
     </gpxtpx:TrackPointExtension>
    </extensions>
   </trkpt>
   <trkpt lat="27.7041460" lon="85.3164620">
    <ele>1292.8</ele>
    <time>2025-10-25T01:29:29Z</time>
    <extensions>
     <gpxtpx:TrackPointExtension>
      <gpxtpx:hr>163</gpxtpx:hr>
     </gpxtpx:TrackPointExtension>
    </extensions>
   </trkpt>
   <trkpt lat="27.7041180" lon="85.3164640">
    <ele>1292.8</ele>
    <time>2025-10-25T01:29:30Z</time>
    <extensions>
     <gpxtpx:TrackPointExtension>
      <gpxtpx:hr>163</gpxtpx:hr>
     </gpxtpx:TrackPointExtension>
    </extensions>
   </trkpt>
   <trkpt lat="27.7040900" lon="85.3164670">
    <ele>1292.6</ele>
    <time>2025-10-25T01:29:31Z</time>
    <extensions>
     <gpxtpx:TrackPointExtension>
      <gpxtpx:hr>163</gpxtpx:hr>
     </gpxtpx:TrackPointExtension>
    </extensions>
   </trkpt>
   <trkpt lat="27.7040620" lon="85.3164690">
    <ele>1292.6</ele>
    <time>2025-10-25T01:29:32Z</time>
    <extensions>
     <gpxtpx:TrackPointExtension>
      <gpxtpx:hr>163</gpxtpx:hr>
     </gpxtpx:TrackPointExtension>
    </extensions>
   </trkpt>
   <trkpt lat="27.7040330" lon="85.3164710">
    <ele>1292.6</ele>
    <time>2025-10-25T01:29:33Z</time>
    <extensions>
     <gpxtpx:TrackPointExtension>
      <gpxtpx:hr>163</gpxtpx:hr>
     </gpxtpx:TrackPointExtension>
    </extensions>
   </trkpt>
   <trkpt lat="27.7040040" lon="85.3164730">
    <ele>1292.6</ele>
    <time>2025-10-25T01:29:34Z</time>
    <extensions>
     <gpxtpx:TrackPointExtension>
      <gpxtpx:hr>163</gpxtpx:hr>
     </gpxtpx:TrackPointExtension>
    </extensions>
   </trkpt>
   <trkpt lat="27.7039750" lon="85.3164760">
    <ele>1292.6</ele>
    <time>2025-10-25T01:29:35Z</time>
    <extensions>
     <gpxtpx:TrackPointExtension>
      <gpxtpx:hr>163</gpxtpx:hr>
     </gpxtpx:TrackPointExtension>
    </extensions>
   </trkpt>
   <trkpt lat="27.7039450" lon="85.3164780">
    <ele>1292.6</ele>
    <time>2025-10-25T01:29:36Z</time>
    <extensions>
     <gpxtpx:TrackPointExtension>
      <gpxtpx:hr>163</gpxtpx:hr>
     </gpxtpx:TrackPointExtension>
    </extensions>
   </trkpt>
   <trkpt lat="27.7039160" lon="85.3164800">
    <ele>1292.6</ele>
    <time>2025-10-25T01:29:37Z</time>
    <extensions>
     <gpxtpx:TrackPointExtension>
      <gpxtpx:hr>163</gpxtpx:hr>
     </gpxtpx:TrackPointExtension>
    </extensions>
   </trkpt>
   <trkpt lat="27.7038870" lon="85.3164820">
    <ele>1292.6</ele>
    <time>2025-10-25T01:29:38Z</time>
    <extensions>
     <gpxtpx:TrackPointExtension>
      <gpxtpx:hr>163</gpxtpx:hr>
     </gpxtpx:TrackPointExtension>
    </extensions>
   </trkpt>
   <trkpt lat="27.7038590" lon="85.3164830">
    <ele>1292.6</ele>
    <time>2025-10-25T01:29:39Z</time>
    <extensions>
     <gpxtpx:TrackPointExtension>
      <gpxtpx:hr>163</gpxtpx:hr>
     </gpxtpx:TrackPointExtension>
    </extensions>
   </trkpt>
   <trkpt lat="27.7038300" lon="85.3164840">
    <ele>1292.6</ele>
    <time>2025-10-25T01:29:40Z</time>
    <extensions>
     <gpxtpx:TrackPointExtension>
      <gpxtpx:hr>163</gpxtpx:hr>
     </gpxtpx:TrackPointExtension>
    </extensions>
   </trkpt>
   <trkpt lat="27.7038010" lon="85.3164860">
    <ele>1292.6</ele>
    <time>2025-10-25T01:29:41Z</time>
    <extensions>
     <gpxtpx:TrackPointExtension>
      <gpxtpx:hr>163</gpxtpx:hr>
     </gpxtpx:TrackPointExtension>
    </extensions>
   </trkpt>
   <trkpt lat="27.7037720" lon="85.3164870">
    <ele>1292.6</ele>
    <time>2025-10-25T01:29:42Z</time>
    <extensions>
     <gpxtpx:TrackPointExtension>
      <gpxtpx:hr>163</gpxtpx:hr>
     </gpxtpx:TrackPointExtension>
    </extensions>
   </trkpt>
   <trkpt lat="27.7037440" lon="85.3164890">
    <ele>1292.6</ele>
    <time>2025-10-25T01:29:43Z</time>
    <extensions>
     <gpxtpx:TrackPointExtension>
      <gpxtpx:hr>163</gpxtpx:hr>
     </gpxtpx:TrackPointExtension>
    </extensions>
   </trkpt>
   <trkpt lat="27.7037150" lon="85.3164910">
    <ele>1292.6</ele>
    <time>2025-10-25T01:29:44Z</time>
    <extensions>
     <gpxtpx:TrackPointExtension>
      <gpxtpx:hr>163</gpxtpx:hr>
     </gpxtpx:TrackPointExtension>
    </extensions>
   </trkpt>
   <trkpt lat="27.7036860" lon="85.3164930">
    <ele>1292.6</ele>
    <time>2025-10-25T01:29:45Z</time>
    <extensions>
     <gpxtpx:TrackPointExtension>
      <gpxtpx:hr>163</gpxtpx:hr>
     </gpxtpx:TrackPointExtension>
    </extensions>
   </trkpt>
   <trkpt lat="27.7036570" lon="85.3164950">
    <ele>1292.6</ele>
    <time>2025-10-25T01:29:46Z</time>
    <extensions>
     <gpxtpx:TrackPointExtension>
      <gpxtpx:hr>163</gpxtpx:hr>
     </gpxtpx:TrackPointExtension>
    </extensions>
   </trkpt>
   <trkpt lat="27.7036280" lon="85.3164970">
    <ele>1292.6</ele>
    <time>2025-10-25T01:29:47Z</time>
    <extensions>
     <gpxtpx:TrackPointExtension>
      <gpxtpx:hr>163</gpxtpx:hr>
     </gpxtpx:TrackPointExtension>
    </extensions>
   </trkpt>
   <trkpt lat="27.7036000" lon="85.3164980">
    <ele>1292.6</ele>
    <time>2025-10-25T01:29:48Z</time>
    <extensions>
     <gpxtpx:TrackPointExtension>
      <gpxtpx:hr>163</gpxtpx:hr>
     </gpxtpx:TrackPointExtension>
    </extensions>
   </trkpt>
   <trkpt lat="27.7035730" lon="85.3164990">
    <ele>1292.6</ele>
    <time>2025-10-25T01:29:49Z</time>
    <extensions>
     <gpxtpx:TrackPointExtension>
      <gpxtpx:hr>163</gpxtpx:hr>
     </gpxtpx:TrackPointExtension>
    </extensions>
   </trkpt>
   <trkpt lat="27.7035460" lon="85.3165000">
    <ele>1292.6</ele>
    <time>2025-10-25T01:29:50Z</time>
    <extensions>
     <gpxtpx:TrackPointExtension>
      <gpxtpx:hr>163</gpxtpx:hr>
     </gpxtpx:TrackPointExtension>
    </extensions>
   </trkpt>
   <trkpt lat="27.7035180" lon="85.3165010">
    <ele>1292.6</ele>
    <time>2025-10-25T01:29:51Z</time>
    <extensions>
     <gpxtpx:TrackPointExtension>
      <gpxtpx:hr>163</gpxtpx:hr>
     </gpxtpx:TrackPointExtension>
    </extensions>
   </trkpt>
   <trkpt lat="27.7034900" lon="85.3165020">
    <ele>1292.6</ele>
    <time>2025-10-25T01:29:52Z</time>
    <extensions>
     <gpxtpx:TrackPointExtension>
      <gpxtpx:hr>163</gpxtpx:hr>
     </gpxtpx:TrackPointExtension>
    </extensions>
   </trkpt>
   <trkpt lat="27.7034620" lon="85.3165030">
    <ele>1292.6</ele>
    <time>2025-10-25T01:29:53Z</time>
    <extensions>
     <gpxtpx:TrackPointExtension>
      <gpxtpx:hr>163</gpxtpx:hr>
     </gpxtpx:TrackPointExtension>
    </extensions>
   </trkpt>
   <trkpt lat="27.7034330" lon="85.3165040">
    <ele>1292.6</ele>
    <time>2025-10-25T01:29:54Z</time>
    <extensions>
     <gpxtpx:TrackPointExtension>
      <gpxtpx:hr>163</gpxtpx:hr>
     </gpxtpx:TrackPointExtension>
    </extensions>
   </trkpt>
   <trkpt lat="27.7034030" lon="85.3165050">
    <ele>1292.6</ele>
    <time>2025-10-25T01:29:55Z</time>
    <extensions>
     <gpxtpx:TrackPointExtension>
      <gpxtpx:hr>163</gpxtpx:hr>
     </gpxtpx:TrackPointExtension>
    </extensions>
   </trkpt>
   <trkpt lat="27.7033740" lon="85.3165060">
    <ele>1292.6</ele>
    <time>2025-10-25T01:29:56Z</time>
    <extensions>
     <gpxtpx:TrackPointExtension>
      <gpxtpx:hr>163</gpxtpx:hr>
     </gpxtpx:TrackPointExtension>
    </extensions>
   </trkpt>
   <trkpt lat="27.7033450" lon="85.3165070">
    <ele>1292.6</ele>
    <time>2025-10-25T01:29:57Z</time>
    <extensions>
     <gpxtpx:TrackPointExtension>
      <gpxtpx:hr>163</gpxtpx:hr>
     </gpxtpx:TrackPointExtension>
    </extensions>
   </trkpt>
   <trkpt lat="27.7033160" lon="85.3165070">
    <ele>1292.6</ele>
    <time>2025-10-25T01:29:58Z</time>
    <extensions>
     <gpxtpx:TrackPointExtension>
      <gpxtpx:hr>163</gpxtpx:hr>
     </gpxtpx:TrackPointExtension>
    </extensions>
   </trkpt>
   <trkpt lat="27.7032880" lon="85.3165070">
    <ele>1292.6</ele>
    <time>2025-10-25T01:29:59Z</time>
    <extensions>
     <gpxtpx:TrackPointExtension>
      <gpxtpx:hr>163</gpxtpx:hr>
     </gpxtpx:TrackPointExtension>
    </extensions>
   </trkpt>
   <trkpt lat="27.7032590" lon="85.3165080">
    <ele>1292.6</ele>
    <time>2025-10-25T01:30:00Z</time>
    <extensions>
     <gpxtpx:TrackPointExtension>
      <gpxtpx:hr>163</gpxtpx:hr>
     </gpxtpx:TrackPointExtension>
    </extensions>
   </trkpt>
   <trkpt lat="27.7032310" lon="85.3165080">
    <ele>1292.6</ele>
    <time>2025-10-25T01:30:01Z</time>
    <extensions>
     <gpxtpx:TrackPointExtension>
      <gpxtpx:hr>163</gpxtpx:hr>
     </gpxtpx:TrackPointExtension>
    </extensions>
   </trkpt>
   <trkpt lat="27.7032030" lon="85.3165090">
    <ele>1292.6</ele>
    <time>2025-10-25T01:30:02Z</time>
    <extensions>
     <gpxtpx:TrackPointExtension>
      <gpxtpx:hr>163</gpxtpx:hr>
     </gpxtpx:TrackPointExtension>
    </extensions>
   </trkpt>
   <trkpt lat="27.7031750" lon="85.3165100">
    <ele>1292.6</ele>
    <time>2025-10-25T01:30:03Z</time>
    <extensions>
     <gpxtpx:TrackPointExtension>
      <gpxtpx:hr>163</gpxtpx:hr>
     </gpxtpx:TrackPointExtension>
    </extensions>
   </trkpt>
   <trkpt lat="27.7031470" lon="85.3165120">
    <ele>1292.6</ele>
    <time>2025-10-25T01:30:04Z</time>
    <extensions>
     <gpxtpx:TrackPointExtension>
      <gpxtpx:hr>163</gpxtpx:hr>
     </gpxtpx:TrackPointExtension>
    </extensions>
   </trkpt>
   <trkpt lat="27.7031190" lon="85.3165140">
    <ele>1292.8</ele>
    <time>2025-10-25T01:30:05Z</time>
    <extensions>
     <gpxtpx:TrackPointExtension>
      <gpxtpx:hr>163</gpxtpx:hr>
     </gpxtpx:TrackPointExtension>
    </extensions>
   </trkpt>
   <trkpt lat="27.7030920" lon="85.3165150">
    <ele>1292.8</ele>
    <time>2025-10-25T01:30:06Z</time>
    <extensions>
     <gpxtpx:TrackPointExtension>
      <gpxtpx:hr>163</gpxtpx:hr>
     </gpxtpx:TrackPointExtension>
    </extensions>
   </trkpt>
   <trkpt lat="27.7030640" lon="85.3165170">
    <ele>1292.8</ele>
    <time>2025-10-25T01:30:07Z</time>
    <extensions>
     <gpxtpx:TrackPointExtension>
      <gpxtpx:hr>163</gpxtpx:hr>
     </gpxtpx:TrackPointExtension>
    </extensions>
   </trkpt>
   <trkpt lat="27.7030370" lon="85.3165190">
    <ele>1292.8</ele>
    <time>2025-10-25T01:30:08Z</time>
    <extensions>
     <gpxtpx:TrackPointExtension>
      <gpxtpx:hr>163</gpxtpx:hr>
     </gpxtpx:TrackPointExtension>
    </extensions>
   </trkpt>
   <trkpt lat="27.7030100" lon="85.3165200">
    <ele>1292.8</ele>
    <time>2025-10-25T01:30:09Z</time>
    <extensions>
     <gpxtpx:TrackPointExtension>
      <gpxtpx:hr>163</gpxtpx:hr>
     </gpxtpx:TrackPointExtension>
    </extensions>
   </trkpt>
   <trkpt lat="27.7029820" lon="85.3165220">
    <ele>1292.8</ele>
    <time>2025-10-25T01:30:10Z</time>
    <extensions>
     <gpxtpx:TrackPointExtension>
      <gpxtpx:hr>163</gpxtpx:hr>
     </gpxtpx:TrackPointExtension>
    </extensions>
   </trkpt>
   <trkpt lat="27.7029550" lon="85.3165240">
    <ele>1292.8</ele>
    <time>2025-10-25T01:30:11Z</time>
    <extensions>
     <gpxtpx:TrackPointExtension>
      <gpxtpx:hr>163</gpxtpx:hr>
     </gpxtpx:TrackPointExtension>
    </extensions>
   </trkpt>
   <trkpt lat="27.7029280" lon="85.3165250">
    <ele>1292.8</ele>
    <time>2025-10-25T01:30:12Z</time>
    <extensions>
     <gpxtpx:TrackPointExtension>
      <gpxtpx:hr>163</gpxtpx:hr>
     </gpxtpx:TrackPointExtension>
    </extensions>
   </trkpt>
   <trkpt lat="27.7029000" lon="85.3165270">
    <ele>1292.8</ele>
    <time>2025-10-25T01:30:13Z</time>
    <extensions>
     <gpxtpx:TrackPointExtension>
      <gpxtpx:hr>163</gpxtpx:hr>
     </gpxtpx:TrackPointExtension>
    </extensions>
   </trkpt>
   <trkpt lat="27.7028710" lon="85.3165280">
    <ele>1292.8</ele>
    <time>2025-10-25T01:30:14Z</time>
    <extensions>
     <gpxtpx:TrackPointExtension>
      <gpxtpx:hr>163</gpxtpx:hr>
     </gpxtpx:TrackPointExtension>
    </extensions>
   </trkpt>
   <trkpt lat="27.7028430" lon="85.3165290">
    <ele>1292.8</ele>
    <time>2025-10-25T01:30:15Z</time>
    <extensions>
     <gpxtpx:TrackPointExtension>
      <gpxtpx:hr>163</gpxtpx:hr>
     </gpxtpx:TrackPointExtension>
    </extensions>
   </trkpt>
   <trkpt lat="27.7028140" lon="85.3165310">
    <ele>1292.8</ele>
    <time>2025-10-25T01:30:16Z</time>
    <extensions>
     <gpxtpx:TrackPointExtension>
      <gpxtpx:hr>163</gpxtpx:hr>
     </gpxtpx:TrackPointExtension>
    </extensions>
   </trkpt>
   <trkpt lat="27.7027840" lon="85.3165320">
    <ele>1292.8</ele>
    <time>2025-10-25T01:30:17Z</time>
    <extensions>
     <gpxtpx:TrackPointExtension>
      <gpxtpx:hr>163</gpxtpx:hr>
     </gpxtpx:TrackPointExtension>
    </extensions>
   </trkpt>
   <trkpt lat="27.7027550" lon="85.3165340">
    <ele>1292.8</ele>
    <time>2025-10-25T01:30:18Z</time>
    <extensions>
     <gpxtpx:TrackPointExtension>
      <gpxtpx:hr>163</gpxtpx:hr>
     </gpxtpx:TrackPointExtension>
    </extensions>
   </trkpt>
   <trkpt lat="27.7027260" lon="85.3165360">
    <ele>1292.8</ele>
    <time>2025-10-25T01:30:19Z</time>
    <extensions>
     <gpxtpx:TrackPointExtension>
      <gpxtpx:hr>163</gpxtpx:hr>
     </gpxtpx:TrackPointExtension>
    </extensions>
   </trkpt>
   <trkpt lat="27.7026970" lon="85.3165370">
    <ele>1292.8</ele>
    <time>2025-10-25T01:30:20Z</time>
    <extensions>
     <gpxtpx:TrackPointExtension>
      <gpxtpx:hr>163</gpxtpx:hr>
     </gpxtpx:TrackPointExtension>
    </extensions>
   </trkpt>
   <trkpt lat="27.7026690" lon="85.3165390">
    <ele>1292.8</ele>
    <time>2025-10-25T01:30:21Z</time>
    <extensions>
     <gpxtpx:TrackPointExtension>
      <gpxtpx:hr>163</gpxtpx:hr>
     </gpxtpx:TrackPointExtension>
    </extensions>
   </trkpt>
   <trkpt lat="27.7026400" lon="85.3165400">
    <ele>1292.8</ele>
    <time>2025-10-25T01:30:22Z</time>
    <extensions>
     <gpxtpx:TrackPointExtension>
      <gpxtpx:hr>163</gpxtpx:hr>
     </gpxtpx:TrackPointExtension>
    </extensions>
   </trkpt>
   <trkpt lat="27.7026110" lon="85.3165410">
    <ele>1292.6</ele>
    <time>2025-10-25T01:30:23Z</time>
    <extensions>
     <gpxtpx:TrackPointExtension>
      <gpxtpx:hr>163</gpxtpx:hr>
     </gpxtpx:TrackPointExtension>
    </extensions>
   </trkpt>
   <trkpt lat="27.7025820" lon="85.3165420">
    <ele>1292.6</ele>
    <time>2025-10-25T01:30:24Z</time>
    <extensions>
     <gpxtpx:TrackPointExtension>
      <gpxtpx:hr>163</gpxtpx:hr>
     </gpxtpx:TrackPointExtension>
    </extensions>
   </trkpt>
   <trkpt lat="27.7025520" lon="85.3165440">
    <ele>1292.6</ele>
    <time>2025-10-25T01:30:25Z</time>
    <extensions>
     <gpxtpx:TrackPointExtension>
      <gpxtpx:hr>163</gpxtpx:hr>
     </gpxtpx:TrackPointExtension>
    </extensions>
   </trkpt>
   <trkpt lat="27.7025230" lon="85.3165460">
    <ele>1292.6</ele>
    <time>2025-10-25T01:30:26Z</time>
    <extensions>
     <gpxtpx:TrackPointExtension>
      <gpxtpx:hr>163</gpxtpx:hr>
     </gpxtpx:TrackPointExtension>
    </extensions>
   </trkpt>
   <trkpt lat="27.7024950" lon="85.3165470">
    <ele>1292.6</ele>
    <time>2025-10-25T01:30:27Z</time>
    <extensions>
     <gpxtpx:TrackPointExtension>
      <gpxtpx:hr>163</gpxtpx:hr>
     </gpxtpx:TrackPointExtension>
    </extensions>
   </trkpt>
   <trkpt lat="27.7024660" lon="85.3165490">
    <ele>1292.6</ele>
    <time>2025-10-25T01:30:28Z</time>
    <extensions>
     <gpxtpx:TrackPointExtension>
      <gpxtpx:hr>163</gpxtpx:hr>
     </gpxtpx:TrackPointExtension>
    </extensions>
   </trkpt>
   <trkpt lat="27.7024370" lon="85.3165510">
    <ele>1292.6</ele>
    <time>2025-10-25T01:30:29Z</time>
    <extensions>
     <gpxtpx:TrackPointExtension>
      <gpxtpx:hr>163</gpxtpx:hr>
     </gpxtpx:TrackPointExtension>
    </extensions>
   </trkpt>
   <trkpt lat="27.7024090" lon="85.3165520">
    <ele>1292.6</ele>
    <time>2025-10-25T01:30:30Z</time>
    <extensions>
     <gpxtpx:TrackPointExtension>
      <gpxtpx:hr>163</gpxtpx:hr>
     </gpxtpx:TrackPointExtension>
    </extensions>
   </trkpt>
   <trkpt lat="27.7023800" lon="85.3165530">
    <ele>1292.6</ele>
    <time>2025-10-25T01:30:31Z</time>
    <extensions>
     <gpxtpx:TrackPointExtension>
      <gpxtpx:hr>163</gpxtpx:hr>
     </gpxtpx:TrackPointExtension>
    </extensions>
   </trkpt>
   <trkpt lat="27.7023520" lon="85.3165540">
    <ele>1292.6</ele>
    <time>2025-10-25T01:30:32Z</time>
    <extensions>
     <gpxtpx:TrackPointExtension>
      <gpxtpx:hr>163</gpxtpx:hr>
     </gpxtpx:TrackPointExtension>
    </extensions>
   </trkpt>
   <trkpt lat="27.7023240" lon="85.3165540">
    <ele>1292.6</ele>
    <time>2025-10-25T01:30:33Z</time>
    <extensions>
     <gpxtpx:TrackPointExtension>
      <gpxtpx:hr>163</gpxtpx:hr>
     </gpxtpx:TrackPointExtension>
    </extensions>
   </trkpt>
   <trkpt lat="27.7022960" lon="85.3165540">
    <ele>1292.6</ele>
    <time>2025-10-25T01:30:34Z</time>
    <extensions>
     <gpxtpx:TrackPointExtension>
      <gpxtpx:hr>163</gpxtpx:hr>
     </gpxtpx:TrackPointExtension>
    </extensions>
   </trkpt>
   <trkpt lat="27.7022690" lon="85.3165540">
    <ele>1292.6</ele>
    <time>2025-10-25T01:30:35Z</time>
    <extensions>
     <gpxtpx:TrackPointExtension>
      <gpxtpx:hr>163</gpxtpx:hr>
     </gpxtpx:TrackPointExtension>
    </extensions>
   </trkpt>
   <trkpt lat="27.7022420" lon="85.3165530">
    <ele>1292.6</ele>
    <time>2025-10-25T01:30:36Z</time>
    <extensions>
     <gpxtpx:TrackPointExtension>
      <gpxtpx:hr>163</gpxtpx:hr>
     </gpxtpx:TrackPointExtension>
    </extensions>
   </trkpt>
   <trkpt lat="27.7022150" lon="85.3165530">
    <ele>1292.6</ele>
    <time>2025-10-25T01:30:37Z</time>
    <extensions>
     <gpxtpx:TrackPointExtension>
      <gpxtpx:hr>163</gpxtpx:hr>
     </gpxtpx:TrackPointExtension>
    </extensions>
   </trkpt>
   <trkpt lat="27.7021880" lon="85.3165520">
    <ele>1292.6</ele>
    <time>2025-10-25T01:30:38Z</time>
    <extensions>
     <gpxtpx:TrackPointExtension>
      <gpxtpx:hr>163</gpxtpx:hr>
     </gpxtpx:TrackPointExtension>
    </extensions>
   </trkpt>
   <trkpt lat="27.7021620" lon="85.3165510">
    <ele>1292.6</ele>
    <time>2025-10-25T01:30:39Z</time>
    <extensions>
     <gpxtpx:TrackPointExtension>
      <gpxtpx:hr>163</gpxtpx:hr>
     </gpxtpx:TrackPointExtension>
    </extensions>
   </trkpt>
   <trkpt lat="27.7021350" lon="85.3165500">
    <ele>1292.6</ele>
    <time>2025-10-25T01:30:40Z</time>
    <extensions>
     <gpxtpx:TrackPointExtension>
      <gpxtpx:hr>163</gpxtpx:hr>
     </gpxtpx:TrackPointExtension>
    </extensions>
   </trkpt>
   <trkpt lat="27.7021090" lon="85.3165490">
    <ele>1292.6</ele>
    <time>2025-10-25T01:30:41Z</time>
    <extensions>
     <gpxtpx:TrackPointExtension>
      <gpxtpx:hr>163</gpxtpx:hr>
     </gpxtpx:TrackPointExtension>
    </extensions>
   </trkpt>
   <trkpt lat="27.7020830" lon="85.3165490">
    <ele>1292.6</ele>
    <time>2025-10-25T01:30:42Z</time>
    <extensions>
     <gpxtpx:TrackPointExtension>
      <gpxtpx:hr>163</gpxtpx:hr>
     </gpxtpx:TrackPointExtension>
    </extensions>
   </trkpt>
   <trkpt lat="27.7020570" lon="85.3165490">
    <ele>1292.6</ele>
    <time>2025-10-25T01:30:43Z</time>
    <extensions>
     <gpxtpx:TrackPointExtension>
      <gpxtpx:hr>163</gpxtpx:hr>
     </gpxtpx:TrackPointExtension>
    </extensions>
   </trkpt>
   <trkpt lat="27.7020300" lon="85.3165500">
    <ele>1292.8</ele>
    <time>2025-10-25T01:30:44Z</time>
    <extensions>
     <gpxtpx:TrackPointExtension>
      <gpxtpx:hr>163</gpxtpx:hr>
     </gpxtpx:TrackPointExtension>
    </extensions>
   </trkpt>
   <trkpt lat="27.7020030" lon="85.3165510">
    <ele>1292.8</ele>
    <time>2025-10-25T01:30:45Z</time>
    <extensions>
     <gpxtpx:TrackPointExtension>
      <gpxtpx:hr>163</gpxtpx:hr>
     </gpxtpx:TrackPointExtension>
    </extensions>
   </trkpt>
   <trkpt lat="27.7019750" lon="85.3165510">
    <ele>1292.8</ele>
    <time>2025-10-25T01:30:46Z</time>
    <extensions>
     <gpxtpx:TrackPointExtension>
      <gpxtpx:hr>163</gpxtpx:hr>
     </gpxtpx:TrackPointExtension>
    </extensions>
   </trkpt>
   <trkpt lat="27.7019460" lon="85.3165530">
    <ele>1292.8</ele>
    <time>2025-10-25T01:30:47Z</time>
    <extensions>
     <gpxtpx:TrackPointExtension>
      <gpxtpx:hr>163</gpxtpx:hr>
     </gpxtpx:TrackPointExtension>
    </extensions>
   </trkpt>
   <trkpt lat="27.7019180" lon="85.3165540">
    <ele>1292.8</ele>
    <time>2025-10-25T01:30:48Z</time>
    <extensions>
     <gpxtpx:TrackPointExtension>
      <gpxtpx:hr>163</gpxtpx:hr>
     </gpxtpx:TrackPointExtension>
    </extensions>
   </trkpt>
   <trkpt lat="27.7018900" lon="85.3165560">
    <ele>1292.8</ele>
    <time>2025-10-25T01:30:49Z</time>
    <extensions>
     <gpxtpx:TrackPointExtension>
      <gpxtpx:hr>163</gpxtpx:hr>
     </gpxtpx:TrackPointExtension>
    </extensions>
   </trkpt>
   <trkpt lat="27.7018620" lon="85.3165590">
    <ele>1292.8</ele>
    <time>2025-10-25T01:30:50Z</time>
    <extensions>
     <gpxtpx:TrackPointExtension>
      <gpxtpx:hr>163</gpxtpx:hr>
     </gpxtpx:TrackPointExtension>
    </extensions>
   </trkpt>
   <trkpt lat="27.7018350" lon="85.3165610">
    <ele>1292.8</ele>
    <time>2025-10-25T01:30:51Z</time>
    <extensions>
     <gpxtpx:TrackPointExtension>
      <gpxtpx:hr>163</gpxtpx:hr>
     </gpxtpx:TrackPointExtension>
    </extensions>
   </trkpt>
   <trkpt lat="27.7018070" lon="85.3165640">
    <ele>1292.8</ele>
    <time>2025-10-25T01:30:52Z</time>
    <extensions>
     <gpxtpx:TrackPointExtension>
      <gpxtpx:hr>163</gpxtpx:hr>
     </gpxtpx:TrackPointExtension>
    </extensions>
   </trkpt>
   <trkpt lat="27.7017800" lon="85.3165660">
    <ele>1292.8</ele>
    <time>2025-10-25T01:30:53Z</time>
    <extensions>
     <gpxtpx:TrackPointExtension>
      <gpxtpx:hr>163</gpxtpx:hr>
     </gpxtpx:TrackPointExtension>
    </extensions>
   </trkpt>
   <trkpt lat="27.7017520" lon="85.3165690">
    <ele>1292.8</ele>
    <time>2025-10-25T01:30:54Z</time>
    <extensions>
     <gpxtpx:TrackPointExtension>
      <gpxtpx:hr>163</gpxtpx:hr>
     </gpxtpx:TrackPointExtension>
    </extensions>
   </trkpt>
   <trkpt lat="27.7017250" lon="85.3165710">
    <ele>1292.8</ele>
    <time>2025-10-25T01:30:55Z</time>
    <extensions>
     <gpxtpx:TrackPointExtension>
      <gpxtpx:hr>163</gpxtpx:hr>
     </gpxtpx:TrackPointExtension>
    </extensions>
   </trkpt>
   <trkpt lat="27.7016970" lon="85.3165740">
    <ele>1292.8</ele>
    <time>2025-10-25T01:30:56Z</time>
    <extensions>
     <gpxtpx:TrackPointExtension>
      <gpxtpx:hr>163</gpxtpx:hr>
     </gpxtpx:TrackPointExtension>
    </extensions>
   </trkpt>
   <trkpt lat="27.7016700" lon="85.3165760">
    <ele>1292.8</ele>
    <time>2025-10-25T01:30:57Z</time>
    <extensions>
     <gpxtpx:TrackPointExtension>
      <gpxtpx:hr>163</gpxtpx:hr>
     </gpxtpx:TrackPointExtension>
    </extensions>
   </trkpt>
   <trkpt lat="27.7016410" lon="85.3165790">
    <ele>1292.8</ele>
    <time>2025-10-25T01:30:58Z</time>
    <extensions>
     <gpxtpx:TrackPointExtension>
      <gpxtpx:hr>163</gpxtpx:hr>
     </gpxtpx:TrackPointExtension>
    </extensions>
   </trkpt>
   <trkpt lat="27.7016130" lon="85.3165810">
    <ele>1292.8</ele>
    <time>2025-10-25T01:30:59Z</time>
    <extensions>
     <gpxtpx:TrackPointExtension>
      <gpxtpx:hr>163</gpxtpx:hr>
     </gpxtpx:TrackPointExtension>
    </extensions>
   </trkpt>
   <trkpt lat="27.7015840" lon="85.3165840">
    <ele>1292.8</ele>
    <time>2025-10-25T01:31:00Z</time>
    <extensions>
     <gpxtpx:TrackPointExtension>
      <gpxtpx:hr>163</gpxtpx:hr>
     </gpxtpx:TrackPointExtension>
    </extensions>
   </trkpt>
   <trkpt lat="27.7015560" lon="85.3165860">
    <ele>1292.6</ele>
    <time>2025-10-25T01:31:01Z</time>
    <extensions>
     <gpxtpx:TrackPointExtension>
      <gpxtpx:hr>163</gpxtpx:hr>
     </gpxtpx:TrackPointExtension>
    </extensions>
   </trkpt>
   <trkpt lat="27.7015290" lon="85.3165880">
    <ele>1292.6</ele>
    <time>2025-10-25T01:31:02Z</time>
    <extensions>
     <gpxtpx:TrackPointExtension>
      <gpxtpx:hr>163</gpxtpx:hr>
     </gpxtpx:TrackPointExtension>
    </extensions>
   </trkpt>
   <trkpt lat="27.7015010" lon="85.3165900">
    <ele>1292.6</ele>
    <time>2025-10-25T01:31:03Z</time>
    <extensions>
     <gpxtpx:TrackPointExtension>
      <gpxtpx:hr>163</gpxtpx:hr>
     </gpxtpx:TrackPointExtension>
    </extensions>
   </trkpt>
   <trkpt lat="27.7014730" lon="85.3165920">
    <ele>1292.6</ele>
    <time>2025-10-25T01:31:04Z</time>
    <extensions>
     <gpxtpx:TrackPointExtension>
      <gpxtpx:hr>163</gpxtpx:hr>
     </gpxtpx:TrackPointExtension>
    </extensions>
   </trkpt>
   <trkpt lat="27.7014450" lon="85.3165940">
    <ele>1292.6</ele>
    <time>2025-10-25T01:31:05Z</time>
    <extensions>
     <gpxtpx:TrackPointExtension>
      <gpxtpx:hr>163</gpxtpx:hr>
     </gpxtpx:TrackPointExtension>
    </extensions>
   </trkpt>
   <trkpt lat="27.7014160" lon="85.3165960">
    <ele>1292.6</ele>
    <time>2025-10-25T01:31:06Z</time>
    <extensions>
     <gpxtpx:TrackPointExtension>
      <gpxtpx:hr>163</gpxtpx:hr>
     </gpxtpx:TrackPointExtension>
    </extensions>
   </trkpt>
   <trkpt lat="27.7013870" lon="85.3165980">
    <ele>1292.6</ele>
    <time>2025-10-25T01:31:07Z</time>
    <extensions>
     <gpxtpx:TrackPointExtension>
      <gpxtpx:hr>163</gpxtpx:hr>
     </gpxtpx:TrackPointExtension>
    </extensions>
   </trkpt>
   <trkpt lat="27.7013570" lon="85.3166000">
    <ele>1292.6</ele>
    <time>2025-10-25T01:31:08Z</time>
    <extensions>
     <gpxtpx:TrackPointExtension>
      <gpxtpx:hr>163</gpxtpx:hr>
     </gpxtpx:TrackPointExtension>
    </extensions>
   </trkpt>
   <trkpt lat="27.7013280" lon="85.3166020">
    <ele>1292.6</ele>
    <time>2025-10-25T01:31:09Z</time>
    <extensions>
     <gpxtpx:TrackPointExtension>
      <gpxtpx:hr>163</gpxtpx:hr>
     </gpxtpx:TrackPointExtension>
    </extensions>
   </trkpt>
   <trkpt lat="27.7012980" lon="85.3166040">
    <ele>1292.6</ele>
    <time>2025-10-25T01:31:10Z</time>
    <extensions>
     <gpxtpx:TrackPointExtension>
      <gpxtpx:hr>163</gpxtpx:hr>
     </gpxtpx:TrackPointExtension>
    </extensions>
   </trkpt>
   <trkpt lat="27.7012690" lon="85.3166060">
    <ele>1292.6</ele>
    <time>2025-10-25T01:31:11Z</time>
    <extensions>
     <gpxtpx:TrackPointExtension>
      <gpxtpx:hr>163</gpxtpx:hr>
     </gpxtpx:TrackPointExtension>
    </extensions>
   </trkpt>
   <trkpt lat="27.7012410" lon="85.3166090">
    <ele>1292.6</ele>
    <time>2025-10-25T01:31:12Z</time>
    <extensions>
     <gpxtpx:TrackPointExtension>
      <gpxtpx:hr>163</gpxtpx:hr>
     </gpxtpx:TrackPointExtension>
    </extensions>
   </trkpt>
   <trkpt lat="27.7012130" lon="85.3166120">
    <ele>1292.6</ele>
    <time>2025-10-25T01:31:13Z</time>
    <extensions>
     <gpxtpx:TrackPointExtension>
      <gpxtpx:hr>163</gpxtpx:hr>
     </gpxtpx:TrackPointExtension>
    </extensions>
   </trkpt>
   <trkpt lat="27.7011850" lon="85.3166150">
    <ele>1292.6</ele>
    <time>2025-10-25T01:31:14Z</time>
    <extensions>
     <gpxtpx:TrackPointExtension>
      <gpxtpx:hr>163</gpxtpx:hr>
     </gpxtpx:TrackPointExtension>
    </extensions>
   </trkpt>
   <trkpt lat="27.7011570" lon="85.3166170">
    <ele>1292.6</ele>
    <time>2025-10-25T01:31:15Z</time>
    <extensions>
     <gpxtpx:TrackPointExtension>
      <gpxtpx:hr>163</gpxtpx:hr>
     </gpxtpx:TrackPointExtension>
    </extensions>
   </trkpt>
   <trkpt lat="27.7011300" lon="85.3166190">
    <ele>1292.6</ele>
    <time>2025-10-25T01:31:16Z</time>
    <extensions>
     <gpxtpx:TrackPointExtension>
      <gpxtpx:hr>163</gpxtpx:hr>
     </gpxtpx:TrackPointExtension>
    </extensions>
   </trkpt>
   <trkpt lat="27.7011020" lon="85.3166200">
    <ele>1292.6</ele>
    <time>2025-10-25T01:31:17Z</time>
    <extensions>
     <gpxtpx:TrackPointExtension>
      <gpxtpx:hr>163</gpxtpx:hr>
     </gpxtpx:TrackPointExtension>
    </extensions>
   </trkpt>
   <trkpt lat="27.7010750" lon="85.3166220">
    <ele>1292.6</ele>
    <time>2025-10-25T01:31:18Z</time>
    <extensions>
     <gpxtpx:TrackPointExtension>
      <gpxtpx:hr>163</gpxtpx:hr>
     </gpxtpx:TrackPointExtension>
    </extensions>
   </trkpt>
   <trkpt lat="27.7010470" lon="85.3166230">
    <ele>1292.6</ele>
    <time>2025-10-25T01:31:19Z</time>
    <extensions>
     <gpxtpx:TrackPointExtension>
      <gpxtpx:hr>163</gpxtpx:hr>
     </gpxtpx:TrackPointExtension>
    </extensions>
   </trkpt>
   <trkpt lat="27.7010190" lon="85.3166240">
    <ele>1292.6</ele>
    <time>2025-10-25T01:31:20Z</time>
    <extensions>
     <gpxtpx:TrackPointExtension>
      <gpxtpx:hr>163</gpxtpx:hr>
     </gpxtpx:TrackPointExtension>
    </extensions>
   </trkpt>
   <trkpt lat="27.7009910" lon="85.3166260">
    <ele>1292.8</ele>
    <time>2025-10-25T01:31:21Z</time>
    <extensions>
     <gpxtpx:TrackPointExtension>
      <gpxtpx:hr>163</gpxtpx:hr>
     </gpxtpx:TrackPointExtension>
    </extensions>
   </trkpt>
   <trkpt lat="27.7009630" lon="85.3166270">
    <ele>1292.8</ele>
    <time>2025-10-25T01:31:22Z</time>
    <extensions>
     <gpxtpx:TrackPointExtension>
      <gpxtpx:hr>163</gpxtpx:hr>
     </gpxtpx:TrackPointExtension>
    </extensions>
   </trkpt>
   <trkpt lat="27.7009350" lon="85.3166290">
    <ele>1292.8</ele>
    <time>2025-10-25T01:31:23Z</time>
    <extensions>
     <gpxtpx:TrackPointExtension>
      <gpxtpx:hr>163</gpxtpx:hr>
     </gpxtpx:TrackPointExtension>
    </extensions>
   </trkpt>
   <trkpt lat="27.7009070" lon="85.3166320">
    <ele>1292.8</ele>
    <time>2025-10-25T01:31:24Z</time>
    <extensions>
     <gpxtpx:TrackPointExtension>
      <gpxtpx:hr>163</gpxtpx:hr>
     </gpxtpx:TrackPointExtension>
    </extensions>
   </trkpt>
   <trkpt lat="27.7008790" lon="85.3166350">
    <ele>1292.8</ele>
    <time>2025-10-25T01:31:25Z</time>
    <extensions>
     <gpxtpx:TrackPointExtension>
      <gpxtpx:hr>163</gpxtpx:hr>
     </gpxtpx:TrackPointExtension>
    </extensions>
   </trkpt>
   <trkpt lat="27.7008500" lon="85.3166370">
    <ele>1292.8</ele>
    <time>2025-10-25T01:31:26Z</time>
    <extensions>
     <gpxtpx:TrackPointExtension>
      <gpxtpx:hr>163</gpxtpx:hr>
     </gpxtpx:TrackPointExtension>
    </extensions>
   </trkpt>
   <trkpt lat="27.7008220" lon="85.3166400">
    <ele>1292.8</ele>
    <time>2025-10-25T01:31:27Z</time>
    <extensions>
     <gpxtpx:TrackPointExtension>
      <gpxtpx:hr>163</gpxtpx:hr>
     </gpxtpx:TrackPointExtension>
    </extensions>
   </trkpt>
   <trkpt lat="27.7007950" lon="85.3166420">
    <ele>1292.8</ele>
    <time>2025-10-25T01:31:28Z</time>
    <extensions>
     <gpxtpx:TrackPointExtension>
      <gpxtpx:hr>163</gpxtpx:hr>
     </gpxtpx:TrackPointExtension>
    </extensions>
   </trkpt>
   <trkpt lat="27.7007670" lon="85.3166430">
    <ele>1292.8</ele>
    <time>2025-10-25T01:31:29Z</time>
    <extensions>
     <gpxtpx:TrackPointExtension>
      <gpxtpx:hr>163</gpxtpx:hr>
     </gpxtpx:TrackPointExtension>
    </extensions>
   </trkpt>
   <trkpt lat="27.7007390" lon="85.3166450">
    <ele>1293.0</ele>
    <time>2025-10-25T01:31:30Z</time>
    <extensions>
     <gpxtpx:TrackPointExtension>
      <gpxtpx:hr>163</gpxtpx:hr>
     </gpxtpx:TrackPointExtension>
    </extensions>
   </trkpt>
   <trkpt lat="27.7007110" lon="85.3166460">
    <ele>1293.0</ele>
    <time>2025-10-25T01:31:31Z</time>
    <extensions>
     <gpxtpx:TrackPointExtension>
      <gpxtpx:hr>163</gpxtpx:hr>
     </gpxtpx:TrackPointExtension>
    </extensions>
   </trkpt>
   <trkpt lat="27.7006840" lon="85.3166470">
    <ele>1293.0</ele>
    <time>2025-10-25T01:31:32Z</time>
    <extensions>
     <gpxtpx:TrackPointExtension>
      <gpxtpx:hr>163</gpxtpx:hr>
     </gpxtpx:TrackPointExtension>
    </extensions>
   </trkpt>
   <trkpt lat="27.7006570" lon="85.3166490">
    <ele>1293.0</ele>
    <time>2025-10-25T01:31:33Z</time>
    <extensions>
     <gpxtpx:TrackPointExtension>
      <gpxtpx:hr>163</gpxtpx:hr>
     </gpxtpx:TrackPointExtension>
    </extensions>
   </trkpt>
   <trkpt lat="27.7006300" lon="85.3166500">
    <ele>1293.0</ele>
    <time>2025-10-25T01:31:34Z</time>
    <extensions>
     <gpxtpx:TrackPointExtension>
      <gpxtpx:hr>163</gpxtpx:hr>
     </gpxtpx:TrackPointExtension>
    </extensions>
   </trkpt>
   <trkpt lat="27.7006030" lon="85.3166520">
    <ele>1293.0</ele>
    <time>2025-10-25T01:31:35Z</time>
    <extensions>
     <gpxtpx:TrackPointExtension>
      <gpxtpx:hr>163</gpxtpx:hr>
     </gpxtpx:TrackPointExtension>
    </extensions>
   </trkpt>
   <trkpt lat="27.7005770" lon="85.3166540">
    <ele>1293.0</ele>
    <time>2025-10-25T01:31:36Z</time>
    <extensions>
     <gpxtpx:TrackPointExtension>
      <gpxtpx:hr>163</gpxtpx:hr>
     </gpxtpx:TrackPointExtension>
    </extensions>
   </trkpt>
   <trkpt lat="27.7005500" lon="85.3166560">
    <ele>1293.0</ele>
    <time>2025-10-25T01:31:37Z</time>
    <extensions>
     <gpxtpx:TrackPointExtension>
      <gpxtpx:hr>163</gpxtpx:hr>
     </gpxtpx:TrackPointExtension>
    </extensions>
   </trkpt>
   <trkpt lat="27.7005220" lon="85.3166570">
    <ele>1293.0</ele>
    <time>2025-10-25T01:31:38Z</time>
    <extensions>
     <gpxtpx:TrackPointExtension>
      <gpxtpx:hr>163</gpxtpx:hr>
     </gpxtpx:TrackPointExtension>
    </extensions>
   </trkpt>
   <trkpt lat="27.7004950" lon="85.3166580">
    <ele>1293.0</ele>
    <time>2025-10-25T01:31:39Z</time>
    <extensions>
     <gpxtpx:TrackPointExtension>
      <gpxtpx:hr>163</gpxtpx:hr>
     </gpxtpx:TrackPointExtension>
    </extensions>
   </trkpt>
   <trkpt lat="27.7004680" lon="85.3166580">
    <ele>1293.0</ele>
    <time>2025-10-25T01:31:40Z</time>
    <extensions>
     <gpxtpx:TrackPointExtension>
      <gpxtpx:hr>163</gpxtpx:hr>
     </gpxtpx:TrackPointExtension>
    </extensions>
   </trkpt>
   <trkpt lat="27.7004400" lon="85.3166580">
    <ele>1293.0</ele>
    <time>2025-10-25T01:31:41Z</time>
    <extensions>
     <gpxtpx:TrackPointExtension>
      <gpxtpx:hr>163</gpxtpx:hr>
     </gpxtpx:TrackPointExtension>
    </extensions>
   </trkpt>
   <trkpt lat="27.7004130" lon="85.3166580">
    <ele>1293.0</ele>
    <time>2025-10-25T01:31:42Z</time>
    <extensions>
     <gpxtpx:TrackPointExtension>
      <gpxtpx:hr>163</gpxtpx:hr>
     </gpxtpx:TrackPointExtension>
    </extensions>
   </trkpt>
   <trkpt lat="27.7003860" lon="85.3166570">
    <ele>1293.0</ele>
    <time>2025-10-25T01:31:43Z</time>
    <extensions>
     <gpxtpx:TrackPointExtension>
      <gpxtpx:hr>163</gpxtpx:hr>
     </gpxtpx:TrackPointExtension>
    </extensions>
   </trkpt>
   <trkpt lat="27.7003590" lon="85.3166550">
    <ele>1293.0</ele>
    <time>2025-10-25T01:31:44Z</time>
    <extensions>
     <gpxtpx:TrackPointExtension>
      <gpxtpx:hr>163</gpxtpx:hr>
     </gpxtpx:TrackPointExtension>
    </extensions>
   </trkpt>
   <trkpt lat="27.7003320" lon="85.3166520">
    <ele>1293.0</ele>
    <time>2025-10-25T01:31:45Z</time>
    <extensions>
     <gpxtpx:TrackPointExtension>
      <gpxtpx:hr>163</gpxtpx:hr>
     </gpxtpx:TrackPointExtension>
    </extensions>
   </trkpt>
   <trkpt lat="27.7003050" lon="85.3166480">
    <ele>1293.0</ele>
    <time>2025-10-25T01:31:46Z</time>
    <extensions>
     <gpxtpx:TrackPointExtension>
      <gpxtpx:hr>163</gpxtpx:hr>
     </gpxtpx:TrackPointExtension>
    </extensions>
   </trkpt>
   <trkpt lat="27.7002780" lon="85.3166430">
    <ele>1293.2</ele>
    <time>2025-10-25T01:31:47Z</time>
    <extensions>
     <gpxtpx:TrackPointExtension>
      <gpxtpx:hr>163</gpxtpx:hr>
     </gpxtpx:TrackPointExtension>
    </extensions>
   </trkpt>
   <trkpt lat="27.7002510" lon="85.3166350">
    <ele>1293.2</ele>
    <time>2025-10-25T01:31:48Z</time>
    <extensions>
     <gpxtpx:TrackPointExtension>
      <gpxtpx:hr>163</gpxtpx:hr>
     </gpxtpx:TrackPointExtension>
    </extensions>
   </trkpt>
   <trkpt lat="27.7002250" lon="85.3166260">
    <ele>1293.2</ele>
    <time>2025-10-25T01:31:49Z</time>
    <extensions>
     <gpxtpx:TrackPointExtension>
      <gpxtpx:hr>163</gpxtpx:hr>
     </gpxtpx:TrackPointExtension>
    </extensions>
   </trkpt>
   <trkpt lat="27.7001980" lon="85.3166150">
    <ele>1293.2</ele>
    <time>2025-10-25T01:31:50Z</time>
    <extensions>
     <gpxtpx:TrackPointExtension>
      <gpxtpx:hr>163</gpxtpx:hr>
     </gpxtpx:TrackPointExtension>
    </extensions>
   </trkpt>
   <trkpt lat="27.7001720" lon="85.3166040">
    <ele>1293.2</ele>
    <time>2025-10-25T01:31:51Z</time>
    <extensions>
     <gpxtpx:TrackPointExtension>
      <gpxtpx:hr>163</gpxtpx:hr>
     </gpxtpx:TrackPointExtension>
    </extensions>
   </trkpt>
   <trkpt lat="27.7001460" lon="85.3165920">
    <ele>1293.2</ele>
    <time>2025-10-25T01:31:52Z</time>
    <extensions>
     <gpxtpx:TrackPointExtension>
      <gpxtpx:hr>163</gpxtpx:hr>
     </gpxtpx:TrackPointExtension>
    </extensions>
   </trkpt>
   <trkpt lat="27.7001190" lon="85.3165830">
    <ele>1293.2</ele>
    <time>2025-10-25T01:31:53Z</time>
    <extensions>
     <gpxtpx:TrackPointExtension>
      <gpxtpx:hr>163</gpxtpx:hr>
     </gpxtpx:TrackPointExtension>
    </extensions>
   </trkpt>
   <trkpt lat="27.7000920" lon="85.3165770">
    <ele>1293.2</ele>
    <time>2025-10-25T01:31:54Z</time>
    <extensions>
     <gpxtpx:TrackPointExtension>
      <gpxtpx:hr>163</gpxtpx:hr>
     </gpxtpx:TrackPointExtension>
    </extensions>
   </trkpt>
   <trkpt lat="27.7000650" lon="85.3165730">
    <ele>1293.2</ele>
    <time>2025-10-25T01:31:55Z</time>
    <extensions>
     <gpxtpx:TrackPointExtension>
      <gpxtpx:hr>163</gpxtpx:hr>
     </gpxtpx:TrackPointExtension>
    </extensions>
   </trkpt>
   <trkpt lat="27.7000380" lon="85.3165720">
    <ele>1293.2</ele>
    <time>2025-10-25T01:31:56Z</time>
    <extensions>
     <gpxtpx:TrackPointExtension>
      <gpxtpx:hr>163</gpxtpx:hr>
     </gpxtpx:TrackPointExtension>
    </extensions>
   </trkpt>
   <trkpt lat="27.7000120" lon="85.3165730">
    <ele>1293.0</ele>
    <time>2025-10-25T01:31:57Z</time>
    <extensions>
     <gpxtpx:TrackPointExtension>
      <gpxtpx:hr>163</gpxtpx:hr>
     </gpxtpx:TrackPointExtension>
    </extensions>
   </trkpt>
   <trkpt lat="27.6999850" lon="85.3165730">
    <ele>1293.0</ele>
    <time>2025-10-25T01:31:58Z</time>
    <extensions>
     <gpxtpx:TrackPointExtension>
      <gpxtpx:hr>163</gpxtpx:hr>
     </gpxtpx:TrackPointExtension>
    </extensions>
   </trkpt>
   <trkpt lat="27.6999570" lon="85.3165730">
    <ele>1293.0</ele>
    <time>2025-10-25T01:31:59Z</time>
    <extensions>
     <gpxtpx:TrackPointExtension>
      <gpxtpx:hr>163</gpxtpx:hr>
     </gpxtpx:TrackPointExtension>
    </extensions>
   </trkpt>
   <trkpt lat="27.6999290" lon="85.3165710">
    <ele>1293.0</ele>
    <time>2025-10-25T01:32:00Z</time>
    <extensions>
     <gpxtpx:TrackPointExtension>
      <gpxtpx:hr>163</gpxtpx:hr>
     </gpxtpx:TrackPointExtension>
    </extensions>
   </trkpt>
   <trkpt lat="27.6999020" lon="85.3165680">
    <ele>1293.0</ele>
    <time>2025-10-25T01:32:01Z</time>
    <extensions>
     <gpxtpx:TrackPointExtension>
      <gpxtpx:hr>163</gpxtpx:hr>
     </gpxtpx:TrackPointExtension>
    </extensions>
   </trkpt>
   <trkpt lat="27.6998750" lon="85.3165610">
    <ele>1293.0</ele>
    <time>2025-10-25T01:32:02Z</time>
    <extensions>
     <gpxtpx:TrackPointExtension>
      <gpxtpx:hr>163</gpxtpx:hr>
     </gpxtpx:TrackPointExtension>
    </extensions>
   </trkpt>
   <trkpt lat="27.6998490" lon="85.3165520">
    <ele>1293.0</ele>
    <time>2025-10-25T01:32:03Z</time>
    <extensions>
     <gpxtpx:TrackPointExtension>
      <gpxtpx:hr>163</gpxtpx:hr>
     </gpxtpx:TrackPointExtension>
    </extensions>
   </trkpt>
   <trkpt lat="27.6998250" lon="85.3165410">
    <ele>1293.0</ele>
    <time>2025-10-25T01:32:04Z</time>
    <extensions>
     <gpxtpx:TrackPointExtension>
      <gpxtpx:hr>163</gpxtpx:hr>
     </gpxtpx:TrackPointExtension>
    </extensions>
   </trkpt>
   <trkpt lat="27.6998010" lon="85.3165270">
    <ele>1293.0</ele>
    <time>2025-10-25T01:32:05Z</time>
    <extensions>
     <gpxtpx:TrackPointExtension>
      <gpxtpx:hr>163</gpxtpx:hr>
     </gpxtpx:TrackPointExtension>
    </extensions>
   </trkpt>
   <trkpt lat="27.6997780" lon="85.3165120">
    <ele>1293.0</ele>
    <time>2025-10-25T01:32:06Z</time>
    <extensions>
     <gpxtpx:TrackPointExtension>
      <gpxtpx:hr>163</gpxtpx:hr>
     </gpxtpx:TrackPointExtension>
    </extensions>
   </trkpt>
   <trkpt lat="27.6997550" lon="85.3164950">
    <ele>1293.0</ele>
    <time>2025-10-25T01:32:07Z</time>
    <extensions>
     <gpxtpx:TrackPointExtension>
      <gpxtpx:hr>163</gpxtpx:hr>
     </gpxtpx:TrackPointExtension>
    </extensions>
   </trkpt>
   <trkpt lat="27.6997320" lon="85.3164770">
    <ele>1293.0</ele>
    <time>2025-10-25T01:32:08Z</time>
    <extensions>
     <gpxtpx:TrackPointExtension>
      <gpxtpx:hr>163</gpxtpx:hr>
     </gpxtpx:TrackPointExtension>
    </extensions>
   </trkpt>
   <trkpt lat="27.6997100" lon="85.3164600">
    <ele>1293.0</ele>
    <time>2025-10-25T01:32:09Z</time>
    <extensions>
     <gpxtpx:TrackPointExtension>
      <gpxtpx:hr>163</gpxtpx:hr>
     </gpxtpx:TrackPointExtension>
    </extensions>
   </trkpt>
   <trkpt lat="27.6996890" lon="85.3164430">
    <ele>1293.2</ele>
    <time>2025-10-25T01:32:10Z</time>
    <extensions>
     <gpxtpx:TrackPointExtension>
      <gpxtpx:hr>163</gpxtpx:hr>
     </gpxtpx:TrackPointExtension>
    </extensions>
   </trkpt>
   <trkpt lat="27.6996670" lon="85.3164260">
    <ele>1293.2</ele>
    <time>2025-10-25T01:32:11Z</time>
    <extensions>
     <gpxtpx:TrackPointExtension>
      <gpxtpx:hr>163</gpxtpx:hr>
     </gpxtpx:TrackPointExtension>
    </extensions>
   </trkpt>
   <trkpt lat="27.6996440" lon="85.3164090">
    <ele>1293.2</ele>
    <time>2025-10-25T01:32:12Z</time>
    <extensions>
     <gpxtpx:TrackPointExtension>
      <gpxtpx:hr>163</gpxtpx:hr>
     </gpxtpx:TrackPointExtension>
    </extensions>
   </trkpt>
   <trkpt lat="27.6996210" lon="85.3163920">
    <ele>1293.2</ele>
    <time>2025-10-25T01:32:13Z</time>
    <extensions>
     <gpxtpx:TrackPointExtension>
      <gpxtpx:hr>163</gpxtpx:hr>
     </gpxtpx:TrackPointExtension>
    </extensions>
   </trkpt>
   <trkpt lat="27.6995970" lon="85.3163740">
    <ele>1293.2</ele>
    <time>2025-10-25T01:32:14Z</time>
    <extensions>
     <gpxtpx:TrackPointExtension>
      <gpxtpx:hr>163</gpxtpx:hr>
     </gpxtpx:TrackPointExtension>
    </extensions>
   </trkpt>
   <trkpt lat="27.6995730" lon="85.3163560">
    <ele>1293.4</ele>
    <time>2025-10-25T01:32:15Z</time>
    <extensions>
     <gpxtpx:TrackPointExtension>
      <gpxtpx:hr>163</gpxtpx:hr>
     </gpxtpx:TrackPointExtension>
    </extensions>
   </trkpt>
   <trkpt lat="27.6995500" lon="85.3163380">
    <ele>1293.4</ele>
    <time>2025-10-25T01:32:16Z</time>
    <extensions>
     <gpxtpx:TrackPointExtension>
      <gpxtpx:hr>163</gpxtpx:hr>
     </gpxtpx:TrackPointExtension>
    </extensions>
   </trkpt>
   <trkpt lat="27.6995290" lon="85.3163190">
    <ele>1293.4</ele>
    <time>2025-10-25T01:32:17Z</time>
    <extensions>
     <gpxtpx:TrackPointExtension>
      <gpxtpx:hr>163</gpxtpx:hr>
     </gpxtpx:TrackPointExtension>
    </extensions>
   </trkpt>
   <trkpt lat="27.6995090" lon="85.3162980">
    <ele>1293.2</ele>
    <time>2025-10-25T01:32:18Z</time>
    <extensions>
     <gpxtpx:TrackPointExtension>
      <gpxtpx:hr>163</gpxtpx:hr>
     </gpxtpx:TrackPointExtension>
    </extensions>
   </trkpt>
   <trkpt lat="27.6994910" lon="85.3162760">
    <ele>1293.2</ele>
    <time>2025-10-25T01:32:19Z</time>
    <extensions>
     <gpxtpx:TrackPointExtension>
      <gpxtpx:hr>163</gpxtpx:hr>
     </gpxtpx:TrackPointExtension>
    </extensions>
   </trkpt>
   <trkpt lat="27.6994750" lon="85.3162520">
    <ele>1293.2</ele>
    <time>2025-10-25T01:32:20Z</time>
    <extensions>
     <gpxtpx:TrackPointExtension>
      <gpxtpx:hr>163</gpxtpx:hr>
     </gpxtpx:TrackPointExtension>
    </extensions>
   </trkpt>
   <trkpt lat="27.6994610" lon="85.3162250">
    <ele>1293.2</ele>
    <time>2025-10-25T01:32:21Z</time>
    <extensions>
     <gpxtpx:TrackPointExtension>
      <gpxtpx:hr>163</gpxtpx:hr>
     </gpxtpx:TrackPointExtension>
    </extensions>
   </trkpt>
   <trkpt lat="27.6994490" lon="85.3161970">
    <ele>1293.2</ele>
    <time>2025-10-25T01:32:22Z</time>
    <extensions>
     <gpxtpx:TrackPointExtension>
      <gpxtpx:hr>163</gpxtpx:hr>
     </gpxtpx:TrackPointExtension>
    </extensions>
   </trkpt>
   <trkpt lat="27.6994390" lon="85.3161680">
    <ele>1293.2</ele>
    <time>2025-10-25T01:32:23Z</time>
    <extensions>
     <gpxtpx:TrackPointExtension>
      <gpxtpx:hr>163</gpxtpx:hr>
     </gpxtpx:TrackPointExtension>
    </extensions>
   </trkpt>
   <trkpt lat="27.6994300" lon="85.3161390">
    <ele>1293.2</ele>
    <time>2025-10-25T01:32:24Z</time>
    <extensions>
     <gpxtpx:TrackPointExtension>
      <gpxtpx:hr>163</gpxtpx:hr>
     </gpxtpx:TrackPointExtension>
    </extensions>
   </trkpt>
   <trkpt lat="27.6994220" lon="85.3161110">
    <ele>1293.0</ele>
    <time>2025-10-25T01:32:25Z</time>
    <extensions>
     <gpxtpx:TrackPointExtension>
      <gpxtpx:hr>163</gpxtpx:hr>
     </gpxtpx:TrackPointExtension>
    </extensions>
   </trkpt>
   <trkpt lat="27.6994140" lon="85.3160830">
    <ele>1293.0</ele>
    <time>2025-10-25T01:32:26Z</time>
    <extensions>
     <gpxtpx:TrackPointExtension>
      <gpxtpx:hr>163</gpxtpx:hr>
     </gpxtpx:TrackPointExtension>
    </extensions>
   </trkpt>
   <trkpt lat="27.6994070" lon="85.3160540">
    <ele>1293.0</ele>
    <time>2025-10-25T01:32:27Z</time>
    <extensions>
     <gpxtpx:TrackPointExtension>
      <gpxtpx:hr>163</gpxtpx:hr>
     </gpxtpx:TrackPointExtension>
    </extensions>
   </trkpt>
   <trkpt lat="27.6993990" lon="85.3160250">
    <ele>1293.0</ele>
    <time>2025-10-25T01:32:28Z</time>
    <extensions>
     <gpxtpx:TrackPointExtension>
      <gpxtpx:hr>163</gpxtpx:hr>
     </gpxtpx:TrackPointExtension>
    </extensions>
   </trkpt>
   <trkpt lat="27.6993930" lon="85.3159960">
    <ele>1293.0</ele>
    <time>2025-10-25T01:32:29Z</time>
    <extensions>
     <gpxtpx:TrackPointExtension>
      <gpxtpx:hr>163</gpxtpx:hr>
     </gpxtpx:TrackPointExtension>
    </extensions>
   </trkpt>
   <trkpt lat="27.6993870" lon="85.3159670">
    <ele>1293.2</ele>
    <time>2025-10-25T01:32:30Z</time>
    <extensions>
     <gpxtpx:TrackPointExtension>
      <gpxtpx:hr>165</gpxtpx:hr>
     </gpxtpx:TrackPointExtension>
    </extensions>
   </trkpt>
   <trkpt lat="27.6993830" lon="85.3159360">
    <ele>1293.2</ele>
    <time>2025-10-25T01:32:31Z</time>
    <extensions>
     <gpxtpx:TrackPointExtension>
      <gpxtpx:hr>165</gpxtpx:hr>
     </gpxtpx:TrackPointExtension>
    </extensions>
   </trkpt>
   <trkpt lat="27.6993790" lon="85.3159050">
    <ele>1293.2</ele>
    <time>2025-10-25T01:32:32Z</time>
    <extensions>
     <gpxtpx:TrackPointExtension>
      <gpxtpx:hr>165</gpxtpx:hr>
     </gpxtpx:TrackPointExtension>
    </extensions>
   </trkpt>
   <trkpt lat="27.6993760" lon="85.3158730">
    <ele>1293.2</ele>
    <time>2025-10-25T01:32:33Z</time>
    <extensions>
     <gpxtpx:TrackPointExtension>
      <gpxtpx:hr>165</gpxtpx:hr>
     </gpxtpx:TrackPointExtension>
    </extensions>
   </trkpt>
   <trkpt lat="27.6993750" lon="85.3158430">
    <ele>1293.2</ele>
    <time>2025-10-25T01:32:34Z</time>
    <extensions>
     <gpxtpx:TrackPointExtension>
      <gpxtpx:hr>165</gpxtpx:hr>
     </gpxtpx:TrackPointExtension>
    </extensions>
   </trkpt>
   <trkpt lat="27.6993740" lon="85.3158120">
    <ele>1293.2</ele>
    <time>2025-10-25T01:32:35Z</time>
    <extensions>
     <gpxtpx:TrackPointExtension>
      <gpxtpx:hr>165</gpxtpx:hr>
     </gpxtpx:TrackPointExtension>
    </extensions>
   </trkpt>
   <trkpt lat="27.6993740" lon="85.3157820">
    <ele>1293.2</ele>
    <time>2025-10-25T01:32:36Z</time>
    <extensions>
     <gpxtpx:TrackPointExtension>
      <gpxtpx:hr>165</gpxtpx:hr>
     </gpxtpx:TrackPointExtension>
    </extensions>
   </trkpt>
   <trkpt lat="27.6993750" lon="85.3157520">
    <ele>1293.2</ele>
    <time>2025-10-25T01:32:37Z</time>
    <extensions>
     <gpxtpx:TrackPointExtension>
      <gpxtpx:hr>165</gpxtpx:hr>
     </gpxtpx:TrackPointExtension>
    </extensions>
   </trkpt>
   <trkpt lat="27.6993750" lon="85.3157230">
    <ele>1293.2</ele>
    <time>2025-10-25T01:32:38Z</time>
    <extensions>
     <gpxtpx:TrackPointExtension>
      <gpxtpx:hr>165</gpxtpx:hr>
     </gpxtpx:TrackPointExtension>
    </extensions>
   </trkpt>
   <trkpt lat="27.6993760" lon="85.3156940">
    <ele>1293.2</ele>
    <time>2025-10-25T01:32:39Z</time>
    <extensions>
     <gpxtpx:TrackPointExtension>
      <gpxtpx:hr>165</gpxtpx:hr>
     </gpxtpx:TrackPointExtension>
    </extensions>
   </trkpt>
   <trkpt lat="27.6993790" lon="85.3156660">
    <ele>1293.2</ele>
    <time>2025-10-25T01:32:40Z</time>
    <extensions>
     <gpxtpx:TrackPointExtension>
      <gpxtpx:hr>165</gpxtpx:hr>
     </gpxtpx:TrackPointExtension>
    </extensions>
   </trkpt>
   <trkpt lat="27.6993820" lon="85.3156390">
    <ele>1293.2</ele>
    <time>2025-10-25T01:32:41Z</time>
    <extensions>
     <gpxtpx:TrackPointExtension>
      <gpxtpx:hr>165</gpxtpx:hr>
     </gpxtpx:TrackPointExtension>
    </extensions>
   </trkpt>
   <trkpt lat="27.6993850" lon="85.3156120">
    <ele>1293.2</ele>
    <time>2025-10-25T01:32:42Z</time>
    <extensions>
     <gpxtpx:TrackPointExtension>
      <gpxtpx:hr>165</gpxtpx:hr>
     </gpxtpx:TrackPointExtension>
    </extensions>
   </trkpt>
   <trkpt lat="27.6993890" lon="85.3155870">
    <ele>1293.2</ele>
    <time>2025-10-25T01:32:43Z</time>
    <extensions>
     <gpxtpx:TrackPointExtension>
      <gpxtpx:hr>165</gpxtpx:hr>
     </gpxtpx:TrackPointExtension>
    </extensions>
   </trkpt>
   <trkpt lat="27.6993940" lon="85.3155620">
    <ele>1293.2</ele>
    <time>2025-10-25T01:32:44Z</time>
    <extensions>
     <gpxtpx:TrackPointExtension>
      <gpxtpx:hr>165</gpxtpx:hr>
     </gpxtpx:TrackPointExtension>
    </extensions>
   </trkpt>
   <trkpt lat="27.6993980" lon="85.3155370">
    <ele>1293.2</ele>
    <time>2025-10-25T01:32:45Z</time>
    <extensions>
     <gpxtpx:TrackPointExtension>
      <gpxtpx:hr>165</gpxtpx:hr>
     </gpxtpx:TrackPointExtension>
    </extensions>
   </trkpt>
   <trkpt lat="27.6994020" lon="85.3155120">
    <ele>1293.2</ele>
    <time>2025-10-25T01:32:46Z</time>
    <extensions>
     <gpxtpx:TrackPointExtension>
      <gpxtpx:hr>165</gpxtpx:hr>
     </gpxtpx:TrackPointExtension>
    </extensions>
   </trkpt>
   <trkpt lat="27.6994060" lon="85.3154860">
    <ele>1293.2</ele>
    <time>2025-10-25T01:32:47Z</time>
    <extensions>
     <gpxtpx:TrackPointExtension>
      <gpxtpx:hr>165</gpxtpx:hr>
     </gpxtpx:TrackPointExtension>
    </extensions>
   </trkpt>
   <trkpt lat="27.6994100" lon="85.3154590">
    <ele>1293.4</ele>
    <time>2025-10-25T01:32:48Z</time>
    <extensions>
     <gpxtpx:TrackPointExtension>
      <gpxtpx:hr>165</gpxtpx:hr>
     </gpxtpx:TrackPointExtension>
    </extensions>
   </trkpt>
   <trkpt lat="27.6994140" lon="85.3154310">
    <ele>1293.4</ele>
    <time>2025-10-25T01:32:49Z</time>
    <extensions>
     <gpxtpx:TrackPointExtension>
      <gpxtpx:hr>165</gpxtpx:hr>
     </gpxtpx:TrackPointExtension>
    </extensions>
   </trkpt>
   <trkpt lat="27.6994170" lon="85.3154030">
    <ele>1293.6</ele>
    <time>2025-10-25T01:32:50Z</time>
    <extensions>
     <gpxtpx:TrackPointExtension>
      <gpxtpx:hr>166</gpxtpx:hr>
     </gpxtpx:TrackPointExtension>
    </extensions>
   </trkpt>
   <trkpt lat="27.6994210" lon="85.3153740">
    <ele>1293.6</ele>
    <time>2025-10-25T01:32:51Z</time>
    <extensions>
     <gpxtpx:TrackPointExtension>
      <gpxtpx:hr>166</gpxtpx:hr>
     </gpxtpx:TrackPointExtension>
    </extensions>
   </trkpt>
   <trkpt lat="27.6994230" lon="85.3153450">
    <ele>1293.6</ele>
    <time>2025-10-25T01:32:52Z</time>
    <extensions>
     <gpxtpx:TrackPointExtension>
      <gpxtpx:hr>166</gpxtpx:hr>
     </gpxtpx:TrackPointExtension>
    </extensions>
   </trkpt>
   <trkpt lat="27.6994240" lon="85.3153170">
    <ele>1293.8</ele>
    <time>2025-10-25T01:32:53Z</time>
    <extensions>
     <gpxtpx:TrackPointExtension>
      <gpxtpx:hr>166</gpxtpx:hr>
     </gpxtpx:TrackPointExtension>
    </extensions>
   </trkpt>
   <trkpt lat="27.6994240" lon="85.3152890">
    <ele>1293.8</ele>
    <time>2025-10-25T01:32:54Z</time>
    <extensions>
     <gpxtpx:TrackPointExtension>
      <gpxtpx:hr>166</gpxtpx:hr>
     </gpxtpx:TrackPointExtension>
    </extensions>
   </trkpt>
   <trkpt lat="27.6994220" lon="85.3152610">
    <ele>1293.8</ele>
    <time>2025-10-25T01:32:55Z</time>
    <extensions>
     <gpxtpx:TrackPointExtension>
      <gpxtpx:hr>166</gpxtpx:hr>
     </gpxtpx:TrackPointExtension>
    </extensions>
   </trkpt>
   <trkpt lat="27.6994200" lon="85.3152330">
    <ele>1293.8</ele>
    <time>2025-10-25T01:32:57Z</time>
    <extensions>
     <gpxtpx:TrackPointExtension>
      <gpxtpx:hr>166</gpxtpx:hr>
     </gpxtpx:TrackPointExtension>
    </extensions>
   </trkpt>
   <trkpt lat="27.6994160" lon="85.3152040">
    <ele>1293.8</ele>
    <time>2025-10-25T01:32:58Z</time>
    <extensions>
     <gpxtpx:TrackPointExtension>
      <gpxtpx:hr>166</gpxtpx:hr>
     </gpxtpx:TrackPointExtension>
    </extensions>
   </trkpt>
   <trkpt lat="27.6994120" lon="85.3151760">
    <ele>1293.8</ele>
    <time>2025-10-25T01:32:59Z</time>
    <extensions>
     <gpxtpx:TrackPointExtension>
      <gpxtpx:hr>166</gpxtpx:hr>
     </gpxtpx:TrackPointExtension>
    </extensions>
   </trkpt>
   <trkpt lat="27.6994070" lon="85.3151480">
    <ele>1293.8</ele>
    <time>2025-10-25T01:33:00Z</time>
    <extensions>
     <gpxtpx:TrackPointExtension>
      <gpxtpx:hr>166</gpxtpx:hr>
     </gpxtpx:TrackPointExtension>
    </extensions>
   </trkpt>
   <trkpt lat="27.6994020" lon="85.3151190">
    <ele>1293.8</ele>
    <time>2025-10-25T01:33:01Z</time>
    <extensions>
     <gpxtpx:TrackPointExtension>
      <gpxtpx:hr>166</gpxtpx:hr>
     </gpxtpx:TrackPointExtension>
    </extensions>
   </trkpt>
   <trkpt lat="27.6993970" lon="85.3150910">
    <ele>1293.8</ele>
    <time>2025-10-25T01:33:02Z</time>
    <extensions>
     <gpxtpx:TrackPointExtension>
      <gpxtpx:hr>166</gpxtpx:hr>
     </gpxtpx:TrackPointExtension>
    </extensions>
   </trkpt>
   <trkpt lat="27.6993920" lon="85.3150630">
    <ele>1293.8</ele>
    <time>2025-10-25T01:33:03Z</time>
    <extensions>
     <gpxtpx:TrackPointExtension>
      <gpxtpx:hr>166</gpxtpx:hr>
     </gpxtpx:TrackPointExtension>
    </extensions>
   </trkpt>
   <trkpt lat="27.6993890" lon="85.3150340">
    <ele>1293.8</ele>
    <time>2025-10-25T01:33:04Z</time>
    <extensions>
     <gpxtpx:TrackPointExtension>
      <gpxtpx:hr>166</gpxtpx:hr>
     </gpxtpx:TrackPointExtension>
    </extensions>
   </trkpt>
   <trkpt lat="27.6993880" lon="85.3150050">
    <ele>1293.8</ele>
    <time>2025-10-25T01:33:05Z</time>
    <extensions>
     <gpxtpx:TrackPointExtension>
      <gpxtpx:hr>166</gpxtpx:hr>
     </gpxtpx:TrackPointExtension>
    </extensions>
   </trkpt>
   <trkpt lat="27.6993870" lon="85.3149750">
    <ele>1293.8</ele>
    <time>2025-10-25T01:33:06Z</time>
    <extensions>
     <gpxtpx:TrackPointExtension>
      <gpxtpx:hr>166</gpxtpx:hr>
     </gpxtpx:TrackPointExtension>
    </extensions>
   </trkpt>
   <trkpt lat="27.6993890" lon="85.3149440">
    <ele>1293.8</ele>
    <time>2025-10-25T01:33:07Z</time>
    <extensions>
     <gpxtpx:TrackPointExtension>
      <gpxtpx:hr>166</gpxtpx:hr>
     </gpxtpx:TrackPointExtension>
    </extensions>
   </trkpt>
   <trkpt lat="27.6993930" lon="85.3149150">
    <ele>1293.8</ele>
    <time>2025-10-25T01:33:08Z</time>
    <extensions>
     <gpxtpx:TrackPointExtension>
      <gpxtpx:hr>166</gpxtpx:hr>
     </gpxtpx:TrackPointExtension>
    </extensions>
   </trkpt>
   <trkpt lat="27.6993980" lon="85.3148850">
    <ele>1293.8</ele>
    <time>2025-10-25T01:33:09Z</time>
    <extensions>
     <gpxtpx:TrackPointExtension>
      <gpxtpx:hr>166</gpxtpx:hr>
     </gpxtpx:TrackPointExtension>
    </extensions>
   </trkpt>
   <trkpt lat="27.6994060" lon="85.3148570">
    <ele>1293.8</ele>
    <time>2025-10-25T01:33:10Z</time>
    <extensions>
     <gpxtpx:TrackPointExtension>
      <gpxtpx:hr>166</gpxtpx:hr>
     </gpxtpx:TrackPointExtension>
    </extensions>
   </trkpt>
   <trkpt lat="27.6994160" lon="85.3148300">
    <ele>1293.8</ele>
    <time>2025-10-25T01:33:11Z</time>
    <extensions>
     <gpxtpx:TrackPointExtension>
      <gpxtpx:hr>166</gpxtpx:hr>
     </gpxtpx:TrackPointExtension>
    </extensions>
   </trkpt>
   <trkpt lat="27.6994290" lon="85.3148050">
    <ele>1293.8</ele>
    <time>2025-10-25T01:33:12Z</time>
    <extensions>
     <gpxtpx:TrackPointExtension>
      <gpxtpx:hr>166</gpxtpx:hr>
     </gpxtpx:TrackPointExtension>
    </extensions>
   </trkpt>
   <trkpt lat="27.6994440" lon="85.3147800">
    <ele>1294.0</ele>
    <time>2025-10-25T01:33:13Z</time>
    <extensions>
     <gpxtpx:TrackPointExtension>
      <gpxtpx:hr>166</gpxtpx:hr>
     </gpxtpx:TrackPointExtension>
    </extensions>
   </trkpt>
   <trkpt lat="27.6994590" lon="85.3147570">
    <ele>1294.0</ele>
    <time>2025-10-25T01:33:14Z</time>
    <extensions>
     <gpxtpx:TrackPointExtension>
      <gpxtpx:hr>166</gpxtpx:hr>
     </gpxtpx:TrackPointExtension>
    </extensions>
   </trkpt>
   <trkpt lat="27.6994760" lon="85.3147350">
    <ele>1294.0</ele>
    <time>2025-10-25T01:33:15Z</time>
    <extensions>
     <gpxtpx:TrackPointExtension>
      <gpxtpx:hr>166</gpxtpx:hr>
     </gpxtpx:TrackPointExtension>
    </extensions>
   </trkpt>
   <trkpt lat="27.6994920" lon="85.3147140">
    <ele>1294.0</ele>
    <time>2025-10-25T01:33:16Z</time>
    <extensions>
     <gpxtpx:TrackPointExtension>
      <gpxtpx:hr>166</gpxtpx:hr>
     </gpxtpx:TrackPointExtension>
    </extensions>
   </trkpt>
   <trkpt lat="27.6995070" lon="85.3146930">
    <ele>1294.0</ele>
    <time>2025-10-25T01:33:17Z</time>
    <extensions>
     <gpxtpx:TrackPointExtension>
      <gpxtpx:hr>166</gpxtpx:hr>
     </gpxtpx:TrackPointExtension>
    </extensions>
   </trkpt>
   <trkpt lat="27.6995210" lon="85.3146710">
    <ele>1294.0</ele>
    <time>2025-10-25T01:33:18Z</time>
    <extensions>
     <gpxtpx:TrackPointExtension>
      <gpxtpx:hr>166</gpxtpx:hr>
     </gpxtpx:TrackPointExtension>
    </extensions>
   </trkpt>
   <trkpt lat="27.6995350" lon="85.3146500">
    <ele>1294.0</ele>
    <time>2025-10-25T01:33:19Z</time>
    <extensions>
     <gpxtpx:TrackPointExtension>
      <gpxtpx:hr>166</gpxtpx:hr>
     </gpxtpx:TrackPointExtension>
    </extensions>
   </trkpt>
   <trkpt lat="27.6995470" lon="85.3146260">
    <ele>1294.0</ele>
    <time>2025-10-25T01:33:20Z</time>
    <extensions>
     <gpxtpx:TrackPointExtension>
      <gpxtpx:hr>166</gpxtpx:hr>
     </gpxtpx:TrackPointExtension>
    </extensions>
   </trkpt>
   <trkpt lat="27.6995580" lon="85.3146020">
    <ele>1294.0</ele>
    <time>2025-10-25T01:33:21Z</time>
    <extensions>
     <gpxtpx:TrackPointExtension>
      <gpxtpx:hr>166</gpxtpx:hr>
     </gpxtpx:TrackPointExtension>
    </extensions>
   </trkpt>
   <trkpt lat="27.6995690" lon="85.3145760">
    <ele>1294.0</ele>
    <time>2025-10-25T01:33:22Z</time>
    <extensions>
     <gpxtpx:TrackPointExtension>
      <gpxtpx:hr>166</gpxtpx:hr>
     </gpxtpx:TrackPointExtension>
    </extensions>
   </trkpt>
   <trkpt lat="27.6995790" lon="85.3145490">
    <ele>1294.0</ele>
    <time>2025-10-25T01:33:23Z</time>
    <extensions>
     <gpxtpx:TrackPointExtension>
      <gpxtpx:hr>166</gpxtpx:hr>
     </gpxtpx:TrackPointExtension>
    </extensions>
   </trkpt>
   <trkpt lat="27.6995880" lon="85.3145210">
    <ele>1294.0</ele>
    <time>2025-10-25T01:33:24Z</time>
    <extensions>
     <gpxtpx:TrackPointExtension>
      <gpxtpx:hr>166</gpxtpx:hr>
     </gpxtpx:TrackPointExtension>
    </extensions>
   </trkpt>
   <trkpt lat="27.6995970" lon="85.3144920">
    <ele>1294.0</ele>
    <time>2025-10-25T01:33:25Z</time>
    <extensions>
     <gpxtpx:TrackPointExtension>
      <gpxtpx:hr>166</gpxtpx:hr>
     </gpxtpx:TrackPointExtension>
    </extensions>
   </trkpt>
   <trkpt lat="27.6996040" lon="85.3144630">
    <ele>1294.0</ele>
    <time>2025-10-25T01:33:26Z</time>
    <extensions>
     <gpxtpx:TrackPointExtension>
      <gpxtpx:hr>166</gpxtpx:hr>
     </gpxtpx:TrackPointExtension>
    </extensions>
   </trkpt>
   <trkpt lat="27.6996100" lon="85.3144340">
    <ele>1294.0</ele>
    <time>2025-10-25T01:33:27Z</time>
    <extensions>
     <gpxtpx:TrackPointExtension>
      <gpxtpx:hr>166</gpxtpx:hr>
     </gpxtpx:TrackPointExtension>
    </extensions>
   </trkpt>
   <trkpt lat="27.6996160" lon="85.3144050">
    <ele>1294.0</ele>
    <time>2025-10-25T01:33:28Z</time>
    <extensions>
     <gpxtpx:TrackPointExtension>
      <gpxtpx:hr>166</gpxtpx:hr>
     </gpxtpx:TrackPointExtension>
    </extensions>
   </trkpt>
   <trkpt lat="27.6996210" lon="85.3143750">
    <ele>1294.0</ele>
    <time>2025-10-25T01:33:29Z</time>
    <extensions>
     <gpxtpx:TrackPointExtension>
      <gpxtpx:hr>166</gpxtpx:hr>
     </gpxtpx:TrackPointExtension>
    </extensions>
   </trkpt>
   <trkpt lat="27.6996260" lon="85.3143460">
    <ele>1294.0</ele>
    <time>2025-10-25T01:33:30Z</time>
    <extensions>
     <gpxtpx:TrackPointExtension>
      <gpxtpx:hr>166</gpxtpx:hr>
     </gpxtpx:TrackPointExtension>
    </extensions>
   </trkpt>
   <trkpt lat="27.6996300" lon="85.3143170">
    <ele>1294.0</ele>
    <time>2025-10-25T01:33:31Z</time>
    <extensions>
     <gpxtpx:TrackPointExtension>
      <gpxtpx:hr>166</gpxtpx:hr>
     </gpxtpx:TrackPointExtension>
    </extensions>
   </trkpt>
   <trkpt lat="27.6996340" lon="85.3142870">
    <ele>1294.0</ele>
    <time>2025-10-25T01:33:32Z</time>
    <extensions>
     <gpxtpx:TrackPointExtension>
      <gpxtpx:hr>166</gpxtpx:hr>
     </gpxtpx:TrackPointExtension>
    </extensions>
   </trkpt>
   <trkpt lat="27.6996390" lon="85.3142580">
    <ele>1294.0</ele>
    <time>2025-10-25T01:33:33Z</time>
    <extensions>
     <gpxtpx:TrackPointExtension>
      <gpxtpx:hr>166</gpxtpx:hr>
     </gpxtpx:TrackPointExtension>
    </extensions>
   </trkpt>
   <trkpt lat="27.6996440" lon="85.3142280">
    <ele>1294.2</ele>
    <time>2025-10-25T01:33:34Z</time>
    <extensions>
     <gpxtpx:TrackPointExtension>
      <gpxtpx:hr>166</gpxtpx:hr>
     </gpxtpx:TrackPointExtension>
    </extensions>
   </trkpt>
   <trkpt lat="27.6996500" lon="85.3141990">
    <ele>1294.2</ele>
    <time>2025-10-25T01:33:35Z</time>
    <extensions>
     <gpxtpx:TrackPointExtension>
      <gpxtpx:hr>166</gpxtpx:hr>
     </gpxtpx:TrackPointExtension>
    </extensions>
   </trkpt>
   <trkpt lat="27.6996580" lon="85.3141700">
    <ele>1294.2</ele>
    <time>2025-10-25T01:33:36Z</time>
    <extensions>
     <gpxtpx:TrackPointExtension>
      <gpxtpx:hr>166</gpxtpx:hr>
     </gpxtpx:TrackPointExtension>
    </extensions>
   </trkpt>
   <trkpt lat="27.6996670" lon="85.3141410">
    <ele>1294.2</ele>
    <time>2025-10-25T01:33:37Z</time>
    <extensions>
     <gpxtpx:TrackPointExtension>
      <gpxtpx:hr>166</gpxtpx:hr>
     </gpxtpx:TrackPointExtension>
    </extensions>
   </trkpt>
   <trkpt lat="27.6996770" lon="85.3141110">
    <ele>1294.2</ele>
    <time>2025-10-25T01:33:38Z</time>
    <extensions>
     <gpxtpx:TrackPointExtension>
      <gpxtpx:hr>166</gpxtpx:hr>
     </gpxtpx:TrackPointExtension>
    </extensions>
   </trkpt>
   <trkpt lat="27.6996860" lon="85.3140810">
    <ele>1294.2</ele>
    <time>2025-10-25T01:33:39Z</time>
    <extensions>
     <gpxtpx:TrackPointExtension>
      <gpxtpx:hr>166</gpxtpx:hr>
     </gpxtpx:TrackPointExtension>
    </extensions>
   </trkpt>
   <trkpt lat="27.6996930" lon="85.3140520">
    <ele>1294.2</ele>
    <time>2025-10-25T01:33:40Z</time>
    <extensions>
     <gpxtpx:TrackPointExtension>
      <gpxtpx:hr>166</gpxtpx:hr>
     </gpxtpx:TrackPointExtension>
    </extensions>
   </trkpt>
   <trkpt lat="27.6997000" lon="85.3140230">
    <ele>1294.2</ele>
    <time>2025-10-25T01:33:41Z</time>
    <extensions>
     <gpxtpx:TrackPointExtension>
      <gpxtpx:hr>166</gpxtpx:hr>
     </gpxtpx:TrackPointExtension>
    </extensions>
   </trkpt>
   <trkpt lat="27.6997050" lon="85.3139950">
    <ele>1294.4</ele>
    <time>2025-10-25T01:33:42Z</time>
    <extensions>
     <gpxtpx:TrackPointExtension>
      <gpxtpx:hr>166</gpxtpx:hr>
     </gpxtpx:TrackPointExtension>
    </extensions>
   </trkpt>
   <trkpt lat="27.6997090" lon="85.3139690">
    <ele>1294.4</ele>
    <time>2025-10-25T01:33:43Z</time>
    <extensions>
     <gpxtpx:TrackPointExtension>
      <gpxtpx:hr>166</gpxtpx:hr>
     </gpxtpx:TrackPointExtension>
    </extensions>
   </trkpt>
   <trkpt lat="27.6997130" lon="85.3139430">
    <ele>1294.4</ele>
    <time>2025-10-25T01:33:44Z</time>
    <extensions>
     <gpxtpx:TrackPointExtension>
      <gpxtpx:hr>166</gpxtpx:hr>
     </gpxtpx:TrackPointExtension>
    </extensions>
   </trkpt>
   <trkpt lat="27.6997160" lon="85.3139170">
    <ele>1294.4</ele>
    <time>2025-10-25T01:33:45Z</time>
    <extensions>
     <gpxtpx:TrackPointExtension>
      <gpxtpx:hr>166</gpxtpx:hr>
     </gpxtpx:TrackPointExtension>
    </extensions>
   </trkpt>
   <trkpt lat="27.6997190" lon="85.3138900">
    <ele>1294.4</ele>
    <time>2025-10-25T01:33:46Z</time>
    <extensions>
     <gpxtpx:TrackPointExtension>
      <gpxtpx:hr>166</gpxtpx:hr>
     </gpxtpx:TrackPointExtension>
    </extensions>
   </trkpt>
   <trkpt lat="27.6997220" lon="85.3138630">
    <ele>1294.4</ele>
    <time>2025-10-25T01:33:47Z</time>
    <extensions>
     <gpxtpx:TrackPointExtension>
      <gpxtpx:hr>166</gpxtpx:hr>
     </gpxtpx:TrackPointExtension>
    </extensions>
   </trkpt>
   <trkpt lat="27.6997260" lon="85.3138350">
    <ele>1294.4</ele>
    <time>2025-10-25T01:33:48Z</time>
    <extensions>
     <gpxtpx:TrackPointExtension>
      <gpxtpx:hr>166</gpxtpx:hr>
     </gpxtpx:TrackPointExtension>
    </extensions>
   </trkpt>
   <trkpt lat="27.6997310" lon="85.3138090">
    <ele>1294.4</ele>
    <time>2025-10-25T01:33:49Z</time>
    <extensions>
     <gpxtpx:TrackPointExtension>
      <gpxtpx:hr>166</gpxtpx:hr>
     </gpxtpx:TrackPointExtension>
    </extensions>
   </trkpt>
   <trkpt lat="27.6997350" lon="85.3137830">
    <ele>1294.4</ele>
    <time>2025-10-25T01:33:50Z</time>
    <extensions>
     <gpxtpx:TrackPointExtension>
      <gpxtpx:hr>166</gpxtpx:hr>
     </gpxtpx:TrackPointExtension>
    </extensions>
   </trkpt>
   <trkpt lat="27.6997400" lon="85.3137580">
    <ele>1294.4</ele>
    <time>2025-10-25T01:33:51Z</time>
    <extensions>
     <gpxtpx:TrackPointExtension>
      <gpxtpx:hr>166</gpxtpx:hr>
     </gpxtpx:TrackPointExtension>
    </extensions>
   </trkpt>
   <trkpt lat="27.6997430" lon="85.3137330">
    <ele>1294.4</ele>
    <time>2025-10-25T01:33:52Z</time>
    <extensions>
     <gpxtpx:TrackPointExtension>
      <gpxtpx:hr>166</gpxtpx:hr>
     </gpxtpx:TrackPointExtension>
    </extensions>
   </trkpt>
   <trkpt lat="27.6997440" lon="85.3137070">
    <ele>1294.4</ele>
    <time>2025-10-25T01:33:53Z</time>
    <extensions>
     <gpxtpx:TrackPointExtension>
      <gpxtpx:hr>166</gpxtpx:hr>
     </gpxtpx:TrackPointExtension>
    </extensions>
   </trkpt>
   <trkpt lat="27.6997420" lon="85.3136810">
    <ele>1294.6</ele>
    <time>2025-10-25T01:33:54Z</time>
    <extensions>
     <gpxtpx:TrackPointExtension>
      <gpxtpx:hr>166</gpxtpx:hr>
     </gpxtpx:TrackPointExtension>
    </extensions>
   </trkpt>
   <trkpt lat="27.6997370" lon="85.3136560">
    <ele>1294.6</ele>
    <time>2025-10-25T01:33:55Z</time>
    <extensions>
     <gpxtpx:TrackPointExtension>
      <gpxtpx:hr>166</gpxtpx:hr>
     </gpxtpx:TrackPointExtension>
    </extensions>
   </trkpt>
   <trkpt lat="27.6997300" lon="85.3136320">
    <ele>1294.6</ele>
    <time>2025-10-25T01:33:56Z</time>
    <extensions>
     <gpxtpx:TrackPointExtension>
      <gpxtpx:hr>166</gpxtpx:hr>
     </gpxtpx:TrackPointExtension>
    </extensions>
   </trkpt>
   <trkpt lat="27.6997210" lon="85.3136090">
    <ele>1294.6</ele>
    <time>2025-10-25T01:33:57Z</time>
    <extensions>
     <gpxtpx:TrackPointExtension>
      <gpxtpx:hr>166</gpxtpx:hr>
     </gpxtpx:TrackPointExtension>
    </extensions>
   </trkpt>
   <trkpt lat="27.6997090" lon="85.3135870">
    <ele>1294.6</ele>
    <time>2025-10-25T01:33:58Z</time>
    <extensions>
     <gpxtpx:TrackPointExtension>
      <gpxtpx:hr>166</gpxtpx:hr>
     </gpxtpx:TrackPointExtension>
    </extensions>
   </trkpt>
   <trkpt lat="27.6996950" lon="85.3135670">
    <ele>1294.8</ele>
    <time>2025-10-25T01:33:59Z</time>
    <extensions>
     <gpxtpx:TrackPointExtension>
      <gpxtpx:hr>166</gpxtpx:hr>
     </gpxtpx:TrackPointExtension>
    </extensions>
   </trkpt>
   <trkpt lat="27.6996790" lon="85.3135510">
    <ele>1294.8</ele>
    <time>2025-10-25T01:34:00Z</time>
    <extensions>
     <gpxtpx:TrackPointExtension>
      <gpxtpx:hr>166</gpxtpx:hr>
     </gpxtpx:TrackPointExtension>
    </extensions>
   </trkpt>
   <trkpt lat="27.6996610" lon="85.3135370">
    <ele>1294.8</ele>
    <time>2025-10-25T01:34:01Z</time>
    <extensions>
     <gpxtpx:TrackPointExtension>
      <gpxtpx:hr>166</gpxtpx:hr>
     </gpxtpx:TrackPointExtension>
    </extensions>
   </trkpt>
   <trkpt lat="27.6996420" lon="85.3135270">
    <ele>1294.8</ele>
    <time>2025-10-25T01:34:02Z</time>
    <extensions>
     <gpxtpx:TrackPointExtension>
      <gpxtpx:hr>166</gpxtpx:hr>
     </gpxtpx:TrackPointExtension>
    </extensions>
   </trkpt>
   <trkpt lat="27.6996210" lon="85.3135190">
    <ele>1295.0</ele>
    <time>2025-10-25T01:34:03Z</time>
    <extensions>
     <gpxtpx:TrackPointExtension>
      <gpxtpx:hr>166</gpxtpx:hr>
     </gpxtpx:TrackPointExtension>
    </extensions>
   </trkpt>
   <trkpt lat="27.6996010" lon="85.3135140">
    <ele>1295.0</ele>
    <time>2025-10-25T01:34:04Z</time>
    <extensions>
     <gpxtpx:TrackPointExtension>
      <gpxtpx:hr>166</gpxtpx:hr>
     </gpxtpx:TrackPointExtension>
    </extensions>
   </trkpt>
   <trkpt lat="27.6995800" lon="85.3135110">
    <ele>1295.0</ele>
    <time>2025-10-25T01:34:05Z</time>
    <extensions>
     <gpxtpx:TrackPointExtension>
      <gpxtpx:hr>166</gpxtpx:hr>
     </gpxtpx:TrackPointExtension>
    </extensions>
   </trkpt>
   <trkpt lat="27.6995580" lon="85.3135090">
    <ele>1295.0</ele>
    <time>2025-10-25T01:34:06Z</time>
    <extensions>
     <gpxtpx:TrackPointExtension>
      <gpxtpx:hr>166</gpxtpx:hr>
     </gpxtpx:TrackPointExtension>
    </extensions>
   </trkpt>
   <trkpt lat="27.6995360" lon="85.3135080">
    <ele>1295.2</ele>
    <time>2025-10-25T01:34:07Z</time>
    <extensions>
     <gpxtpx:TrackPointExtension>
      <gpxtpx:hr>166</gpxtpx:hr>
     </gpxtpx:TrackPointExtension>
    </extensions>
   </trkpt>
   <trkpt lat="27.6995130" lon="85.3135080">
    <ele>1295.2</ele>
    <time>2025-10-25T01:34:08Z</time>
    <extensions>
     <gpxtpx:TrackPointExtension>
      <gpxtpx:hr>166</gpxtpx:hr>
     </gpxtpx:TrackPointExtension>
    </extensions>
   </trkpt>
   <trkpt lat="27.6994900" lon="85.3135080">
    <ele>1295.2</ele>
    <time>2025-10-25T01:34:09Z</time>
    <extensions>
     <gpxtpx:TrackPointExtension>
      <gpxtpx:hr>166</gpxtpx:hr>
     </gpxtpx:TrackPointExtension>
    </extensions>
   </trkpt>
   <trkpt lat="27.6994660" lon="85.3135080">
    <ele>1295.2</ele>
    <time>2025-10-25T01:34:10Z</time>
    <extensions>
     <gpxtpx:TrackPointExtension>
      <gpxtpx:hr>166</gpxtpx:hr>
     </gpxtpx:TrackPointExtension>
    </extensions>
   </trkpt>
   <trkpt lat="27.6994420" lon="85.3135090">
    <ele>1295.2</ele>
    <time>2025-10-25T01:34:11Z</time>
    <extensions>
     <gpxtpx:TrackPointExtension>
      <gpxtpx:hr>166</gpxtpx:hr>
     </gpxtpx:TrackPointExtension>
    </extensions>
   </trkpt>
   <trkpt lat="27.6994180" lon="85.3135090">
    <ele>1295.2</ele>
    <time>2025-10-25T01:34:12Z</time>
    <extensions>
     <gpxtpx:TrackPointExtension>
      <gpxtpx:hr>166</gpxtpx:hr>
     </gpxtpx:TrackPointExtension>
    </extensions>
   </trkpt>
   <trkpt lat="27.6993930" lon="85.3135090">
    <ele>1295.2</ele>
    <time>2025-10-25T01:34:13Z</time>
    <extensions>
     <gpxtpx:TrackPointExtension>
      <gpxtpx:hr>166</gpxtpx:hr>
     </gpxtpx:TrackPointExtension>
    </extensions>
   </trkpt>
   <trkpt lat="27.6993680" lon="85.3135090">
    <ele>1295.2</ele>
    <time>2025-10-25T01:34:14Z</time>
    <extensions>
     <gpxtpx:TrackPointExtension>
      <gpxtpx:hr>166</gpxtpx:hr>
     </gpxtpx:TrackPointExtension>
    </extensions>
   </trkpt>
   <trkpt lat="27.6993440" lon="85.3135090">
    <ele>1295.2</ele>
    <time>2025-10-25T01:34:15Z</time>
    <extensions>
     <gpxtpx:TrackPointExtension>
      <gpxtpx:hr>166</gpxtpx:hr>
     </gpxtpx:TrackPointExtension>
    </extensions>
   </trkpt>
   <trkpt lat="27.6993200" lon="85.3135080">
    <ele>1295.2</ele>
    <time>2025-10-25T01:34:16Z</time>
    <extensions>
     <gpxtpx:TrackPointExtension>
      <gpxtpx:hr>166</gpxtpx:hr>
     </gpxtpx:TrackPointExtension>
    </extensions>
   </trkpt>
   <trkpt lat="27.6992960" lon="85.3135080">
    <ele>1295.2</ele>
    <time>2025-10-25T01:34:17Z</time>
    <extensions>
     <gpxtpx:TrackPointExtension>
      <gpxtpx:hr>166</gpxtpx:hr>
     </gpxtpx:TrackPointExtension>
    </extensions>
   </trkpt>
   <trkpt lat="27.6992710" lon="85.3135070">
    <ele>1295.0</ele>
    <time>2025-10-25T01:34:18Z</time>
    <extensions>
     <gpxtpx:TrackPointExtension>
      <gpxtpx:hr>166</gpxtpx:hr>
     </gpxtpx:TrackPointExtension>
    </extensions>
   </trkpt>
   <trkpt lat="27.6992470" lon="85.3135060">
    <ele>1295.0</ele>
    <time>2025-10-25T01:34:19Z</time>
    <extensions>
     <gpxtpx:TrackPointExtension>
      <gpxtpx:hr>166</gpxtpx:hr>
     </gpxtpx:TrackPointExtension>
    </extensions>
   </trkpt>
   <trkpt lat="27.6992220" lon="85.3135060">
    <ele>1295.0</ele>
    <time>2025-10-25T01:34:20Z</time>
    <extensions>
     <gpxtpx:TrackPointExtension>
      <gpxtpx:hr>166</gpxtpx:hr>
     </gpxtpx:TrackPointExtension>
    </extensions>
   </trkpt>
   <trkpt lat="27.6991960" lon="85.3135050">
    <ele>1295.0</ele>
    <time>2025-10-25T01:34:21Z</time>
    <extensions>
     <gpxtpx:TrackPointExtension>
      <gpxtpx:hr>166</gpxtpx:hr>
     </gpxtpx:TrackPointExtension>
    </extensions>
   </trkpt>
   <trkpt lat="27.6991710" lon="85.3135040">
    <ele>1295.0</ele>
    <time>2025-10-25T01:34:22Z</time>
    <extensions>
     <gpxtpx:TrackPointExtension>
      <gpxtpx:hr>166</gpxtpx:hr>
     </gpxtpx:TrackPointExtension>
    </extensions>
   </trkpt>
   <trkpt lat="27.6991470" lon="85.3135020">
    <ele>1295.0</ele>
    <time>2025-10-25T01:34:23Z</time>
    <extensions>
     <gpxtpx:TrackPointExtension>
      <gpxtpx:hr>166</gpxtpx:hr>
     </gpxtpx:TrackPointExtension>
    </extensions>
   </trkpt>
   <trkpt lat="27.6991220" lon="85.3135000">
    <ele>1294.8</ele>
    <time>2025-10-25T01:34:24Z</time>
    <extensions>
     <gpxtpx:TrackPointExtension>
      <gpxtpx:hr>166</gpxtpx:hr>
     </gpxtpx:TrackPointExtension>
    </extensions>
   </trkpt>
   <trkpt lat="27.6990960" lon="85.3134980">
    <ele>1294.8</ele>
    <time>2025-10-25T01:34:25Z</time>
    <extensions>
     <gpxtpx:TrackPointExtension>
      <gpxtpx:hr>166</gpxtpx:hr>
     </gpxtpx:TrackPointExtension>
    </extensions>
   </trkpt>
   <trkpt lat="27.6990710" lon="85.3134950">
    <ele>1294.8</ele>
    <time>2025-10-25T01:34:26Z</time>
    <extensions>
     <gpxtpx:TrackPointExtension>
      <gpxtpx:hr>166</gpxtpx:hr>
     </gpxtpx:TrackPointExtension>
    </extensions>
   </trkpt>
   <trkpt lat="27.6990450" lon="85.3134920">
    <ele>1294.8</ele>
    <time>2025-10-25T01:34:27Z</time>
    <extensions>
     <gpxtpx:TrackPointExtension>
      <gpxtpx:hr>166</gpxtpx:hr>
     </gpxtpx:TrackPointExtension>
    </extensions>
   </trkpt>
   <trkpt lat="27.6990200" lon="85.3134890">
    <ele>1294.8</ele>
    <time>2025-10-25T01:34:28Z</time>
    <extensions>
     <gpxtpx:TrackPointExtension>
      <gpxtpx:hr>166</gpxtpx:hr>
     </gpxtpx:TrackPointExtension>
    </extensions>
   </trkpt>
   <trkpt lat="27.6989950" lon="85.3134870">
    <ele>1294.8</ele>
    <time>2025-10-25T01:34:29Z</time>
    <extensions>
     <gpxtpx:TrackPointExtension>
      <gpxtpx:hr>166</gpxtpx:hr>
     </gpxtpx:TrackPointExtension>
    </extensions>
   </trkpt>
   <trkpt lat="27.6989690" lon="85.3134850">
    <ele>1294.8</ele>
    <time>2025-10-25T01:34:30Z</time>
    <extensions>
     <gpxtpx:TrackPointExtension>
      <gpxtpx:hr>166</gpxtpx:hr>
     </gpxtpx:TrackPointExtension>
    </extensions>
   </trkpt>
   <trkpt lat="27.6989430" lon="85.3134830">
    <ele>1294.8</ele>
    <time>2025-10-25T01:34:31Z</time>
    <extensions>
     <gpxtpx:TrackPointExtension>
      <gpxtpx:hr>166</gpxtpx:hr>
     </gpxtpx:TrackPointExtension>
    </extensions>
   </trkpt>
   <trkpt lat="27.6989160" lon="85.3134810">
    <ele>1294.8</ele>
    <time>2025-10-25T01:34:32Z</time>
    <extensions>
     <gpxtpx:TrackPointExtension>
      <gpxtpx:hr>166</gpxtpx:hr>
     </gpxtpx:TrackPointExtension>
    </extensions>
   </trkpt>
   <trkpt lat="27.6988890" lon="85.3134800">
    <ele>1294.8</ele>
    <time>2025-10-25T01:34:33Z</time>
    <extensions>
     <gpxtpx:TrackPointExtension>
      <gpxtpx:hr>166</gpxtpx:hr>
     </gpxtpx:TrackPointExtension>
    </extensions>
   </trkpt>
   <trkpt lat="27.6988620" lon="85.3134780">
    <ele>1294.8</ele>
    <time>2025-10-25T01:34:34Z</time>
    <extensions>
     <gpxtpx:TrackPointExtension>
      <gpxtpx:hr>166</gpxtpx:hr>
     </gpxtpx:TrackPointExtension>
    </extensions>
   </trkpt>
   <trkpt lat="27.6988350" lon="85.3134770">
    <ele>1294.8</ele>
    <time>2025-10-25T01:34:35Z</time>
    <extensions>
     <gpxtpx:TrackPointExtension>
      <gpxtpx:hr>166</gpxtpx:hr>
     </gpxtpx:TrackPointExtension>
    </extensions>
   </trkpt>
   <trkpt lat="27.6988090" lon="85.3134760">
    <ele>1294.8</ele>
    <time>2025-10-25T01:34:36Z</time>
    <extensions>
     <gpxtpx:TrackPointExtension>
      <gpxtpx:hr>166</gpxtpx:hr>
     </gpxtpx:TrackPointExtension>
    </extensions>
   </trkpt>
   <trkpt lat="27.6987830" lon="85.3134750">
    <ele>1294.8</ele>
    <time>2025-10-25T01:34:37Z</time>
    <extensions>
     <gpxtpx:TrackPointExtension>
      <gpxtpx:hr>166</gpxtpx:hr>
     </gpxtpx:TrackPointExtension>
    </extensions>
   </trkpt>
   <trkpt lat="27.6987570" lon="85.3134730">
    <ele>1294.8</ele>
    <time>2025-10-25T01:34:38Z</time>
    <extensions>
     <gpxtpx:TrackPointExtension>
      <gpxtpx:hr>166</gpxtpx:hr>
     </gpxtpx:TrackPointExtension>
    </extensions>
   </trkpt>
   <trkpt lat="27.6987300" lon="85.3134710">
    <ele>1294.8</ele>
    <time>2025-10-25T01:34:39Z</time>
    <extensions>
     <gpxtpx:TrackPointExtension>
      <gpxtpx:hr>166</gpxtpx:hr>
     </gpxtpx:TrackPointExtension>
    </extensions>
   </trkpt>
   <trkpt lat="27.6987030" lon="85.3134690">
    <ele>1294.8</ele>
    <time>2025-10-25T01:34:40Z</time>
    <extensions>
     <gpxtpx:TrackPointExtension>
      <gpxtpx:hr>166</gpxtpx:hr>
     </gpxtpx:TrackPointExtension>
    </extensions>
   </trkpt>
   <trkpt lat="27.6986770" lon="85.3134670">
    <ele>1294.8</ele>
    <time>2025-10-25T01:34:41Z</time>
    <extensions>
     <gpxtpx:TrackPointExtension>
      <gpxtpx:hr>166</gpxtpx:hr>
     </gpxtpx:TrackPointExtension>
    </extensions>
   </trkpt>
   <trkpt lat="27.6986500" lon="85.3134650">
    <ele>1294.8</ele>
    <time>2025-10-25T01:34:42Z</time>
    <extensions>
     <gpxtpx:TrackPointExtension>
      <gpxtpx:hr>166</gpxtpx:hr>
     </gpxtpx:TrackPointExtension>
    </extensions>
   </trkpt>
   <trkpt lat="27.6986240" lon="85.3134630">
    <ele>1294.8</ele>
    <time>2025-10-25T01:34:43Z</time>
    <extensions>
     <gpxtpx:TrackPointExtension>
      <gpxtpx:hr>166</gpxtpx:hr>
     </gpxtpx:TrackPointExtension>
    </extensions>
   </trkpt>
   <trkpt lat="27.6985990" lon="85.3134600">
    <ele>1294.6</ele>
    <time>2025-10-25T01:34:44Z</time>
    <extensions>
     <gpxtpx:TrackPointExtension>
      <gpxtpx:hr>166</gpxtpx:hr>
     </gpxtpx:TrackPointExtension>
    </extensions>
   </trkpt>
   <trkpt lat="27.6985730" lon="85.3134580">
    <ele>1294.6</ele>
    <time>2025-10-25T01:34:45Z</time>
    <extensions>
     <gpxtpx:TrackPointExtension>
      <gpxtpx:hr>166</gpxtpx:hr>
     </gpxtpx:TrackPointExtension>
    </extensions>
   </trkpt>
   <trkpt lat="27.6985460" lon="85.3134560">
    <ele>1294.6</ele>
    <time>2025-10-25T01:34:46Z</time>
    <extensions>
     <gpxtpx:TrackPointExtension>
      <gpxtpx:hr>166</gpxtpx:hr>
     </gpxtpx:TrackPointExtension>
    </extensions>
   </trkpt>
   <trkpt lat="27.6985180" lon="85.3134540">
    <ele>1294.6</ele>
    <time>2025-10-25T01:34:47Z</time>
    <extensions>
     <gpxtpx:TrackPointExtension>
      <gpxtpx:hr>166</gpxtpx:hr>
     </gpxtpx:TrackPointExtension>
    </extensions>
   </trkpt>
   <trkpt lat="27.6984910" lon="85.3134520">
    <ele>1294.6</ele>
    <time>2025-10-25T01:34:48Z</time>
    <extensions>
     <gpxtpx:TrackPointExtension>
      <gpxtpx:hr>166</gpxtpx:hr>
     </gpxtpx:TrackPointExtension>
    </extensions>
   </trkpt>
   <trkpt lat="27.6984640" lon="85.3134500">
    <ele>1294.6</ele>
    <time>2025-10-25T01:34:49Z</time>
    <extensions>
     <gpxtpx:TrackPointExtension>
      <gpxtpx:hr>166</gpxtpx:hr>
     </gpxtpx:TrackPointExtension>
    </extensions>
   </trkpt>
   <trkpt lat="27.6984370" lon="85.3134480">
    <ele>1294.6</ele>
    <time>2025-10-25T01:34:50Z</time>
    <extensions>
     <gpxtpx:TrackPointExtension>
      <gpxtpx:hr>166</gpxtpx:hr>
     </gpxtpx:TrackPointExtension>
    </extensions>
   </trkpt>
   <trkpt lat="27.6984100" lon="85.3134460">
    <ele>1294.6</ele>
    <time>2025-10-25T01:34:51Z</time>
    <extensions>
     <gpxtpx:TrackPointExtension>
      <gpxtpx:hr>166</gpxtpx:hr>
     </gpxtpx:TrackPointExtension>
    </extensions>
   </trkpt>
   <trkpt lat="27.6983840" lon="85.3134440">
    <ele>1294.6</ele>
    <time>2025-10-25T01:34:52Z</time>
    <extensions>
     <gpxtpx:TrackPointExtension>
      <gpxtpx:hr>166</gpxtpx:hr>
     </gpxtpx:TrackPointExtension>
    </extensions>
   </trkpt>
   <trkpt lat="27.6983580" lon="85.3134420">
    <ele>1294.6</ele>
    <time>2025-10-25T01:34:53Z</time>
    <extensions>
     <gpxtpx:TrackPointExtension>
      <gpxtpx:hr>166</gpxtpx:hr>
     </gpxtpx:TrackPointExtension>
    </extensions>
   </trkpt>
   <trkpt lat="27.6983330" lon="85.3134400">
    <ele>1294.6</ele>
    <time>2025-10-25T01:34:54Z</time>
    <extensions>
     <gpxtpx:TrackPointExtension>
      <gpxtpx:hr>166</gpxtpx:hr>
     </gpxtpx:TrackPointExtension>
    </extensions>
   </trkpt>
   <trkpt lat="27.6983070" lon="85.3134380">
    <ele>1294.6</ele>
    <time>2025-10-25T01:34:55Z</time>
    <extensions>
     <gpxtpx:TrackPointExtension>
      <gpxtpx:hr>166</gpxtpx:hr>
     </gpxtpx:TrackPointExtension>
    </extensions>
   </trkpt>
   <trkpt lat="27.6982820" lon="85.3134370">
    <ele>1294.6</ele>
    <time>2025-10-25T01:34:56Z</time>
    <extensions>
     <gpxtpx:TrackPointExtension>
      <gpxtpx:hr>166</gpxtpx:hr>
     </gpxtpx:TrackPointExtension>
    </extensions>
   </trkpt>
   <trkpt lat="27.6982560" lon="85.3134360">
    <ele>1294.6</ele>
    <time>2025-10-25T01:34:57Z</time>
    <extensions>
     <gpxtpx:TrackPointExtension>
      <gpxtpx:hr>166</gpxtpx:hr>
     </gpxtpx:TrackPointExtension>
    </extensions>
   </trkpt>
   <trkpt lat="27.6982300" lon="85.3134360">
    <ele>1294.6</ele>
    <time>2025-10-25T01:34:58Z</time>
    <extensions>
     <gpxtpx:TrackPointExtension>
      <gpxtpx:hr>166</gpxtpx:hr>
     </gpxtpx:TrackPointExtension>
    </extensions>
   </trkpt>
   <trkpt lat="27.6982040" lon="85.3134380">
    <ele>1294.6</ele>
    <time>2025-10-25T01:34:59Z</time>
    <extensions>
     <gpxtpx:TrackPointExtension>
      <gpxtpx:hr>166</gpxtpx:hr>
     </gpxtpx:TrackPointExtension>
    </extensions>
   </trkpt>
   <trkpt lat="27.6981780" lon="85.3134410">
    <ele>1294.6</ele>
    <time>2025-10-25T01:35:00Z</time>
    <extensions>
     <gpxtpx:TrackPointExtension>
      <gpxtpx:hr>166</gpxtpx:hr>
     </gpxtpx:TrackPointExtension>
    </extensions>
   </trkpt>
   <trkpt lat="27.6981520" lon="85.3134450">
    <ele>1294.6</ele>
    <time>2025-10-25T01:35:01Z</time>
    <extensions>
     <gpxtpx:TrackPointExtension>
      <gpxtpx:hr>166</gpxtpx:hr>
     </gpxtpx:TrackPointExtension>
    </extensions>
   </trkpt>
   <trkpt lat="27.6981260" lon="85.3134500">
    <ele>1294.6</ele>
    <time>2025-10-25T01:35:02Z</time>
    <extensions>
     <gpxtpx:TrackPointExtension>
      <gpxtpx:hr>166</gpxtpx:hr>
     </gpxtpx:TrackPointExtension>
    </extensions>
   </trkpt>
   <trkpt lat="27.6980990" lon="85.3134550">
    <ele>1294.4</ele>
    <time>2025-10-25T01:35:03Z</time>
    <extensions>
     <gpxtpx:TrackPointExtension>
      <gpxtpx:hr>166</gpxtpx:hr>
     </gpxtpx:TrackPointExtension>
    </extensions>
   </trkpt>
   <trkpt lat="27.6980740" lon="85.3134620">
    <ele>1294.4</ele>
    <time>2025-10-25T01:35:04Z</time>
    <extensions>
     <gpxtpx:TrackPointExtension>
      <gpxtpx:hr>166</gpxtpx:hr>
     </gpxtpx:TrackPointExtension>
    </extensions>
   </trkpt>
   <trkpt lat="27.6980480" lon="85.3134680">
    <ele>1294.4</ele>
    <time>2025-10-25T01:35:05Z</time>
    <extensions>
     <gpxtpx:TrackPointExtension>
      <gpxtpx:hr>166</gpxtpx:hr>
     </gpxtpx:TrackPointExtension>
    </extensions>
   </trkpt>
   <trkpt lat="27.6980240" lon="85.3134750">
    <ele>1294.4</ele>
    <time>2025-10-25T01:35:06Z</time>
    <extensions>
     <gpxtpx:TrackPointExtension>
      <gpxtpx:hr>166</gpxtpx:hr>
     </gpxtpx:TrackPointExtension>
    </extensions>
   </trkpt>
   <trkpt lat="27.6979980" lon="85.3134830">
    <ele>1294.2</ele>
    <time>2025-10-25T01:35:07Z</time>
    <extensions>
     <gpxtpx:TrackPointExtension>
      <gpxtpx:hr>166</gpxtpx:hr>
     </gpxtpx:TrackPointExtension>
    </extensions>
   </trkpt>
   <trkpt lat="27.6979720" lon="85.3134910">
    <ele>1294.2</ele>
    <time>2025-10-25T01:35:08Z</time>
    <extensions>
     <gpxtpx:TrackPointExtension>
      <gpxtpx:hr>166</gpxtpx:hr>
     </gpxtpx:TrackPointExtension>
    </extensions>
   </trkpt>
   <trkpt lat="27.6979450" lon="85.3135000">
    <ele>1294.2</ele>
    <time>2025-10-25T01:35:09Z</time>
    <extensions>
     <gpxtpx:TrackPointExtension>
      <gpxtpx:hr>166</gpxtpx:hr>
     </gpxtpx:TrackPointExtension>
    </extensions>
   </trkpt>
   <trkpt lat="27.6979200" lon="85.3135100">
    <ele>1294.0</ele>
    <time>2025-10-25T01:35:10Z</time>
    <extensions>
     <gpxtpx:TrackPointExtension>
      <gpxtpx:hr>166</gpxtpx:hr>
     </gpxtpx:TrackPointExtension>
    </extensions>
   </trkpt>
   <trkpt lat="27.6978950" lon="85.3135190">
    <ele>1294.0</ele>
    <time>2025-10-25T01:35:11Z</time>
    <extensions>
     <gpxtpx:TrackPointExtension>
      <gpxtpx:hr>166</gpxtpx:hr>
     </gpxtpx:TrackPointExtension>
    </extensions>
   </trkpt>
   <trkpt lat="27.6978700" lon="85.3135280">
    <ele>1294.0</ele>
    <time>2025-10-25T01:35:12Z</time>
    <extensions>
     <gpxtpx:TrackPointExtension>
      <gpxtpx:hr>166</gpxtpx:hr>
     </gpxtpx:TrackPointExtension>
    </extensions>
   </trkpt>
   <trkpt lat="27.6978450" lon="85.3135370">
    <ele>1294.0</ele>
    <time>2025-10-25T01:35:13Z</time>
    <extensions>
     <gpxtpx:TrackPointExtension>
      <gpxtpx:hr>166</gpxtpx:hr>
     </gpxtpx:TrackPointExtension>
    </extensions>
   </trkpt>
   <trkpt lat="27.6978200" lon="85.3135460">
    <ele>1293.8</ele>
    <time>2025-10-25T01:35:14Z</time>
    <extensions>
     <gpxtpx:TrackPointExtension>
      <gpxtpx:hr>166</gpxtpx:hr>
     </gpxtpx:TrackPointExtension>
    </extensions>
   </trkpt>
   <trkpt lat="27.6977950" lon="85.3135540">
    <ele>1293.8</ele>
    <time>2025-10-25T01:35:15Z</time>
    <extensions>
     <gpxtpx:TrackPointExtension>
      <gpxtpx:hr>166</gpxtpx:hr>
     </gpxtpx:TrackPointExtension>
    </extensions>
   </trkpt>
   <trkpt lat="27.6977700" lon="85.3135640">
    <ele>1293.8</ele>
    <time>2025-10-25T01:35:16Z</time>
    <extensions>
     <gpxtpx:TrackPointExtension>
      <gpxtpx:hr>166</gpxtpx:hr>
     </gpxtpx:TrackPointExtension>
    </extensions>
   </trkpt>
   <trkpt lat="27.6977440" lon="85.3135730">
    <ele>1293.8</ele>
    <time>2025-10-25T01:35:17Z</time>
    <extensions>
     <gpxtpx:TrackPointExtension>
      <gpxtpx:hr>166</gpxtpx:hr>
     </gpxtpx:TrackPointExtension>
    </extensions>
   </trkpt>
   <trkpt lat="27.6977190" lon="85.3135820">
    <ele>1293.8</ele>
    <time>2025-10-25T01:35:18Z</time>
    <extensions>
     <gpxtpx:TrackPointExtension>
      <gpxtpx:hr>166</gpxtpx:hr>
     </gpxtpx:TrackPointExtension>
    </extensions>
   </trkpt>
   <trkpt lat="27.6976950" lon="85.3135910">
    <ele>1293.6</ele>
    <time>2025-10-25T01:35:19Z</time>
    <extensions>
     <gpxtpx:TrackPointExtension>
      <gpxtpx:hr>166</gpxtpx:hr>
     </gpxtpx:TrackPointExtension>
    </extensions>
   </trkpt>
   <trkpt lat="27.6976700" lon="85.3136000">
    <ele>1293.6</ele>
    <time>2025-10-25T01:35:20Z</time>
    <extensions>
     <gpxtpx:TrackPointExtension>
      <gpxtpx:hr>166</gpxtpx:hr>
     </gpxtpx:TrackPointExtension>
    </extensions>
   </trkpt>
   <trkpt lat="27.6976460" lon="85.3136090">
    <ele>1293.6</ele>
    <time>2025-10-25T01:35:21Z</time>
    <extensions>
     <gpxtpx:TrackPointExtension>
      <gpxtpx:hr>166</gpxtpx:hr>
     </gpxtpx:TrackPointExtension>
    </extensions>
   </trkpt>
   <trkpt lat="27.6976210" lon="85.3136180">
    <ele>1293.6</ele>
    <time>2025-10-25T01:35:22Z</time>
    <extensions>
     <gpxtpx:TrackPointExtension>
      <gpxtpx:hr>166</gpxtpx:hr>
     </gpxtpx:TrackPointExtension>
    </extensions>
   </trkpt>
   <trkpt lat="27.6975970" lon="85.3136270">
    <ele>1293.6</ele>
    <time>2025-10-25T01:35:23Z</time>
    <extensions>
     <gpxtpx:TrackPointExtension>
      <gpxtpx:hr>166</gpxtpx:hr>
     </gpxtpx:TrackPointExtension>
    </extensions>
   </trkpt>
   <trkpt lat="27.6975730" lon="85.3136360">
    <ele>1293.4</ele>
    <time>2025-10-25T01:35:24Z</time>
    <extensions>
     <gpxtpx:TrackPointExtension>
      <gpxtpx:hr>166</gpxtpx:hr>
     </gpxtpx:TrackPointExtension>
    </extensions>
   </trkpt>
   <trkpt lat="27.6975480" lon="85.3136450">
    <ele>1293.4</ele>
    <time>2025-10-25T01:35:25Z</time>
    <extensions>
     <gpxtpx:TrackPointExtension>
      <gpxtpx:hr>166</gpxtpx:hr>
     </gpxtpx:TrackPointExtension>
    </extensions>
   </trkpt>
   <trkpt lat="27.6975230" lon="85.3136540">
    <ele>1293.4</ele>
    <time>2025-10-25T01:35:26Z</time>
    <extensions>
     <gpxtpx:TrackPointExtension>
      <gpxtpx:hr>166</gpxtpx:hr>
     </gpxtpx:TrackPointExtension>
    </extensions>
   </trkpt>
   <trkpt lat="27.6974980" lon="85.3136630">
    <ele>1293.4</ele>
    <time>2025-10-25T01:35:27Z</time>
    <extensions>
     <gpxtpx:TrackPointExtension>
      <gpxtpx:hr>166</gpxtpx:hr>
     </gpxtpx:TrackPointExtension>
    </extensions>
   </trkpt>
   <trkpt lat="27.6974740" lon="85.3136720">
    <ele>1293.4</ele>
    <time>2025-10-25T01:35:28Z</time>
    <extensions>
     <gpxtpx:TrackPointExtension>
      <gpxtpx:hr>166</gpxtpx:hr>
     </gpxtpx:TrackPointExtension>
    </extensions>
   </trkpt>
   <trkpt lat="27.6974500" lon="85.3136810">
    <ele>1293.2</ele>
    <time>2025-10-25T01:35:29Z</time>
    <extensions>
     <gpxtpx:TrackPointExtension>
      <gpxtpx:hr>166</gpxtpx:hr>
     </gpxtpx:TrackPointExtension>
    </extensions>
   </trkpt>
   <trkpt lat="27.6974260" lon="85.3136900">
    <ele>1293.2</ele>
    <time>2025-10-25T01:35:30Z</time>
    <extensions>
     <gpxtpx:TrackPointExtension>
      <gpxtpx:hr>166</gpxtpx:hr>
     </gpxtpx:TrackPointExtension>
    </extensions>
   </trkpt>
   <trkpt lat="27.6974010" lon="85.3136990">
    <ele>1293.2</ele>
    <time>2025-10-25T01:35:31Z</time>
    <extensions>
     <gpxtpx:TrackPointExtension>
      <gpxtpx:hr>166</gpxtpx:hr>
     </gpxtpx:TrackPointExtension>
    </extensions>
   </trkpt>
   <trkpt lat="27.6973770" lon="85.3137090">
    <ele>1293.2</ele>
    <time>2025-10-25T01:35:32Z</time>
    <extensions>
     <gpxtpx:TrackPointExtension>
      <gpxtpx:hr>166</gpxtpx:hr>
     </gpxtpx:TrackPointExtension>
    </extensions>
   </trkpt>
   <trkpt lat="27.6973520" lon="85.3137180">
    <ele>1293.0</ele>
    <time>2025-10-25T01:35:33Z</time>
    <extensions>
     <gpxtpx:TrackPointExtension>
      <gpxtpx:hr>166</gpxtpx:hr>
     </gpxtpx:TrackPointExtension>
    </extensions>
   </trkpt>
   <trkpt lat="27.6973260" lon="85.3137270">
    <ele>1293.0</ele>
    <time>2025-10-25T01:35:34Z</time>
    <extensions>
     <gpxtpx:TrackPointExtension>
      <gpxtpx:hr>166</gpxtpx:hr>
     </gpxtpx:TrackPointExtension>
    </extensions>
   </trkpt>
   <trkpt lat="27.6973010" lon="85.3137350">
    <ele>1293.0</ele>
    <time>2025-10-25T01:35:35Z</time>
    <extensions>
     <gpxtpx:TrackPointExtension>
      <gpxtpx:hr>166</gpxtpx:hr>
     </gpxtpx:TrackPointExtension>
    </extensions>
   </trkpt>
   <trkpt lat="27.6972760" lon="85.3137430">
    <ele>1293.0</ele>
    <time>2025-10-25T01:35:36Z</time>
    <extensions>
     <gpxtpx:TrackPointExtension>
      <gpxtpx:hr>166</gpxtpx:hr>
     </gpxtpx:TrackPointExtension>
    </extensions>
   </trkpt>
   <trkpt lat="27.6972520" lon="85.3137500">
    <ele>1293.0</ele>
    <time>2025-10-25T01:35:37Z</time>
    <extensions>
     <gpxtpx:TrackPointExtension>
      <gpxtpx:hr>166</gpxtpx:hr>
     </gpxtpx:TrackPointExtension>
    </extensions>
   </trkpt>
   <trkpt lat="27.6972270" lon="85.3137580">
    <ele>1293.0</ele>
    <time>2025-10-25T01:35:38Z</time>
    <extensions>
     <gpxtpx:TrackPointExtension>
      <gpxtpx:hr>166</gpxtpx:hr>
     </gpxtpx:TrackPointExtension>
    </extensions>
   </trkpt>
   <trkpt lat="27.6972020" lon="85.3137650">
    <ele>1292.8</ele>
    <time>2025-10-25T01:35:39Z</time>
    <extensions>
     <gpxtpx:TrackPointExtension>
      <gpxtpx:hr>166</gpxtpx:hr>
     </gpxtpx:TrackPointExtension>
    </extensions>
   </trkpt>
   <trkpt lat="27.6971770" lon="85.3137730">
    <ele>1292.8</ele>
    <time>2025-10-25T01:35:40Z</time>
    <extensions>
     <gpxtpx:TrackPointExtension>
      <gpxtpx:hr>166</gpxtpx:hr>
     </gpxtpx:TrackPointExtension>
    </extensions>
   </trkpt>
   <trkpt lat="27.6971510" lon="85.3137800">
    <ele>1292.8</ele>
    <time>2025-10-25T01:35:41Z</time>
    <extensions>
     <gpxtpx:TrackPointExtension>
      <gpxtpx:hr>166</gpxtpx:hr>
     </gpxtpx:TrackPointExtension>
    </extensions>
   </trkpt>
   <trkpt lat="27.6971250" lon="85.3137880">
    <ele>1292.8</ele>
    <time>2025-10-25T01:35:42Z</time>
    <extensions>
     <gpxtpx:TrackPointExtension>
      <gpxtpx:hr>166</gpxtpx:hr>
     </gpxtpx:TrackPointExtension>
    </extensions>
   </trkpt>
   <trkpt lat="27.6970990" lon="85.3137950">
    <ele>1292.8</ele>
    <time>2025-10-25T01:35:43Z</time>
    <extensions>
     <gpxtpx:TrackPointExtension>
      <gpxtpx:hr>166</gpxtpx:hr>
     </gpxtpx:TrackPointExtension>
    </extensions>
   </trkpt>
   <trkpt lat="27.6970740" lon="85.3138010">
    <ele>1292.6</ele>
    <time>2025-10-25T01:35:44Z</time>
    <extensions>
     <gpxtpx:TrackPointExtension>
      <gpxtpx:hr>166</gpxtpx:hr>
     </gpxtpx:TrackPointExtension>
    </extensions>
   </trkpt>
   <trkpt lat="27.6970490" lon="85.3138070">
    <ele>1292.6</ele>
    <time>2025-10-25T01:35:45Z</time>
    <extensions>
     <gpxtpx:TrackPointExtension>
      <gpxtpx:hr>166</gpxtpx:hr>
     </gpxtpx:TrackPointExtension>
    </extensions>
   </trkpt>
   <trkpt lat="27.6970230" lon="85.3138120">
    <ele>1292.6</ele>
    <time>2025-10-25T01:35:46Z</time>
    <extensions>
     <gpxtpx:TrackPointExtension>
      <gpxtpx:hr>166</gpxtpx:hr>
     </gpxtpx:TrackPointExtension>
    </extensions>
   </trkpt>
   <trkpt lat="27.6969970" lon="85.3138160">
    <ele>1292.6</ele>
    <time>2025-10-25T01:35:47Z</time>
    <extensions>
     <gpxtpx:TrackPointExtension>
      <gpxtpx:hr>166</gpxtpx:hr>
     </gpxtpx:TrackPointExtension>
    </extensions>
   </trkpt>
   <trkpt lat="27.6969700" lon="85.3138200">
    <ele>1292.6</ele>
    <time>2025-10-25T01:35:48Z</time>
    <extensions>
     <gpxtpx:TrackPointExtension>
      <gpxtpx:hr>166</gpxtpx:hr>
     </gpxtpx:TrackPointExtension>
    </extensions>
   </trkpt>
   <trkpt lat="27.6969430" lon="85.3138230">
    <ele>1292.4</ele>
    <time>2025-10-25T01:35:49Z</time>
    <extensions>
     <gpxtpx:TrackPointExtension>
      <gpxtpx:hr>166</gpxtpx:hr>
     </gpxtpx:TrackPointExtension>
    </extensions>
   </trkpt>
   <trkpt lat="27.6969150" lon="85.3138260">
    <ele>1292.4</ele>
    <time>2025-10-25T01:35:50Z</time>
    <extensions>
     <gpxtpx:TrackPointExtension>
      <gpxtpx:hr>166</gpxtpx:hr>
     </gpxtpx:TrackPointExtension>
    </extensions>
   </trkpt>
   <trkpt lat="27.6968860" lon="85.3138280">
    <ele>1292.4</ele>
    <time>2025-10-25T01:35:51Z</time>
    <extensions>
     <gpxtpx:TrackPointExtension>
      <gpxtpx:hr>166</gpxtpx:hr>
     </gpxtpx:TrackPointExtension>
    </extensions>
   </trkpt>
   <trkpt lat="27.6968580" lon="85.3138310">
    <ele>1292.2</ele>
    <time>2025-10-25T01:35:52Z</time>
    <extensions>
     <gpxtpx:TrackPointExtension>
      <gpxtpx:hr>166</gpxtpx:hr>
     </gpxtpx:TrackPointExtension>
    </extensions>
   </trkpt>
   <trkpt lat="27.6968310" lon="85.3138330">
    <ele>1292.2</ele>
    <time>2025-10-25T01:35:53Z</time>
    <extensions>
     <gpxtpx:TrackPointExtension>
      <gpxtpx:hr>166</gpxtpx:hr>
     </gpxtpx:TrackPointExtension>
    </extensions>
   </trkpt>
   <trkpt lat="27.6968040" lon="85.3138350">
    <ele>1292.2</ele>
    <time>2025-10-25T01:35:54Z</time>
    <extensions>
     <gpxtpx:TrackPointExtension>
      <gpxtpx:hr>166</gpxtpx:hr>
     </gpxtpx:TrackPointExtension>
    </extensions>
   </trkpt>
   <trkpt lat="27.6967770" lon="85.3138370">
    <ele>1292.2</ele>
    <time>2025-10-25T01:35:55Z</time>
    <extensions>
     <gpxtpx:TrackPointExtension>
      <gpxtpx:hr>166</gpxtpx:hr>
     </gpxtpx:TrackPointExtension>
    </extensions>
   </trkpt>
   <trkpt lat="27.6967500" lon="85.3138390">
    <ele>1292.0</ele>
    <time>2025-10-25T01:35:56Z</time>
    <extensions>
     <gpxtpx:TrackPointExtension>
      <gpxtpx:hr>166</gpxtpx:hr>
     </gpxtpx:TrackPointExtension>
    </extensions>
   </trkpt>
   <trkpt lat="27.6967240" lon="85.3138420">
    <ele>1292.0</ele>
    <time>2025-10-25T01:35:57Z</time>
    <extensions>
     <gpxtpx:TrackPointExtension>
      <gpxtpx:hr>166</gpxtpx:hr>
     </gpxtpx:TrackPointExtension>
    </extensions>
   </trkpt>
   <trkpt lat="27.6966980" lon="85.3138440">
    <ele>1291.8</ele>
    <time>2025-10-25T01:35:58Z</time>
    <extensions>
     <gpxtpx:TrackPointExtension>
      <gpxtpx:hr>166</gpxtpx:hr>
     </gpxtpx:TrackPointExtension>
    </extensions>
   </trkpt>
   <trkpt lat="27.6966720" lon="85.3138470">
    <ele>1291.8</ele>
    <time>2025-10-25T01:35:59Z</time>
    <extensions>
     <gpxtpx:TrackPointExtension>
      <gpxtpx:hr>166</gpxtpx:hr>
     </gpxtpx:TrackPointExtension>
    </extensions>
   </trkpt>
   <trkpt lat="27.6966460" lon="85.3138510">
    <ele>1291.6</ele>
    <time>2025-10-25T01:36:00Z</time>
    <extensions>
     <gpxtpx:TrackPointExtension>
      <gpxtpx:hr>166</gpxtpx:hr>
     </gpxtpx:TrackPointExtension>
    </extensions>
   </trkpt>
   <trkpt lat="27.6966200" lon="85.3138550">
    <ele>1291.6</ele>
    <time>2025-10-25T01:36:01Z</time>
    <extensions>
     <gpxtpx:TrackPointExtension>
      <gpxtpx:hr>166</gpxtpx:hr>
     </gpxtpx:TrackPointExtension>
    </extensions>
   </trkpt>
   <trkpt lat="27.6965940" lon="85.3138600">
    <ele>1291.6</ele>
    <time>2025-10-25T01:36:02Z</time>
    <extensions>
     <gpxtpx:TrackPointExtension>
      <gpxtpx:hr>166</gpxtpx:hr>
     </gpxtpx:TrackPointExtension>
    </extensions>
   </trkpt>
   <trkpt lat="27.6965670" lon="85.3138640">
    <ele>1291.4</ele>
    <time>2025-10-25T01:36:03Z</time>
    <extensions>
     <gpxtpx:TrackPointExtension>
      <gpxtpx:hr>166</gpxtpx:hr>
     </gpxtpx:TrackPointExtension>
    </extensions>
   </trkpt>
   <trkpt lat="27.6965400" lon="85.3138690">
    <ele>1291.4</ele>
    <time>2025-10-25T01:36:04Z</time>
    <extensions>
     <gpxtpx:TrackPointExtension>
      <gpxtpx:hr>166</gpxtpx:hr>
     </gpxtpx:TrackPointExtension>
    </extensions>
   </trkpt>
   <trkpt lat="27.6965130" lon="85.3138730">
    <ele>1291.2</ele>
    <time>2025-10-25T01:36:05Z</time>
    <extensions>
     <gpxtpx:TrackPointExtension>
      <gpxtpx:hr>166</gpxtpx:hr>
     </gpxtpx:TrackPointExtension>
    </extensions>
   </trkpt>
   <trkpt lat="27.6964860" lon="85.3138780">
    <ele>1291.2</ele>
    <time>2025-10-25T01:36:06Z</time>
    <extensions>
     <gpxtpx:TrackPointExtension>
      <gpxtpx:hr>166</gpxtpx:hr>
     </gpxtpx:TrackPointExtension>
    </extensions>
   </trkpt>
   <trkpt lat="27.6964590" lon="85.3138820">
    <ele>1291.0</ele>
    <time>2025-10-25T01:36:07Z</time>
    <extensions>
     <gpxtpx:TrackPointExtension>
      <gpxtpx:hr>166</gpxtpx:hr>
     </gpxtpx:TrackPointExtension>
    </extensions>
   </trkpt>
   <trkpt lat="27.6964320" lon="85.3138860">
    <ele>1291.0</ele>
    <time>2025-10-25T01:36:08Z</time>
    <extensions>
     <gpxtpx:TrackPointExtension>
      <gpxtpx:hr>166</gpxtpx:hr>
     </gpxtpx:TrackPointExtension>
    </extensions>
   </trkpt>
   <trkpt lat="27.6964050" lon="85.3138900">
    <ele>1290.8</ele>
    <time>2025-10-25T01:36:09Z</time>
    <extensions>
     <gpxtpx:TrackPointExtension>
      <gpxtpx:hr>166</gpxtpx:hr>
     </gpxtpx:TrackPointExtension>
    </extensions>
   </trkpt>
   <trkpt lat="27.6963790" lon="85.3138930">
    <ele>1290.8</ele>
    <time>2025-10-25T01:36:10Z</time>
    <extensions>
     <gpxtpx:TrackPointExtension>
      <gpxtpx:hr>166</gpxtpx:hr>
     </gpxtpx:TrackPointExtension>
    </extensions>
   </trkpt>
   <trkpt lat="27.6963520" lon="85.3138960">
    <ele>1290.8</ele>
    <time>2025-10-25T01:36:11Z</time>
    <extensions>
     <gpxtpx:TrackPointExtension>
      <gpxtpx:hr>166</gpxtpx:hr>
     </gpxtpx:TrackPointExtension>
    </extensions>
   </trkpt>
   <trkpt lat="27.6963250" lon="85.3138980">
    <ele>1290.6</ele>
    <time>2025-10-25T01:36:12Z</time>
    <extensions>
     <gpxtpx:TrackPointExtension>
      <gpxtpx:hr>166</gpxtpx:hr>
     </gpxtpx:TrackPointExtension>
    </extensions>
   </trkpt>
   <trkpt lat="27.6962980" lon="85.3139000">
    <ele>1290.6</ele>
    <time>2025-10-25T01:36:13Z</time>
    <extensions>
     <gpxtpx:TrackPointExtension>
      <gpxtpx:hr>166</gpxtpx:hr>
     </gpxtpx:TrackPointExtension>
    </extensions>
   </trkpt>
   <trkpt lat="27.6962700" lon="85.3139010">
    <ele>1290.4</ele>
    <time>2025-10-25T01:36:14Z</time>
    <extensions>
     <gpxtpx:TrackPointExtension>
      <gpxtpx:hr>166</gpxtpx:hr>
     </gpxtpx:TrackPointExtension>
    </extensions>
   </trkpt>
   <trkpt lat="27.6962430" lon="85.3139030">
    <ele>1290.4</ele>
    <time>2025-10-25T01:36:15Z</time>
    <extensions>
     <gpxtpx:TrackPointExtension>
      <gpxtpx:hr>166</gpxtpx:hr>
     </gpxtpx:TrackPointExtension>
    </extensions>
   </trkpt>
   <trkpt lat="27.6962150" lon="85.3139060">
    <ele>1290.2</ele>
    <time>2025-10-25T01:36:16Z</time>
    <extensions>
     <gpxtpx:TrackPointExtension>
      <gpxtpx:hr>166</gpxtpx:hr>
     </gpxtpx:TrackPointExtension>
    </extensions>
   </trkpt>
   <trkpt lat="27.6961870" lon="85.3139080">
    <ele>1290.2</ele>
    <time>2025-10-25T01:36:17Z</time>
    <extensions>
     <gpxtpx:TrackPointExtension>
      <gpxtpx:hr>166</gpxtpx:hr>
     </gpxtpx:TrackPointExtension>
    </extensions>
   </trkpt>
   <trkpt lat="27.6961580" lon="85.3139120">
    <ele>1290.0</ele>
    <time>2025-10-25T01:36:18Z</time>
    <extensions>
     <gpxtpx:TrackPointExtension>
      <gpxtpx:hr>166</gpxtpx:hr>
     </gpxtpx:TrackPointExtension>
    </extensions>
   </trkpt>
   <trkpt lat="27.6961290" lon="85.3139160">
    <ele>1290.0</ele>
    <time>2025-10-25T01:36:19Z</time>
    <extensions>
     <gpxtpx:TrackPointExtension>
      <gpxtpx:hr>166</gpxtpx:hr>
     </gpxtpx:TrackPointExtension>
    </extensions>
   </trkpt>
   <trkpt lat="27.6961000" lon="85.3139210">
    <ele>1289.8</ele>
    <time>2025-10-25T01:36:20Z</time>
    <extensions>
     <gpxtpx:TrackPointExtension>
      <gpxtpx:hr>166</gpxtpx:hr>
     </gpxtpx:TrackPointExtension>
    </extensions>
   </trkpt>
   <trkpt lat="27.6960710" lon="85.3139250">
    <ele>1289.8</ele>
    <time>2025-10-25T01:36:21Z</time>
    <extensions>
     <gpxtpx:TrackPointExtension>
      <gpxtpx:hr>166</gpxtpx:hr>
     </gpxtpx:TrackPointExtension>
    </extensions>
   </trkpt>
   <trkpt lat="27.6960420" lon="85.3139300">
    <ele>1289.6</ele>
    <time>2025-10-25T01:36:22Z</time>
    <extensions>
     <gpxtpx:TrackPointExtension>
      <gpxtpx:hr>166</gpxtpx:hr>
     </gpxtpx:TrackPointExtension>
    </extensions>
   </trkpt>
   <trkpt lat="27.6960130" lon="85.3139350">
    <ele>1289.6</ele>
    <time>2025-10-25T01:36:23Z</time>
    <extensions>
     <gpxtpx:TrackPointExtension>
      <gpxtpx:hr>166</gpxtpx:hr>
     </gpxtpx:TrackPointExtension>
    </extensions>
   </trkpt>
   <trkpt lat="27.6959830" lon="85.3139400">
    <ele>1289.4</ele>
    <time>2025-10-25T01:36:24Z</time>
    <extensions>
     <gpxtpx:TrackPointExtension>
      <gpxtpx:hr>166</gpxtpx:hr>
     </gpxtpx:TrackPointExtension>
    </extensions>
   </trkpt>
   <trkpt lat="27.6959520" lon="85.3139450">
    <ele>1289.4</ele>
    <time>2025-10-25T01:36:25Z</time>
    <extensions>
     <gpxtpx:TrackPointExtension>
      <gpxtpx:hr>166</gpxtpx:hr>
     </gpxtpx:TrackPointExtension>
    </extensions>
   </trkpt>
   <trkpt lat="27.6959220" lon="85.3139490">
    <ele>1289.2</ele>
    <time>2025-10-25T01:36:26Z</time>
    <extensions>
     <gpxtpx:TrackPointExtension>
      <gpxtpx:hr>166</gpxtpx:hr>
     </gpxtpx:TrackPointExtension>
    </extensions>
   </trkpt>
   <trkpt lat="27.6958920" lon="85.3139540">
    <ele>1289.0</ele>
    <time>2025-10-25T01:36:27Z</time>
    <extensions>
     <gpxtpx:TrackPointExtension>
      <gpxtpx:hr>166</gpxtpx:hr>
     </gpxtpx:TrackPointExtension>
    </extensions>
   </trkpt>
   <trkpt lat="27.6958630" lon="85.3139570">
    <ele>1289.0</ele>
    <time>2025-10-25T01:36:28Z</time>
    <extensions>
     <gpxtpx:TrackPointExtension>
      <gpxtpx:hr>166</gpxtpx:hr>
     </gpxtpx:TrackPointExtension>
    </extensions>
   </trkpt>
   <trkpt lat="27.6958330" lon="85.3139610">
    <ele>1288.8</ele>
    <time>2025-10-25T01:36:29Z</time>
    <extensions>
     <gpxtpx:TrackPointExtension>
      <gpxtpx:hr>166</gpxtpx:hr>
     </gpxtpx:TrackPointExtension>
    </extensions>
   </trkpt>
   <trkpt lat="27.6958040" lon="85.3139650">
    <ele>1288.6</ele>
    <time>2025-10-25T01:36:30Z</time>
    <extensions>
     <gpxtpx:TrackPointExtension>
      <gpxtpx:hr>166</gpxtpx:hr>
     </gpxtpx:TrackPointExtension>
    </extensions>
   </trkpt>
   <trkpt lat="27.6957740" lon="85.3139680">
    <ele>1288.4</ele>
    <time>2025-10-25T01:36:31Z</time>
    <extensions>
     <gpxtpx:TrackPointExtension>
      <gpxtpx:hr>166</gpxtpx:hr>
     </gpxtpx:TrackPointExtension>
    </extensions>
   </trkpt>
   <trkpt lat="27.6957450" lon="85.3139710">
    <ele>1288.4</ele>
    <time>2025-10-25T01:36:32Z</time>
    <extensions>
     <gpxtpx:TrackPointExtension>
      <gpxtpx:hr>166</gpxtpx:hr>
     </gpxtpx:TrackPointExtension>
    </extensions>
   </trkpt>
   <trkpt lat="27.6957160" lon="85.3139750">
    <ele>1288.2</ele>
    <time>2025-10-25T01:36:33Z</time>
    <extensions>
     <gpxtpx:TrackPointExtension>
      <gpxtpx:hr>166</gpxtpx:hr>
     </gpxtpx:TrackPointExtension>
    </extensions>
   </trkpt>
   <trkpt lat="27.6956870" lon="85.3139790">
    <ele>1288.0</ele>
    <time>2025-10-25T01:36:34Z</time>
    <extensions>
     <gpxtpx:TrackPointExtension>
      <gpxtpx:hr>166</gpxtpx:hr>
     </gpxtpx:TrackPointExtension>
    </extensions>
   </trkpt>
   <trkpt lat="27.6956580" lon="85.3139830">
    <ele>1288.0</ele>
    <time>2025-10-25T01:36:35Z</time>
    <extensions>
     <gpxtpx:TrackPointExtension>
      <gpxtpx:hr>166</gpxtpx:hr>
     </gpxtpx:TrackPointExtension>
    </extensions>
   </trkpt>
   <trkpt lat="27.6956280" lon="85.3139870">
    <ele>1287.8</ele>
    <time>2025-10-25T01:36:36Z</time>
    <extensions>
     <gpxtpx:TrackPointExtension>
      <gpxtpx:hr>166</gpxtpx:hr>
     </gpxtpx:TrackPointExtension>
    </extensions>
   </trkpt>
   <trkpt lat="27.6955990" lon="85.3139920">
    <ele>1287.6</ele>
    <time>2025-10-25T01:36:37Z</time>
    <extensions>
     <gpxtpx:TrackPointExtension>
      <gpxtpx:hr>166</gpxtpx:hr>
     </gpxtpx:TrackPointExtension>
    </extensions>
   </trkpt>
   <trkpt lat="27.6955690" lon="85.3139980">
    <ele>1287.6</ele>
    <time>2025-10-25T01:36:38Z</time>
    <extensions>
     <gpxtpx:TrackPointExtension>
      <gpxtpx:hr>166</gpxtpx:hr>
     </gpxtpx:TrackPointExtension>
    </extensions>
   </trkpt>
   <trkpt lat="27.6955390" lon="85.3140040">
    <ele>1287.4</ele>
    <time>2025-10-25T01:36:39Z</time>
    <extensions>
     <gpxtpx:TrackPointExtension>
      <gpxtpx:hr>166</gpxtpx:hr>
     </gpxtpx:TrackPointExtension>
    </extensions>
   </trkpt>
   <trkpt lat="27.6955090" lon="85.3140100">
    <ele>1287.2</ele>
    <time>2025-10-25T01:36:40Z</time>
    <extensions>
     <gpxtpx:TrackPointExtension>
      <gpxtpx:hr>166</gpxtpx:hr>
     </gpxtpx:TrackPointExtension>
    </extensions>
   </trkpt>
   <trkpt lat="27.6954790" lon="85.3140170">
    <ele>1287.2</ele>
    <time>2025-10-25T01:36:41Z</time>
    <extensions>
     <gpxtpx:TrackPointExtension>
      <gpxtpx:hr>166</gpxtpx:hr>
     </gpxtpx:TrackPointExtension>
    </extensions>
   </trkpt>
   <trkpt lat="27.6954500" lon="85.3140230">
    <ele>1287.0</ele>
    <time>2025-10-25T01:36:42Z</time>
    <extensions>
     <gpxtpx:TrackPointExtension>
      <gpxtpx:hr>166</gpxtpx:hr>
     </gpxtpx:TrackPointExtension>
    </extensions>
   </trkpt>
   <trkpt lat="27.6954190" lon="85.3140290">
    <ele>1287.0</ele>
    <time>2025-10-25T01:36:43Z</time>
    <extensions>
     <gpxtpx:TrackPointExtension>
      <gpxtpx:hr>166</gpxtpx:hr>
     </gpxtpx:TrackPointExtension>
    </extensions>
   </trkpt>
   <trkpt lat="27.6953890" lon="85.3140350">
    <ele>1286.8</ele>
    <time>2025-10-25T01:36:44Z</time>
    <extensions>
     <gpxtpx:TrackPointExtension>
      <gpxtpx:hr>166</gpxtpx:hr>
     </gpxtpx:TrackPointExtension>
    </extensions>
   </trkpt>
   <trkpt lat="27.6953600" lon="85.3140400">
    <ele>1286.6</ele>
    <time>2025-10-25T01:36:45Z</time>
    <extensions>
     <gpxtpx:TrackPointExtension>
      <gpxtpx:hr>166</gpxtpx:hr>
     </gpxtpx:TrackPointExtension>
    </extensions>
   </trkpt>
   <trkpt lat="27.6953310" lon="85.3140450">
    <ele>1286.6</ele>
    <time>2025-10-25T01:36:46Z</time>
    <extensions>
     <gpxtpx:TrackPointExtension>
      <gpxtpx:hr>166</gpxtpx:hr>
     </gpxtpx:TrackPointExtension>
    </extensions>
   </trkpt>
   <trkpt lat="27.6953030" lon="85.3140500">
    <ele>1286.4</ele>
    <time>2025-10-25T01:36:47Z</time>
    <extensions>
     <gpxtpx:TrackPointExtension>
      <gpxtpx:hr>166</gpxtpx:hr>
     </gpxtpx:TrackPointExtension>
    </extensions>
   </trkpt>
   <trkpt lat="27.6952760" lon="85.3140550">
    <ele>1286.4</ele>
    <time>2025-10-25T01:36:48Z</time>
    <extensions>
     <gpxtpx:TrackPointExtension>
      <gpxtpx:hr>166</gpxtpx:hr>
     </gpxtpx:TrackPointExtension>
    </extensions>
   </trkpt>
   <trkpt lat="27.6952500" lon="85.3140600">
    <ele>1286.2</ele>
    <time>2025-10-25T01:36:49Z</time>
    <extensions>
     <gpxtpx:TrackPointExtension>
      <gpxtpx:hr>166</gpxtpx:hr>
     </gpxtpx:TrackPointExtension>
    </extensions>
   </trkpt>
   <trkpt lat="27.6952230" lon="85.3140660">
    <ele>1286.2</ele>
    <time>2025-10-25T01:36:50Z</time>
    <extensions>
     <gpxtpx:TrackPointExtension>
      <gpxtpx:hr>166</gpxtpx:hr>
     </gpxtpx:TrackPointExtension>
    </extensions>
   </trkpt>
   <trkpt lat="27.6951950" lon="85.3140710">
    <ele>1286.0</ele>
    <time>2025-10-25T01:36:51Z</time>
    <extensions>
     <gpxtpx:TrackPointExtension>
      <gpxtpx:hr>166</gpxtpx:hr>
     </gpxtpx:TrackPointExtension>
    </extensions>
   </trkpt>
   <trkpt lat="27.6951670" lon="85.3140770">
    <ele>1285.8</ele>
    <time>2025-10-25T01:36:52Z</time>
    <extensions>
     <gpxtpx:TrackPointExtension>
      <gpxtpx:hr>166</gpxtpx:hr>
     </gpxtpx:TrackPointExtension>
    </extensions>
   </trkpt>
   <trkpt lat="27.6951370" lon="85.3140830">
    <ele>1285.8</ele>
    <time>2025-10-25T01:36:53Z</time>
    <extensions>
     <gpxtpx:TrackPointExtension>
      <gpxtpx:hr>166</gpxtpx:hr>
     </gpxtpx:TrackPointExtension>
    </extensions>
   </trkpt>
   <trkpt lat="27.6951070" lon="85.3140890">
    <ele>1285.6</ele>
    <time>2025-10-25T01:36:54Z</time>
    <extensions>
     <gpxtpx:TrackPointExtension>
      <gpxtpx:hr>166</gpxtpx:hr>
     </gpxtpx:TrackPointExtension>
    </extensions>
   </trkpt>
   <trkpt lat="27.6950770" lon="85.3140950">
    <ele>1285.6</ele>
    <time>2025-10-25T01:36:55Z</time>
    <extensions>
     <gpxtpx:TrackPointExtension>
      <gpxtpx:hr>166</gpxtpx:hr>
     </gpxtpx:TrackPointExtension>
    </extensions>
   </trkpt>
   <trkpt lat="27.6950470" lon="85.3141020">
    <ele>1285.6</ele>
    <time>2025-10-25T01:36:56Z</time>
    <extensions>
     <gpxtpx:TrackPointExtension>
      <gpxtpx:hr>166</gpxtpx:hr>
     </gpxtpx:TrackPointExtension>
    </extensions>
   </trkpt>
   <trkpt lat="27.6950180" lon="85.3141080">
    <ele>1285.4</ele>
    <time>2025-10-25T01:36:57Z</time>
    <extensions>
     <gpxtpx:TrackPointExtension>
      <gpxtpx:hr>166</gpxtpx:hr>
     </gpxtpx:TrackPointExtension>
    </extensions>
   </trkpt>
   <trkpt lat="27.6949880" lon="85.3141150">
    <ele>1285.4</ele>
    <time>2025-10-25T01:36:58Z</time>
    <extensions>
     <gpxtpx:TrackPointExtension>
      <gpxtpx:hr>166</gpxtpx:hr>
     </gpxtpx:TrackPointExtension>
    </extensions>
   </trkpt>
   <trkpt lat="27.6949590" lon="85.3141210">
    <ele>1285.2</ele>
    <time>2025-10-25T01:36:59Z</time>
    <extensions>
     <gpxtpx:TrackPointExtension>
      <gpxtpx:hr>166</gpxtpx:hr>
     </gpxtpx:TrackPointExtension>
    </extensions>
   </trkpt>
   <trkpt lat="27.6949300" lon="85.3141260">
    <ele>1285.2</ele>
    <time>2025-10-25T01:37:00Z</time>
    <extensions>
     <gpxtpx:TrackPointExtension>
      <gpxtpx:hr>166</gpxtpx:hr>
     </gpxtpx:TrackPointExtension>
    </extensions>
   </trkpt>
   <trkpt lat="27.6949000" lon="85.3141300">
    <ele>1285.0</ele>
    <time>2025-10-25T01:37:01Z</time>
    <extensions>
     <gpxtpx:TrackPointExtension>
      <gpxtpx:hr>166</gpxtpx:hr>
     </gpxtpx:TrackPointExtension>
    </extensions>
   </trkpt>
   <trkpt lat="27.6948700" lon="85.3141340">
    <ele>1285.0</ele>
    <time>2025-10-25T01:37:02Z</time>
    <extensions>
     <gpxtpx:TrackPointExtension>
      <gpxtpx:hr>166</gpxtpx:hr>
     </gpxtpx:TrackPointExtension>
    </extensions>
   </trkpt>
   <trkpt lat="27.6948400" lon="85.3141380">
    <ele>1285.0</ele>
    <time>2025-10-25T01:37:03Z</time>
    <extensions>
     <gpxtpx:TrackPointExtension>
      <gpxtpx:hr>166</gpxtpx:hr>
     </gpxtpx:TrackPointExtension>
    </extensions>
   </trkpt>
   <trkpt lat="27.6948110" lon="85.3141430">
    <ele>1284.8</ele>
    <time>2025-10-25T01:37:04Z</time>
    <extensions>
     <gpxtpx:TrackPointExtension>
      <gpxtpx:hr>166</gpxtpx:hr>
     </gpxtpx:TrackPointExtension>
    </extensions>
   </trkpt>
   <trkpt lat="27.6947810" lon="85.3141480">
    <ele>1284.8</ele>
    <time>2025-10-25T01:37:05Z</time>
    <extensions>
     <gpxtpx:TrackPointExtension>
      <gpxtpx:hr>166</gpxtpx:hr>
     </gpxtpx:TrackPointExtension>
    </extensions>
   </trkpt>
   <trkpt lat="27.6947520" lon="85.3141540">
    <ele>1284.6</ele>
    <time>2025-10-25T01:37:06Z</time>
    <extensions>
     <gpxtpx:TrackPointExtension>
      <gpxtpx:hr>166</gpxtpx:hr>
     </gpxtpx:TrackPointExtension>
    </extensions>
   </trkpt>
   <trkpt lat="27.6947220" lon="85.3141590">
    <ele>1284.6</ele>
    <time>2025-10-25T01:37:07Z</time>
    <extensions>
     <gpxtpx:TrackPointExtension>
      <gpxtpx:hr>166</gpxtpx:hr>
     </gpxtpx:TrackPointExtension>
    </extensions>
   </trkpt>
   <trkpt lat="27.6946930" lon="85.3141650">
    <ele>1284.6</ele>
    <time>2025-10-25T01:37:08Z</time>
    <extensions>
     <gpxtpx:TrackPointExtension>
      <gpxtpx:hr>166</gpxtpx:hr>
     </gpxtpx:TrackPointExtension>
    </extensions>
   </trkpt>
   <trkpt lat="27.6946640" lon="85.3141700">
    <ele>1284.4</ele>
    <time>2025-10-25T01:37:09Z</time>
    <extensions>
     <gpxtpx:TrackPointExtension>
      <gpxtpx:hr>166</gpxtpx:hr>
     </gpxtpx:TrackPointExtension>
    </extensions>
   </trkpt>
   <trkpt lat="27.6946340" lon="85.3141760">
    <ele>1284.4</ele>
    <time>2025-10-25T01:37:10Z</time>
    <extensions>
     <gpxtpx:TrackPointExtension>
      <gpxtpx:hr>166</gpxtpx:hr>
     </gpxtpx:TrackPointExtension>
    </extensions>
   </trkpt>
   <trkpt lat="27.6946030" lon="85.3141810">
    <ele>1284.4</ele>
    <time>2025-10-25T01:37:11Z</time>
    <extensions>
     <gpxtpx:TrackPointExtension>
      <gpxtpx:hr>166</gpxtpx:hr>
     </gpxtpx:TrackPointExtension>
    </extensions>
   </trkpt>
   <trkpt lat="27.6945720" lon="85.3141850">
    <ele>1284.4</ele>
    <time>2025-10-25T01:37:12Z</time>
    <extensions>
     <gpxtpx:TrackPointExtension>
      <gpxtpx:hr>166</gpxtpx:hr>
     </gpxtpx:TrackPointExtension>
    </extensions>
   </trkpt>
   <trkpt lat="27.6945410" lon="85.3141890">
    <ele>1284.4</ele>
    <time>2025-10-25T01:37:13Z</time>
    <extensions>
     <gpxtpx:TrackPointExtension>
      <gpxtpx:hr>166</gpxtpx:hr>
     </gpxtpx:TrackPointExtension>
    </extensions>
   </trkpt>
   <trkpt lat="27.6945110" lon="85.3141930">
    <ele>1284.4</ele>
    <time>2025-10-25T01:37:14Z</time>
    <extensions>
     <gpxtpx:TrackPointExtension>
      <gpxtpx:hr>166</gpxtpx:hr>
     </gpxtpx:TrackPointExtension>
    </extensions>
   </trkpt>
   <trkpt lat="27.6944810" lon="85.3141960">
    <ele>1284.4</ele>
    <time>2025-10-25T01:37:15Z</time>
    <extensions>
     <gpxtpx:TrackPointExtension>
      <gpxtpx:hr>166</gpxtpx:hr>
     </gpxtpx:TrackPointExtension>
    </extensions>
   </trkpt>
   <trkpt lat="27.6944520" lon="85.3141990">
    <ele>1284.4</ele>
    <time>2025-10-25T01:37:16Z</time>
    <extensions>
     <gpxtpx:TrackPointExtension>
      <gpxtpx:hr>166</gpxtpx:hr>
     </gpxtpx:TrackPointExtension>
    </extensions>
   </trkpt>
   <trkpt lat="27.6944230" lon="85.3142020">
    <ele>1284.4</ele>
    <time>2025-10-25T01:37:17Z</time>
    <extensions>
     <gpxtpx:TrackPointExtension>
      <gpxtpx:hr>166</gpxtpx:hr>
     </gpxtpx:TrackPointExtension>
    </extensions>
   </trkpt>
   <trkpt lat="27.6943940" lon="85.3142050">
    <ele>1284.4</ele>
    <time>2025-10-25T01:37:18Z</time>
    <extensions>
     <gpxtpx:TrackPointExtension>
      <gpxtpx:hr>166</gpxtpx:hr>
     </gpxtpx:TrackPointExtension>
    </extensions>
   </trkpt>
   <trkpt lat="27.6943650" lon="85.3142070">
    <ele>1284.2</ele>
    <time>2025-10-25T01:37:19Z</time>
    <extensions>
     <gpxtpx:TrackPointExtension>
      <gpxtpx:hr>166</gpxtpx:hr>
     </gpxtpx:TrackPointExtension>
    </extensions>
   </trkpt>
   <trkpt lat="27.6943370" lon="85.3142090">
    <ele>1284.2</ele>
    <time>2025-10-25T01:37:20Z</time>
    <extensions>
     <gpxtpx:TrackPointExtension>
      <gpxtpx:hr>166</gpxtpx:hr>
     </gpxtpx:TrackPointExtension>
    </extensions>
   </trkpt>
   <trkpt lat="27.6943090" lon="85.3142120">
    <ele>1284.2</ele>
    <time>2025-10-25T01:37:21Z</time>
    <extensions>
     <gpxtpx:TrackPointExtension>
      <gpxtpx:hr>166</gpxtpx:hr>
     </gpxtpx:TrackPointExtension>
    </extensions>
   </trkpt>
   <trkpt lat="27.6942810" lon="85.3142150">
    <ele>1284.0</ele>
    <time>2025-10-25T01:37:22Z</time>
    <extensions>
     <gpxtpx:TrackPointExtension>
      <gpxtpx:hr>166</gpxtpx:hr>
     </gpxtpx:TrackPointExtension>
    </extensions>
   </trkpt>
   <trkpt lat="27.6942540" lon="85.3142190">
    <ele>1284.0</ele>
    <time>2025-10-25T01:37:23Z</time>
    <extensions>
     <gpxtpx:TrackPointExtension>
      <gpxtpx:hr>166</gpxtpx:hr>
     </gpxtpx:TrackPointExtension>
    </extensions>
   </trkpt>
   <trkpt lat="27.6942270" lon="85.3142230">
    <ele>1283.8</ele>
    <time>2025-10-25T01:37:24Z</time>
    <extensions>
     <gpxtpx:TrackPointExtension>
      <gpxtpx:hr>166</gpxtpx:hr>
     </gpxtpx:TrackPointExtension>
    </extensions>
   </trkpt>
   <trkpt lat="27.6942010" lon="85.3142280">
    <ele>1283.6</ele>
    <time>2025-10-25T01:37:25Z</time>
    <extensions>
     <gpxtpx:TrackPointExtension>
      <gpxtpx:hr>166</gpxtpx:hr>
     </gpxtpx:TrackPointExtension>
    </extensions>
   </trkpt>
   <trkpt lat="27.6941740" lon="85.3142350">
    <ele>1283.4</ele>
    <time>2025-10-25T01:37:26Z</time>
    <extensions>
     <gpxtpx:TrackPointExtension>
      <gpxtpx:hr>166</gpxtpx:hr>
     </gpxtpx:TrackPointExtension>
    </extensions>
   </trkpt>
   <trkpt lat="27.6941480" lon="85.3142440">
    <ele>1283.2</ele>
    <time>2025-10-25T01:37:27Z</time>
    <extensions>
     <gpxtpx:TrackPointExtension>
      <gpxtpx:hr>166</gpxtpx:hr>
     </gpxtpx:TrackPointExtension>
    </extensions>
   </trkpt>
   <trkpt lat="27.6941240" lon="85.3142530">
    <ele>1282.8</ele>
    <time>2025-10-25T01:37:28Z</time>
    <extensions>
     <gpxtpx:TrackPointExtension>
      <gpxtpx:hr>166</gpxtpx:hr>
     </gpxtpx:TrackPointExtension>
    </extensions>
   </trkpt>
   <trkpt lat="27.6941000" lon="85.3142650">
    <ele>1282.4</ele>
    <time>2025-10-25T01:37:29Z</time>
    <extensions>
     <gpxtpx:TrackPointExtension>
      <gpxtpx:hr>166</gpxtpx:hr>
     </gpxtpx:TrackPointExtension>
    </extensions>
   </trkpt>
   <trkpt lat="27.6940770" lon="85.3142780">
    <ele>1282.0</ele>
    <time>2025-10-25T01:37:30Z</time>
    <extensions>
     <gpxtpx:TrackPointExtension>
      <gpxtpx:hr>166</gpxtpx:hr>
     </gpxtpx:TrackPointExtension>
    </extensions>
   </trkpt>
   <trkpt lat="27.6940550" lon="85.3142920">
    <ele>1281.6</ele>
    <time>2025-10-25T01:37:31Z</time>
    <extensions>
     <gpxtpx:TrackPointExtension>
      <gpxtpx:hr>166</gpxtpx:hr>
     </gpxtpx:TrackPointExtension>
    </extensions>
   </trkpt>
   <trkpt lat="27.6940350" lon="85.3143070">
    <ele>1281.2</ele>
    <time>2025-10-25T01:37:32Z</time>
    <extensions>
     <gpxtpx:TrackPointExtension>
      <gpxtpx:hr>166</gpxtpx:hr>
     </gpxtpx:TrackPointExtension>
    </extensions>
   </trkpt>
   <trkpt lat="27.6940170" lon="85.3143220">
    <ele>1280.6</ele>
    <time>2025-10-25T01:37:33Z</time>
    <extensions>
     <gpxtpx:TrackPointExtension>
      <gpxtpx:hr>166</gpxtpx:hr>
     </gpxtpx:TrackPointExtension>
    </extensions>
   </trkpt>
   <trkpt lat="27.6940020" lon="85.3143370">
    <ele>1280.2</ele>
    <time>2025-10-25T01:37:34Z</time>
    <extensions>
     <gpxtpx:TrackPointExtension>
      <gpxtpx:hr>166</gpxtpx:hr>
     </gpxtpx:TrackPointExtension>
    </extensions>
   </trkpt>
   <trkpt lat="27.6939890" lon="85.3143520">
    <ele>1279.6</ele>
    <time>2025-10-25T01:37:35Z</time>
    <extensions>
     <gpxtpx:TrackPointExtension>
      <gpxtpx:hr>166</gpxtpx:hr>
     </gpxtpx:TrackPointExtension>
    </extensions>
   </trkpt>
   <trkpt lat="27.6939770" lon="85.3143660">
    <ele>1279.2</ele>
    <time>2025-10-25T01:37:36Z</time>
    <extensions>
     <gpxtpx:TrackPointExtension>
      <gpxtpx:hr>166</gpxtpx:hr>
     </gpxtpx:TrackPointExtension>
    </extensions>
   </trkpt>
  </trkseg>
 </trk>
</gpx>
